sample_id,pLDDT,pTM
sample_1,90.8,0.852
sample_2,91.0,0.854
sample_3,90.4,0.837
sample_4,91.5,0.848
sample_5,90.3,0.840
sample_6,91.1,0.851
sample_7,89.8,0.825
sample_8,91.4,0.859
sample_9,91.3,0.842
sample_10,92.7,0.859
sample_11,90.5,0.844
sample_12,90.1,0.829
sample_13,91.8,0.854
sample_14,91.2,0.852
sample_15,92.2,0.851
sample_16,90.5,0.845
sample_17,90.7,0.840
sample_18,92.1,0.861
sample_19,91.0,0.847
sample_20,91.5,0.856
sample_21,90.3,0.837
sample_22,90.0,0.844
sample_23,90.3,0.850
sample_24,91.5,0.857
sample_25,91.5,0.857
sample_26,91.5,0.857
sample_27,91.2,0.853
sample_28,91.5,0.846
sample_29,91.0,0.852
sample_30,91.0,0.851
sample_31,91.2,0.843
sample_32,93.1,0.864
sample_33,91.0,0.852
sample_34,91.6,0.849
sample_35,91.2,0.844
sample_36,90.9,0.850
sample_37,89.6,0.829
sample_38,92.0,0.852
sample_39,89.9,0.849
sample_40,91.0,0.844
sample_41,92.2,0.853
sample_42,92.1,0.850
sample_43,91.2,0.855
sample_44,89.2,0.818
sample_45,91.5,0.860
sample_46,91.7,0.858
sample_47,90.2,0.848
sample_48,92.0,0.847
sample_49,91.5,0.858
sample_50,91.4,0.845
sample_51,91.3,0.848
sample_52,90.4,0.849
sample_53,91.2,0.849
sample_54,90.7,0.839
sample_55,91.4,0.858
sample_56,90.5,0.847
sample_57,90.1,0.840
sample_58,91.7,0.858
sample_59,90.7,0.844
sample_60,91.8,0.857
sample_61,91.4,0.845
sample_62,92.0,0.858
sample_63,92.3,0.857
sample_64,90.5,0.840
sample_65,91.3,0.845
sample_66,91.5,0.842
sample_67,90.5,0.854
sample_68,92.8,0.860
sample_69,91.1,0.860
sample_70,91.5,0.850
sample_71,90.7,0.843
sample_72,91.2,0.841
sample_73,90.3,0.850
sample_74,92.1,0.862
sample_75,92.0,0.858
sample_76,90.4,0.836
sample_77,89.9,0.841
sample_78,91.8,0.860
sample_79,90.5,0.846
sample_80,91.5,0.851
sample_81,91.3,0.850
sample_82,91.8,0.854
sample_83,90.7,0.844
sample_84,91.3,0.846
sample_85,91.5,0.838
sample_86,92.2,0.856
sample_87,91.7,0.847
sample_88,91.8,0.857
sample_89,91.6,0.853
sample_90,90.8,0.852
sample_91,91.8,0.851
sample_92,89.6,0.819
sample_93,91.9,0.857
sample_94,91.2,0.862
sample_95,91.1,0.855
sample_96,91.3,0.851
sample_97,91.3,0.857
sample_98,91.8,0.858
sample_99,92.0,0.850
sample_100,91.7,0.852
sample_101,91.7,0.857
sample_102,91.9,0.851
sample_103,92.1,0.850
sample_104,91.5,0.856
sample_105,91.4,0.856
sample_106,91.6,0.858
sample_107,90.3,0.845
sample_108,90.4,0.844
sample_109,90.2,0.844
sample_110,90.1,0.836
sample_111,92.6,0.855
sample_112,89.8,0.846
sample_113,90.7,0.837
sample_114,90.1,0.836
sample_115,91.9,0.855
sample_116,90.6,0.846
sample_117,89.9,0.839
sample_118,91.6,0.852
sample_119,92.2,0.850
sample_120,91.7,0.854
sample_121,91.0,0.849
sample_122,91.8,0.856
sample_123,90.8,0.850
sample_124,91.2,0.850
sample_125,91.0,0.856
sample_126,91.7,0.846
sample_127,91.4,0.838
sample_128,92.1,0.856
sample_129,91.6,0.854
sample_130,90.7,0.846
sample_131,92.3,0.850
sample_132,90.1,0.839
sample_133,91.2,0.856
sample_134,91.0,0.846
sample_135,90.9,0.845
sample_136,90.3,0.848
sample_137,91.7,0.856
sample_138,91.0,0.846
sample_139,92.4,0.860
sample_140,90.9,0.844
sample_141,91.1,0.857
sample_142,92.4,0.862
sample_143,92.0,0.856
sample_144,90.8,0.847
sample_145,91.5,0.848
sample_146,91.0,0.849
sample_147,91.9,0.849
sample_148,91.7,0.847
sample_149,90.8,0.853
sample_150,91.6,0.839
sample_151,91.8,0.851
sample_152,92.3,0.858
sample_153,91.0,0.845
sample_154,91.2,0.843
sample_155,92.5,0.854
sample_156,92.0,0.862
sample_157,89.1,0.824
sample_158,90.5,0.846
sample_159,91.5,0.848
sample_160,91.4,0.848
sample_161,91.1,0.852
sample_162,91.6,0.861
sample_163,91.7,0.853
sample_164,89.9,0.841
sample_165,92.5,0.853
sample_166,91.7,0.855
sample_167,91.4,0.850
sample_168,90.8,0.837
sample_169,92.2,0.847
sample_170,90.9,0.845
sample_171,92.7,0.861
sample_172,91.6,0.854
sample_173,91.3,0.852
sample_174,89.7,0.830
sample_175,92.0,0.854
sample_176,92.7,0.861
sample_177,91.4,0.858
sample_178,90.4,0.837
sample_179,91.1,0.854
sample_180,90.4,0.845
sample_181,92.3,0.857
sample_182,90.7,0.844
sample_183,91.4,0.855
sample_184,91.7,0.845
sample_185,91.7,0.855
sample_186,92.3,0.866
sample_187,91.7,0.848
sample_188,91.1,0.861
sample_189,90.5,0.845
sample_190,91.5,0.838
sample_191,91.1,0.841
sample_192,91.3,0.853
sample_193,91.9,0.853
sample_194,90.7,0.857
sample_195,91.5,0.857
sample_196,92.1,0.851
sample_197,91.2,0.847
sample_198,90.6,0.848
sample_199,91.7,0.860
sample_200,91.0,0.851
sample_201,90.9,0.843
sample_202,91.9,0.851
sample_203,90.8,0.846
sample_204,89.1,0.838
sample_205,92.5,0.863
sample_206,91.1,0.852
sample_207,89.7,0.841
sample_208,91.1,0.844
sample_209,90.7,0.856
sample_210,91.8,0.849
sample_211,91.7,0.860
sample_212,91.5,0.854
sample_213,91.0,0.850
sample_214,91.9,0.860
sample_215,90.1,0.852
sample_216,91.3,0.845
sample_217,91.3,0.857
sample_218,91.0,0.852
sample_219,90.3,0.839
sample_220,92.1,0.862
sample_221,91.3,0.849
sample_222,91.3,0.856
sample_223,89.6,0.840
sample_224,91.1,0.858
sample_225,91.2,0.844
sample_226,90.8,0.850
sample_227,90.6,0.841
sample_228,92.2,0.851
sample_229,91.5,0.852
sample_230,91.3,0.848
sample_231,92.8,0.851
sample_232,91.3,0.852
sample_233,91.9,0.859
sample_234,92.0,0.859
sample_235,90.9,0.839
sample_236,90.2,0.838
sample_237,91.3,0.851
sample_238,90.8,0.849
sample_239,89.9,0.845
sample_240,91.5,0.848
sample_241,91.7,0.853
sample_242,90.6,0.835
sample_243,91.4,0.846
sample_244,91.6,0.857
sample_245,91.4,0.845
sample_246,90.8,0.847
sample_247,90.4,0.843
sample_248,90.3,0.841
sample_249,91.1,0.844
sample_250,90.5,0.844
sample_251,91.9,0.854
sample_252,90.6,0.846
sample_253,90.6,0.846
sample_254,91.3,0.854
sample_255,90.8,0.845
sample_256,91.6,0.852
sample_257,91.8,0.857
sample_258,90.7,0.832
sample_259,91.0,0.841
sample_260,90.6,0.849
sample_261,90.5,0.834
sample_262,90.8,0.843
sample_263,91.2,0.842
sample_264,89.2,0.840
sample_265,91.8,0.856
sample_266,91.3,0.852
sample_267,91.3,0.848
sample_268,91.3,0.845
sample_269,91.8,0.859
sample_270,92.2,0.854
sample_271,91.8,0.849
sample_272,90.9,0.842
sample_273,90.8,0.846
sample_274,92.0,0.866
sample_275,90.1,0.840
sample_276,90.6,0.851
sample_277,91.1,0.845
sample_278,90.4,0.856
sample_279,91.5,0.855
sample_280,90.6,0.842
sample_281,90.4,0.846
sample_282,91.9,0.858
sample_283,91.4,0.853
sample_284,92.0,0.849
sample_285,90.4,0.850
sample_286,91.0,0.854
sample_287,91.0,0.844
sample_288,91.3,0.852
sample_289,92.2,0.860
sample_290,92.2,0.861
sample_291,91.6,0.853
sample_292,91.2,0.850
sample_293,91.2,0.853
sample_294,91.2,0.848
sample_295,91.6,0.851
sample_296,92.3,0.860
sample_297,92.2,0.851
sample_298,92.5,0.855
sample_299,91.3,0.842
sample_300,91.1,0.839
sample_301,91.7,0.855
sample_302,90.6,0.847
sample_303,90.8,0.855
sample_304,92.1,0.858
sample_305,92.2,0.859
sample_306,90.6,0.853
sample_307,90.5,0.845
sample_308,91.4,0.858
sample_309,90.7,0.843
sample_310,90.5,0.846
sample_311,90.3,0.838
sample_312,91.4,0.859
sample_313,91.0,0.842
sample_314,91.0,0.855
sample_315,92.3,0.846
sample_316,90.6,0.834
sample_317,91.7,0.853
sample_318,90.1,0.841
sample_319,91.1,0.852
sample_320,90.9,0.851
sample_321,91.4,0.853
sample_322,91.9,0.857
sample_323,90.5,0.845
sample_324,90.8,0.846
sample_325,90.2,0.840
sample_326,90.2,0.845
sample_327,90.2,0.832
sample_328,91.3,0.853
sample_329,91.4,0.850
sample_330,91.4,0.859
sample_331,90.6,0.851
sample_332,90.7,0.846
sample_333,91.7,0.853
sample_334,91.0,0.848
sample_335,90.0,0.843
sample_336,91.0,0.845
sample_337,90.5,0.843
sample_338,90.0,0.835
sample_339,92.5,0.851
sample_340,91.0,0.845
sample_341,90.1,0.840
sample_342,91.1,0.850
sample_343,92.0,0.855
sample_344,91.5,0.849
sample_345,91.2,0.850
sample_346,91.2,0.846
sample_347,91.5,0.844
sample_348,90.8,0.838
sample_349,91.6,0.844
sample_350,92.1,0.857
sample_351,90.8,0.851
sample_352,92.0,0.857
sample_353,91.7,0.852
sample_354,91.0,0.845
sample_355,91.0,0.844
sample_356,91.7,0.851
sample_357,92.1,0.859
sample_358,91.4,0.855
sample_359,90.7,0.859
sample_360,90.6,0.839
sample_361,91.5,0.847
sample_362,90.9,0.853
sample_363,91.6,0.855
sample_364,91.4,0.851
sample_365,92.0,0.857
sample_366,91.5,0.853
sample_367,90.0,0.846
sample_368,92.4,0.859
sample_369,90.0,0.842
sample_370,91.2,0.846
sample_371,91.2,0.846
sample_372,90.4,0.848
sample_373,91.0,0.847
sample_374,91.0,0.850
sample_375,91.2,0.851
sample_376,89.9,0.842
sample_377,91.9,0.856
sample_378,91.5,0.852
sample_379,91.2,0.853
sample_380,91.5,0.853
sample_381,91.6,0.852
sample_382,90.3,0.847
sample_383,90.8,0.853
sample_384,90.0,0.838
sample_385,91.3,0.840
sample_386,91.7,0.855
sample_387,91.5,0.856
sample_388,91.9,0.854
sample_389,91.9,0.859
sample_390,91.4,0.854
sample_391,91.6,0.855
sample_392,91.3,0.847
sample_393,90.5,0.846
sample_394,91.7,0.857
sample_395,91.3,0.855
sample_396,90.4,0.843
sample_397,91.4,0.857
sample_398,91.9,0.854
sample_399,92.1,0.852
sample_400,91.0,0.848
sample_401,91.3,0.835
sample_402,90.9,0.851
sample_403,90.1,0.841
sample_404,90.8,0.839
sample_405,89.3,0.845
sample_406,90.1,0.839
sample_407,92.2,0.851
sample_408,90.7,0.843
sample_409,90.6,0.839
sample_410,89.3,0.821
sample_411,90.8,0.842
sample_412,91.3,0.852
sample_413,91.5,0.852
sample_414,90.8,0.843
sample_415,92.3,0.854
sample_416,91.1,0.851
sample_417,90.0,0.845
sample_418,90.3,0.835
sample_419,90.7,0.854
sample_420,91.6,0.848
sample_421,92.0,0.860
sample_422,91.9,0.852
sample_423,91.7,0.858
sample_424,91.6,0.853
sample_425,90.9,0.857
sample_426,91.3,0.858
sample_427,91.5,0.860
sample_428,91.5,0.858
sample_429,90.7,0.837
sample_430,90.6,0.853
sample_431,91.2,0.853
sample_432,91.1,0.845
sample_433,90.2,0.838
sample_434,91.6,0.854
sample_435,90.3,0.843
sample_436,91.5,0.854
sample_437,90.7,0.846
sample_438,91.4,0.862
sample_439,91.2,0.852
sample_440,89.9,0.820
sample_441,90.9,0.851
sample_442,91.1,0.853
sample_443,91.2,0.851
sample_444,91.4,0.849
sample_445,90.7,0.843
sample_446,91.2,0.853
sample_447,91.7,0.853
sample_448,91.8,0.854
sample_449,91.3,0.854
sample_450,91.4,0.848
sample_451,91.3,0.852
sample_452,90.7,0.846
sample_453,91.9,0.856
sample_454,90.4,0.840
sample_455,89.5,0.824
sample_456,91.4,0.855
sample_457,90.2,0.842
sample_458,90.8,0.851
sample_459,91.1,0.852
sample_460,90.3,0.830
sample_461,92.2,0.854
sample_462,91.6,0.852
sample_463,91.3,0.851
sample_464,90.3,0.850
sample_465,90.3,0.844
sample_466,92.3,0.861
sample_467,91.3,0.855
sample_468,90.8,0.848
sample_469,92.1,0.849
sample_470,90.7,0.855
sample_471,91.2,0.853
sample_472,91.2,0.850
sample_473,90.7,0.838
sample_474,92.4,0.845
sample_475,90.6,0.851
sample_476,91.8,0.849
sample_477,91.7,0.857
sample_478,92.0,0.855
sample_479,90.9,0.843
sample_480,92.1,0.860
sample_481,91.8,0.853
sample_482,89.9,0.844
sample_483,92.5,0.861
sample_484,91.4,0.848
sample_485,89.9,0.823
sample_486,91.4,0.835
sample_487,91.4,0.855
sample_488,91.7,0.857
sample_489,93.2,0.857
sample_490,91.3,0.855
sample_491,91.3,0.845
sample_492,91.3,0.850
sample_493,91.4,0.845
sample_494,91.6,0.853
sample_495,90.4,0.843
sample_496,91.0,0.850
sample_497,92.2,0.858
sample_498,90.4,0.844
sample_499,89.9,0.839
sample_500,91.1,0.848
sample_501,89.9,0.833
sample_502,92.0,0.856
sample_503,91.7,0.853
sample_504,91.4,0.854
sample_505,90.1,0.845
sample_506,91.6,0.855
sample_507,90.6,0.837
sample_508,90.7,0.849
sample_509,90.6,0.849
sample_510,89.4,0.850
sample_511,90.4,0.838
sample_512,90.0,0.830
sample_513,91.5,0.858
sample_514,93.1,0.857
sample_515,92.2,0.862
sample_516,92.2,0.856
sample_517,91.4,0.847
sample_518,90.6,0.858
sample_519,91.0,0.853
sample_520,91.6,0.850
sample_521,91.0,0.850
sample_522,91.1,0.845
sample_523,91.0,0.846
sample_524,91.9,0.856
sample_525,91.7,0.857
sample_526,91.3,0.855
sample_527,91.2,0.849
sample_528,91.6,0.850
sample_529,91.5,0.848
sample_530,90.1,0.835
sample_531,91.4,0.839
sample_532,91.3,0.856
sample_533,91.6,0.853
sample_534,90.1,0.846
sample_535,91.2,0.853
sample_536,91.3,0.855
sample_537,91.0,0.846
sample_538,91.8,0.854
sample_539,90.6,0.852
sample_540,91.4,0.843
sample_541,90.2,0.828
sample_542,91.3,0.847
sample_543,90.8,0.849
sample_544,90.9,0.853
sample_545,92.4,0.865
sample_546,91.8,0.853
sample_547,91.6,0.852
sample_548,91.6,0.854
sample_549,90.9,0.843
sample_550,91.2,0.846
sample_551,92.0,0.855
sample_552,91.6,0.852
sample_553,91.7,0.847
sample_554,91.7,0.854
sample_555,91.5,0.852
sample_556,91.6,0.854
sample_557,91.6,0.857
sample_558,92.1,0.853
sample_559,91.1,0.848
sample_560,92.2,0.846
sample_561,92.1,0.858
sample_562,90.7,0.849
sample_563,90.6,0.848
sample_564,91.9,0.853
sample_565,92.2,0.860
sample_566,90.0,0.845
sample_567,91.3,0.848
sample_568,90.9,0.848
sample_569,91.2,0.855
sample_570,91.1,0.847
sample_571,91.0,0.848
sample_572,91.0,0.851
sample_573,89.3,0.831
sample_574,90.5,0.838
sample_575,91.9,0.857
sample_576,90.5,0.852
sample_577,91.4,0.851
sample_578,92.1,0.857
sample_579,91.6,0.855
sample_580,91.1,0.850
sample_581,90.7,0.850
sample_582,91.3,0.857
sample_583,92.6,0.859
sample_584,91.3,0.844
sample_585,91.0,0.856
sample_586,91.6,0.853
sample_587,91.9,0.858
sample_588,90.3,0.843
sample_589,92.1,0.862
sample_590,90.7,0.851
sample_591,92.7,0.854
sample_592,91.2,0.847
sample_593,90.4,0.842
sample_594,91.2,0.854
sample_595,90.4,0.843
sample_596,92.0,0.854
sample_597,91.6,0.847
sample_598,91.6,0.854
sample_599,90.9,0.834
sample_600,91.4,0.856
sample_601,91.3,0.850
sample_602,92.3,0.852
sample_603,91.8,0.848
sample_604,91.1,0.856
sample_605,91.3,0.845
sample_606,91.7,0.848
sample_607,90.4,0.852
sample_608,90.3,0.849
sample_609,92.4,0.861
sample_610,91.3,0.860
sample_611,91.1,0.853
sample_612,91.1,0.854
sample_613,90.7,0.853
sample_614,92.2,0.857
sample_615,92.3,0.859
sample_616,91.3,0.840
sample_617,90.7,0.846
sample_618,90.9,0.847
sample_619,90.9,0.851
sample_620,92.1,0.860
sample_621,91.4,0.859
sample_622,90.3,0.838
sample_623,92.3,0.854
sample_624,90.3,0.842
sample_625,92.3,0.853
sample_626,90.4,0.835
sample_627,91.0,0.841
sample_628,90.2,0.835
sample_629,90.8,0.848
sample_630,90.8,0.852
sample_631,90.4,0.852
sample_632,90.3,0.837
sample_633,91.2,0.854
sample_634,91.5,0.837
sample_635,89.8,0.827
sample_636,92.3,0.853
sample_637,90.5,0.848
sample_638,90.7,0.854
sample_639,89.9,0.847
sample_640,91.2,0.853
sample_641,91.3,0.855
sample_642,91.4,0.848
sample_643,91.5,0.856
sample_644,91.6,0.850
sample_645,91.4,0.850
sample_646,91.4,0.851
sample_647,91.2,0.855
sample_648,91.4,0.857
sample_649,90.3,0.845
sample_650,91.2,0.843
sample_651,91.1,0.842
sample_652,92.4,0.862
sample_653,91.3,0.852
sample_654,91.5,0.850
sample_655,91.3,0.853
sample_656,90.9,0.844
sample_657,91.5,0.856
sample_658,90.9,0.846
sample_659,91.7,0.855
sample_660,90.8,0.851
sample_661,90.2,0.842
sample_662,90.1,0.840
sample_663,91.7,0.854
sample_664,91.2,0.841
sample_665,91.5,0.855
sample_666,92.6,0.860
sample_667,91.4,0.852
sample_668,91.2,0.848
sample_669,91.1,0.840
sample_670,91.8,0.858
sample_671,91.4,0.850
sample_672,90.8,0.848
sample_673,91.6,0.855
sample_674,90.8,0.848
sample_675,91.0,0.847
sample_676,90.8,0.856
sample_677,90.4,0.837
sample_678,91.8,0.859
sample_679,90.8,0.841
sample_680,90.0,0.842
sample_681,91.6,0.857
sample_682,90.5,0.834
sample_683,92.3,0.853
sample_684,91.8,0.857
sample_685,91.5,0.858
sample_686,91.2,0.849
sample_687,91.2,0.857
sample_688,91.3,0.844
sample_689,91.8,0.857
sample_690,92.4,0.861
sample_691,89.5,0.842
sample_692,90.6,0.857
sample_693,90.4,0.846
sample_694,91.1,0.864
sample_695,91.2,0.847
sample_696,91.2,0.846
sample_697,91.4,0.850
sample_698,90.4,0.855
sample_699,90.6,0.844
sample_700,90.2,0.851
sample_701,89.6,0.837
sample_702,91.2,0.847
sample_703,92.4,0.866
sample_704,91.6,0.860
sample_705,91.3,0.856
sample_706,91.6,0.858
sample_707,91.6,0.853
sample_708,91.1,0.848
sample_709,90.1,0.841
sample_710,90.8,0.846
sample_711,90.6,0.844
sample_712,91.2,0.857
sample_713,91.6,0.847
sample_714,92.3,0.855
sample_715,91.7,0.845
sample_716,91.9,0.854
sample_717,91.0,0.857
sample_718,91.1,0.848
sample_719,90.0,0.854
sample_720,91.3,0.850
sample_721,91.8,0.850
sample_722,91.2,0.841
sample_723,91.4,0.851
sample_724,91.3,0.845
sample_725,91.1,0.852
sample_726,91.0,0.837
sample_727,92.5,0.853
sample_728,91.7,0.851
sample_729,90.8,0.839
sample_730,91.8,0.851
sample_731,90.8,0.852
sample_732,92.0,0.858
sample_733,91.2,0.849
sample_734,92.3,0.862
sample_735,91.6,0.859
sample_736,91.8,0.846
sample_737,91.0,0.854
sample_738,91.9,0.853
sample_739,89.8,0.847
sample_740,91.3,0.853
sample_741,91.1,0.850
sample_742,92.2,0.856
sample_743,91.5,0.856
sample_744,91.0,0.856
sample_745,89.6,0.837
sample_746,91.3,0.850
sample_747,91.8,0.851
sample_748,91.9,0.856
sample_749,90.8,0.850
sample_750,91.4,0.858
sample_751,90.5,0.844
sample_752,91.1,0.855
sample_753,91.4,0.853
sample_754,91.2,0.853
sample_755,91.5,0.853
sample_756,91.4,0.852
sample_757,90.8,0.833
sample_758,91.0,0.847
sample_759,92.1,0.855
sample_760,92.4,0.852
sample_761,91.0,0.852
sample_762,91.3,0.857
sample_763,91.7,0.851
sample_764,89.8,0.843
sample_765,91.0,0.842
sample_766,91.6,0.851
sample_767,90.5,0.847
sample_768,91.5,0.851
sample_769,92.2,0.851
sample_770,92.4,0.855
sample_771,91.8,0.858
sample_772,92.2,0.858
sample_773,89.6,0.824
sample_774,89.5,0.844
sample_775,90.9,0.847
sample_776,91.1,0.845
sample_777,91.6,0.845
sample_778,91.3,0.854
sample_779,91.5,0.857
sample_780,92.0,0.860
sample_781,91.5,0.853
sample_782,89.9,0.836
sample_783,91.4,0.847
sample_784,91.7,0.850
sample_785,90.9,0.849
sample_786,90.7,0.848
sample_787,90.4,0.842
sample_788,92.6,0.859
sample_789,90.8,0.849
sample_790,90.8,0.844
sample_791,91.3,0.844
sample_792,91.1,0.840
sample_793,89.7,0.839
sample_794,89.1,0.835
sample_795,91.4,0.856
sample_796,92.1,0.856
sample_797,91.5,0.852
sample_798,90.9,0.852
sample_799,92.1,0.853
sample_800,90.1,0.833
sample_801,91.2,0.846
sample_802,91.5,0.854
sample_803,92.8,0.856
sample_804,90.7,0.838
sample_805,91.2,0.856
sample_806,90.4,0.832
sample_807,91.6,0.852
sample_808,91.3,0.855
sample_809,91.1,0.852
sample_810,90.1,0.847
sample_811,92.3,0.853
sample_812,90.6,0.850
sample_813,91.5,0.853
sample_814,91.5,0.847
sample_815,91.2,0.855
sample_816,91.2,0.856
sample_817,92.2,0.855
sample_818,90.9,0.842
sample_819,91.8,0.856
sample_820,91.2,0.840
sample_821,91.9,0.854
sample_822,91.9,0.850
sample_823,91.8,0.853
sample_824,91.2,0.850
sample_825,89.9,0.841
sample_826,91.5,0.852
sample_827,91.1,0.847
sample_828,91.2,0.846
sample_829,91.0,0.838
sample_830,90.8,0.841
sample_831,91.5,0.850
sample_832,91.3,0.859
sample_833,91.3,0.852
sample_834,91.0,0.852
sample_835,90.5,0.845
sample_836,91.9,0.853
sample_837,91.2,0.850
sample_838,92.0,0.849
sample_839,91.2,0.840
sample_840,92.1,0.846
sample_841,90.1,0.842
sample_842,90.2,0.831
sample_843,91.8,0.863
sample_844,91.8,0.855
sample_845,91.6,0.846
sample_846,91.9,0.859
sample_847,92.5,0.859
sample_848,91.5,0.852
sample_849,90.8,0.841
sample_850,91.3,0.845
sample_851,91.3,0.850
sample_852,91.4,0.853
sample_853,90.9,0.852
sample_854,92.7,0.866
sample_855,90.9,0.834
sample_856,91.0,0.843
sample_857,90.6,0.850
sample_858,91.2,0.850
sample_859,90.2,0.849
sample_860,92.1,0.853
sample_861,92.1,0.862
sample_862,90.3,0.846
sample_863,92.2,0.860
sample_864,92.1,0.859
sample_865,91.8,0.856
sample_866,91.3,0.844
sample_867,91.7,0.843
sample_868,89.8,0.846
sample_869,91.7,0.860
sample_870,91.6,0.849
sample_871,91.0,0.853
sample_872,91.9,0.848
sample_873,90.9,0.842
sample_874,91.8,0.854
sample_875,91.6,0.849
sample_876,91.6,0.858
sample_877,91.0,0.855
sample_878,92.2,0.859
sample_879,91.5,0.852
sample_880,91.2,0.850
sample_881,90.0,0.840
sample_882,91.0,0.841
sample_883,91.1,0.843
sample_884,91.9,0.854
sample_885,91.2,0.848
sample_886,90.9,0.850
sample_887,91.0,0.852
sample_888,90.4,0.838
sample_889,90.2,0.848
sample_890,90.3,0.851
sample_891,91.1,0.847
sample_892,91.1,0.846
sample_893,91.1,0.857
sample_894,90.5,0.836
sample_895,91.6,0.854
sample_896,91.9,0.847
sample_897,91.1,0.852
sample_898,90.2,0.833
sample_899,92.7,0.863
sample_900,90.5,0.849
sample_901,91.2,0.850
sample_902,90.6,0.842
sample_903,92.4,0.858
sample_904,90.9,0.850
sample_905,91.3,0.852
sample_906,91.2,0.845
sample_907,89.0,0.841
sample_908,92.0,0.853
sample_909,91.5,0.853
sample_910,90.6,0.840
sample_911,92.1,0.856
sample_912,91.2,0.847
sample_913,91.4,0.842
sample_914,90.2,0.847
sample_915,92.1,0.859
sample_916,90.3,0.833
sample_917,91.5,0.853
sample_918,90.7,0.848
sample_919,91.9,0.851
sample_920,91.9,0.855
sample_921,90.2,0.845
sample_922,92.1,0.853
sample_923,92.0,0.855
sample_924,93.0,0.864
sample_925,92.0,0.851
sample_926,91.2,0.855
sample_927,91.4,0.848
sample_928,91.1,0.848
sample_929,91.4,0.857
sample_930,91.0,0.855
sample_931,92.2,0.849
sample_932,91.8,0.852
sample_933,91.9,0.851
sample_934,90.2,0.846
sample_935,91.1,0.860
sample_936,90.5,0.844
sample_937,90.7,0.852
sample_938,90.9,0.851
sample_939,91.1,0.846
sample_940,91.3,0.847
sample_941,90.5,0.842
sample_942,91.0,0.855
sample_943,90.7,0.846
sample_944,91.4,0.843
sample_945,91.1,0.854
sample_946,90.5,0.848
sample_947,92.9,0.862
sample_948,92.1,0.851
sample_949,89.0,0.824
sample_950,90.5,0.837
sample_951,90.8,0.839
sample_952,90.7,0.846
sample_953,91.3,0.850
sample_954,90.2,0.845
sample_955,91.0,0.855
sample_956,91.5,0.847
sample_957,90.1,0.835
sample_958,91.6,0.857
sample_959,90.9,0.843
sample_960,91.7,0.854
sample_961,91.2,0.852
sample_962,90.7,0.856
sample_963,91.4,0.856
sample_964,91.5,0.855
sample_965,91.5,0.849
sample_966,90.6,0.843
sample_967,90.5,0.841
sample_968,91.4,0.848
sample_969,91.9,0.860
sample_970,91.2,0.850
sample_971,91.7,0.851
sample_972,90.2,0.833
sample_973,91.3,0.837
sample_974,90.7,0.845
sample_975,91.0,0.855
sample_976,90.6,0.848
sample_977,90.8,0.846
sample_978,90.4,0.837
sample_979,91.4,0.850
sample_980,91.1,0.852
sample_981,92.1,0.858
sample_982,90.3,0.841
sample_983,91.0,0.859
sample_984,91.1,0.848
sample_985,90.0,0.834
sample_986,89.8,0.844
sample_987,91.1,0.850
sample_988,91.0,0.852
sample_989,90.9,0.851
sample_990,90.6,0.851
sample_991,90.8,0.843
sample_992,91.5,0.853
sample_993,92.0,0.862
sample_994,90.3,0.845
sample_995,91.4,0.855
sample_996,90.6,0.847
sample_997,91.5,0.849
sample_998,92.6,0.856
sample_999,90.2,0.848
sample_1000,91.7,0.851
sample_1001,91.1,0.841
sample_1002,91.9,0.861
sample_1003,91.3,0.839
sample_1004,92.3,0.860
sample_1005,92.1,0.863
sample_1006,90.9,0.843
sample_1007,91.0,0.846
sample_1008,91.6,0.847
sample_1009,90.9,0.851
sample_1010,92.9,0.856
sample_1011,90.2,0.845
sample_1012,92.8,0.861
sample_1013,89.3,0.824
sample_1014,91.6,0.859
sample_1015,91.6,0.852
sample_1016,91.7,0.857
sample_1017,90.1,0.839
sample_1018,94.0,0.871
sample_1019,91.1,0.840
sample_1020,91.0,0.847
sample_1021,90.6,0.850
sample_1022,89.3,0.833
sample_1023,89.8,0.842
sample_1024,92.3,0.855
sample_1025,91.3,0.853
sample_1026,90.2,0.844
sample_1027,91.8,0.851
sample_1028,91.1,0.846
sample_1029,90.5,0.832
sample_1030,91.6,0.844
sample_1031,91.9,0.851
sample_1032,91.5,0.852
sample_1033,90.8,0.852
sample_1034,92.5,0.861
sample_1035,91.8,0.858
sample_1036,91.8,0.857
sample_1037,90.4,0.846
sample_1038,90.6,0.854
sample_1039,90.2,0.840
sample_1040,90.2,0.842
sample_1041,91.0,0.843
sample_1042,91.7,0.851
sample_1043,91.8,0.851
sample_1044,90.5,0.848
sample_1045,91.6,0.852
sample_1046,91.2,0.837
sample_1047,91.8,0.860
sample_1048,89.7,0.833
sample_1049,91.2,0.847
sample_1050,91.9,0.852
sample_1051,89.8,0.845
sample_1052,90.9,0.850
sample_1053,89.9,0.849
sample_1054,90.4,0.845
sample_1055,91.6,0.850
sample_1056,90.3,0.845
sample_1057,90.2,0.844
sample_1058,92.3,0.859
sample_1059,91.5,0.851
sample_1060,91.6,0.853
sample_1061,91.1,0.855
sample_1062,91.4,0.848
sample_1063,92.7,0.858
sample_1064,89.7,0.828
sample_1065,92.1,0.861
sample_1066,90.7,0.842
sample_1067,90.3,0.845
sample_1068,91.0,0.852
sample_1069,91.7,0.854
sample_1070,91.0,0.835
sample_1071,90.5,0.846
sample_1072,91.6,0.853
sample_1073,91.1,0.846
sample_1074,90.9,0.852
sample_1075,90.8,0.850
sample_1076,91.3,0.855
sample_1077,91.2,0.851
sample_1078,90.7,0.847
sample_1079,92.8,0.861
sample_1080,90.3,0.849
sample_1081,91.6,0.862
sample_1082,90.4,0.846
sample_1083,91.6,0.857
sample_1084,91.2,0.845
sample_1085,90.3,0.818
sample_1086,91.8,0.857
sample_1087,91.7,0.849
sample_1088,91.1,0.841
sample_1089,90.8,0.849
sample_1090,91.3,0.849
sample_1091,90.7,0.845
sample_1092,90.8,0.847
sample_1093,90.0,0.840
sample_1094,91.0,0.847
sample_1095,90.6,0.844
sample_1096,91.4,0.854
sample_1097,90.9,0.837
sample_1098,91.2,0.848
sample_1099,91.1,0.844
sample_1100,90.2,0.841
sample_1101,91.2,0.845
sample_1102,92.0,0.853
sample_1103,91.3,0.847
sample_1104,90.9,0.846
sample_1105,91.6,0.854
sample_1106,90.7,0.841
sample_1107,92.6,0.862
sample_1108,90.9,0.846
sample_1109,91.4,0.850
sample_1110,90.7,0.838
sample_1111,91.5,0.856
sample_1112,90.2,0.841
sample_1113,91.6,0.856
sample_1114,90.3,0.829
sample_1115,90.1,0.835
sample_1116,91.3,0.849
sample_1117,90.7,0.847
sample_1118,91.0,0.840
sample_1119,90.2,0.843
sample_1120,91.2,0.847
sample_1121,91.3,0.852
sample_1122,92.4,0.859
sample_1123,91.3,0.842
sample_1124,91.5,0.844
sample_1125,91.0,0.850
sample_1126,90.4,0.846
sample_1127,91.5,0.851
sample_1128,92.2,0.861
sample_1129,91.7,0.853
sample_1130,92.4,0.853
sample_1131,91.7,0.848
sample_1132,91.2,0.846
sample_1133,91.5,0.853
sample_1134,92.0,0.858
sample_1135,90.6,0.848
sample_1136,91.7,0.856
sample_1137,91.3,0.851
sample_1138,91.7,0.858
sample_1139,91.3,0.848
sample_1140,91.8,0.863
sample_1141,91.0,0.850
sample_1142,91.2,0.850
sample_1143,90.1,0.849
sample_1144,92.0,0.858
sample_1145,91.4,0.848
sample_1146,91.4,0.844
sample_1147,91.0,0.849
sample_1148,91.0,0.834
sample_1149,92.0,0.846
sample_1150,92.7,0.860
sample_1151,91.6,0.848
sample_1152,89.4,0.839
sample_1153,90.4,0.839
sample_1154,90.8,0.833
sample_1155,91.5,0.848
sample_1156,90.7,0.854
sample_1157,90.7,0.848
sample_1158,91.2,0.848
sample_1159,90.5,0.854
sample_1160,89.9,0.838
sample_1161,92.1,0.850
sample_1162,91.0,0.848
sample_1163,90.8,0.839
sample_1164,90.6,0.844
sample_1165,92.3,0.855
sample_1166,91.5,0.853
sample_1167,91.3,0.857
sample_1168,92.3,0.863
sample_1169,92.0,0.847
sample_1170,91.4,0.850
sample_1171,89.9,0.834
sample_1172,90.4,0.854
sample_1173,92.5,0.856
sample_1174,91.9,0.851
sample_1175,89.7,0.827
sample_1176,91.4,0.856
sample_1177,92.0,0.853
sample_1178,91.5,0.853
sample_1179,92.4,0.863
sample_1180,92.7,0.855
sample_1181,92.1,0.851
sample_1182,91.2,0.851
sample_1183,90.9,0.850
sample_1184,91.1,0.849
sample_1185,91.8,0.849
sample_1186,90.6,0.848
sample_1187,90.7,0.844
sample_1188,91.9,0.848
sample_1189,91.3,0.847
sample_1190,90.8,0.835
sample_1191,90.0,0.855
sample_1192,91.9,0.853
sample_1193,89.7,0.832
sample_1194,91.6,0.855
sample_1195,89.5,0.841
sample_1196,91.9,0.858
sample_1197,91.7,0.850
sample_1198,90.3,0.847
sample_1199,92.2,0.855
sample_1200,89.3,0.836
sample_1201,90.5,0.842
sample_1202,89.8,0.839
sample_1203,90.7,0.853
sample_1204,90.7,0.846
sample_1205,91.5,0.851
sample_1206,92.2,0.853
sample_1207,90.7,0.852
sample_1208,89.9,0.841
sample_1209,91.4,0.857
sample_1210,91.6,0.858
sample_1211,90.9,0.849
sample_1212,91.3,0.853
sample_1213,91.5,0.847
sample_1214,90.7,0.846
sample_1215,91.2,0.850
sample_1216,89.7,0.834
sample_1217,91.3,0.844
sample_1218,91.6,0.852
sample_1219,90.9,0.847
sample_1220,91.3,0.853
sample_1221,92.2,0.849
sample_1222,92.1,0.856
sample_1223,91.8,0.853
sample_1224,91.4,0.853
sample_1225,92.3,0.856
sample_1226,90.6,0.846
sample_1227,91.6,0.849
sample_1228,91.7,0.850
sample_1229,92.3,0.851
sample_1230,91.2,0.847
sample_1231,90.4,0.852
sample_1232,90.8,0.855
sample_1233,92.2,0.859
sample_1234,91.7,0.851
sample_1235,90.9,0.845
sample_1236,92.2,0.859
sample_1237,90.9,0.848
sample_1238,91.8,0.855
sample_1239,92.2,0.858
sample_1240,90.1,0.845
sample_1241,91.8,0.845
sample_1242,92.6,0.856
sample_1243,92.7,0.856
sample_1244,92.4,0.856
sample_1245,90.3,0.846
sample_1246,91.8,0.854
sample_1247,91.1,0.846
sample_1248,90.8,0.853
sample_1249,91.5,0.853
sample_1250,90.8,0.843
sample_1251,91.4,0.851
sample_1252,93.0,0.862
sample_1253,92.1,0.852
sample_1254,91.6,0.852
sample_1255,91.7,0.852
sample_1256,90.8,0.854
sample_1257,90.0,0.826
sample_1258,91.2,0.859
sample_1259,90.6,0.840
sample_1260,91.4,0.855
sample_1261,90.5,0.851
sample_1262,91.9,0.853
sample_1263,91.1,0.851
sample_1264,92.8,0.861
sample_1265,90.5,0.838
sample_1266,91.4,0.855
sample_1267,91.8,0.849
sample_1268,91.3,0.851
sample_1269,91.0,0.846
sample_1270,91.3,0.845
sample_1271,91.5,0.853
sample_1272,90.9,0.844
sample_1273,90.9,0.851
sample_1274,91.7,0.848
sample_1275,91.6,0.845
sample_1276,90.9,0.848
sample_1277,91.7,0.842
sample_1278,90.6,0.847
sample_1279,91.6,0.852
sample_1280,89.7,0.841
sample_1281,91.3,0.850
sample_1282,92.5,0.852
sample_1283,91.0,0.849
sample_1284,89.2,0.842
sample_1285,91.4,0.849
sample_1286,91.3,0.854
sample_1287,90.4,0.840
sample_1288,90.8,0.836
sample_1289,91.6,0.855
sample_1290,90.6,0.854
sample_1291,91.1,0.855
sample_1292,90.5,0.848
sample_1293,91.4,0.854
sample_1294,91.1,0.851
sample_1295,90.9,0.856
sample_1296,90.6,0.846
sample_1297,90.6,0.842
sample_1298,91.6,0.851
sample_1299,91.2,0.853
sample_1300,90.6,0.848
sample_1301,91.4,0.848
sample_1302,92.3,0.845
sample_1303,90.2,0.836
sample_1304,91.1,0.841
sample_1305,90.5,0.844
sample_1306,90.7,0.832
sample_1307,91.1,0.844
sample_1308,91.9,0.846
sample_1309,91.5,0.849
sample_1310,90.1,0.833
sample_1311,91.9,0.859
sample_1312,91.2,0.851
sample_1313,90.6,0.844
sample_1314,90.4,0.849
sample_1315,90.9,0.841
sample_1316,91.7,0.853
sample_1317,92.4,0.858
sample_1318,90.8,0.844
sample_1319,92.2,0.851
sample_1320,90.2,0.848
sample_1321,90.3,0.842
sample_1322,92.3,0.857
sample_1323,92.0,0.855
sample_1324,91.4,0.840
sample_1325,92.3,0.856
sample_1326,89.0,0.832
sample_1327,90.9,0.842
sample_1328,91.3,0.859
sample_1329,91.0,0.858
sample_1330,90.9,0.845
sample_1331,90.7,0.843
sample_1332,91.1,0.851
sample_1333,91.9,0.854
sample_1334,91.7,0.851
sample_1335,92.3,0.858
sample_1336,92.2,0.861
sample_1337,92.4,0.853
sample_1338,90.6,0.848
sample_1339,91.4,0.855
sample_1340,90.9,0.848
sample_1341,92.2,0.861
sample_1342,91.4,0.847
sample_1343,91.6,0.850
sample_1344,89.9,0.847
sample_1345,91.7,0.853
sample_1346,91.3,0.855
sample_1347,91.9,0.858
sample_1348,91.3,0.851
sample_1349,90.2,0.843
sample_1350,91.2,0.848
sample_1351,91.6,0.853
sample_1352,92.0,0.847
sample_1353,91.8,0.858
sample_1354,90.8,0.847
sample_1355,91.3,0.838
sample_1356,90.4,0.836
sample_1357,91.9,0.851
sample_1358,92.4,0.855
sample_1359,89.7,0.839
sample_1360,91.0,0.850
sample_1361,90.4,0.843
sample_1362,91.9,0.852
sample_1363,91.3,0.851
sample_1364,92.0,0.848
sample_1365,92.3,0.852
sample_1366,91.7,0.848
sample_1367,91.7,0.851
sample_1368,91.5,0.841
sample_1369,91.9,0.852
sample_1370,92.0,0.857
sample_1371,91.8,0.855
sample_1372,91.5,0.856
sample_1373,90.9,0.845
sample_1374,90.1,0.838
sample_1375,91.9,0.850
sample_1376,91.8,0.857
sample_1377,90.2,0.831
sample_1378,92.9,0.865
sample_1379,90.8,0.848
sample_1380,91.8,0.858
sample_1381,92.0,0.858
sample_1382,91.4,0.841
sample_1383,91.2,0.849
sample_1384,92.5,0.858
sample_1385,90.7,0.846
sample_1386,89.7,0.842
sample_1387,91.1,0.852
sample_1388,91.1,0.850
sample_1389,90.9,0.849
sample_1390,90.9,0.846
sample_1391,90.9,0.848
sample_1392,91.2,0.847
sample_1393,90.9,0.838
sample_1394,91.2,0.848
sample_1395,91.7,0.856
sample_1396,91.1,0.847
sample_1397,91.6,0.853
sample_1398,90.3,0.834
sample_1399,91.9,0.859
sample_1400,91.4,0.860
sample_1401,91.9,0.855
sample_1402,90.7,0.844
sample_1403,90.0,0.848
sample_1404,91.5,0.852
sample_1405,92.3,0.846
sample_1406,91.3,0.853
sample_1407,92.0,0.856
sample_1408,91.5,0.860
sample_1409,90.6,0.838
sample_1410,90.5,0.841
sample_1411,90.8,0.847
sample_1412,90.4,0.839
sample_1413,90.1,0.848
sample_1414,90.2,0.840
sample_1415,91.0,0.845
sample_1416,92.4,0.860
sample_1417,90.3,0.845
sample_1418,89.8,0.841
sample_1419,91.7,0.851
sample_1420,90.4,0.837
sample_1421,91.7,0.854
sample_1422,91.5,0.849
sample_1423,92.2,0.866
sample_1424,91.3,0.847
sample_1425,92.7,0.860
sample_1426,90.8,0.842
sample_1427,92.3,0.863
sample_1428,90.8,0.840
sample_1429,91.8,0.859
sample_1430,91.6,0.853
sample_1431,91.2,0.856
sample_1432,90.7,0.845
sample_1433,92.2,0.853
sample_1434,90.6,0.848
sample_1435,90.8,0.839
sample_1436,91.7,0.846
sample_1437,91.7,0.857
sample_1438,91.9,0.854
sample_1439,91.7,0.855
sample_1440,92.4,0.859
sample_1441,91.0,0.851
sample_1442,91.8,0.855
sample_1443,92.2,0.858
sample_1444,90.9,0.851
sample_1445,91.1,0.843
sample_1446,91.9,0.862
sample_1447,91.4,0.856
sample_1448,91.5,0.854
sample_1449,91.8,0.853
sample_1450,91.4,0.845
sample_1451,90.8,0.848
sample_1452,92.8,0.863
sample_1453,90.7,0.856
sample_1454,92.0,0.862
sample_1455,91.3,0.852
sample_1456,90.3,0.844
sample_1457,91.9,0.854
sample_1458,92.0,0.861
sample_1459,91.9,0.851
sample_1460,91.6,0.853
sample_1461,92.1,0.860
sample_1462,92.1,0.852
sample_1463,91.6,0.854
sample_1464,91.4,0.856
sample_1465,91.6,0.849
sample_1466,91.6,0.857
sample_1467,90.5,0.848
sample_1468,91.3,0.849
sample_1469,91.8,0.852
sample_1470,91.8,0.864
sample_1471,91.7,0.848
sample_1472,89.2,0.837
sample_1473,90.7,0.851
sample_1474,90.3,0.836
sample_1475,91.5,0.851
sample_1476,90.2,0.829
sample_1477,91.7,0.842
sample_1478,91.8,0.853
sample_1479,92.0,0.855
sample_1480,91.6,0.841
sample_1481,91.1,0.836
sample_1482,90.5,0.846
sample_1483,91.0,0.847
sample_1484,92.1,0.858
sample_1485,91.5,0.856
sample_1486,92.2,0.852
sample_1487,90.6,0.832
sample_1488,90.1,0.832
sample_1489,90.9,0.855
sample_1490,92.2,0.858
sample_1491,90.4,0.834
sample_1492,91.4,0.849
sample_1493,92.1,0.853
sample_1494,91.4,0.843
sample_1495,91.2,0.853
sample_1496,89.9,0.843
sample_1497,91.6,0.853
sample_1498,91.2,0.848
sample_1499,90.7,0.849
sample_1500,90.6,0.845
sample_1501,91.7,0.848
sample_1502,92.4,0.862
sample_1503,90.6,0.846
sample_1504,90.8,0.841
sample_1505,91.7,0.853
sample_1506,90.2,0.839
sample_1507,91.6,0.854
sample_1508,92.2,0.859
sample_1509,92.2,0.859
sample_1510,91.5,0.851
sample_1511,90.6,0.856
sample_1512,92.0,0.848
sample_1513,91.4,0.846
sample_1514,91.1,0.841
sample_1515,91.5,0.849
sample_1516,90.2,0.846
sample_1517,90.4,0.852
sample_1518,91.3,0.856
sample_1519,92.2,0.855
sample_1520,90.8,0.858
sample_1521,92.3,0.855
sample_1522,91.2,0.854
sample_1523,92.3,0.861
sample_1524,91.6,0.855
sample_1525,91.0,0.850
sample_1526,91.9,0.860
sample_1527,90.7,0.848
sample_1528,92.4,0.863
sample_1529,92.4,0.860
sample_1530,91.2,0.847
sample_1531,89.6,0.824
sample_1532,91.5,0.852
sample_1533,90.5,0.850
sample_1534,90.6,0.848
sample_1535,90.7,0.855
sample_1536,90.7,0.847
sample_1537,90.8,0.845
sample_1538,91.8,0.850
sample_1539,91.7,0.858
sample_1540,91.6,0.841
sample_1541,89.5,0.841
sample_1542,91.8,0.855
sample_1543,90.9,0.850
sample_1544,90.8,0.835
sample_1545,90.6,0.842
sample_1546,90.1,0.832
sample_1547,91.6,0.846
sample_1548,90.7,0.850
sample_1549,90.7,0.844
sample_1550,91.0,0.843
sample_1551,91.3,0.853
sample_1552,91.0,0.855
sample_1553,91.9,0.855
sample_1554,91.5,0.856
sample_1555,91.2,0.839
sample_1556,90.7,0.838
sample_1557,91.8,0.855
sample_1558,90.7,0.853
sample_1559,90.2,0.836
sample_1560,91.4,0.854
sample_1561,90.9,0.854
sample_1562,91.9,0.858
sample_1563,91.5,0.843
sample_1564,91.2,0.848
sample_1565,91.4,0.852
sample_1566,90.3,0.845
sample_1567,92.7,0.859
sample_1568,92.3,0.860
sample_1569,91.0,0.839
sample_1570,91.7,0.856
sample_1571,92.2,0.857
sample_1572,90.3,0.843
sample_1573,90.7,0.855
sample_1574,90.9,0.850
sample_1575,91.4,0.844
sample_1576,90.8,0.847
sample_1577,91.8,0.855
sample_1578,90.6,0.844
sample_1579,91.7,0.846
sample_1580,90.8,0.839
sample_1581,90.3,0.839
sample_1582,91.1,0.850
sample_1583,91.3,0.856
sample_1584,90.4,0.846
sample_1585,90.6,0.835
sample_1586,91.7,0.862
sample_1587,91.6,0.855
sample_1588,91.8,0.850
sample_1589,91.0,0.852
sample_1590,91.1,0.842
sample_1591,91.8,0.858
sample_1592,91.0,0.855
sample_1593,91.2,0.859
sample_1594,90.9,0.854
sample_1595,91.2,0.847
sample_1596,92.1,0.856
sample_1597,91.0,0.844
sample_1598,90.7,0.847
sample_1599,92.0,0.850
sample_1600,91.1,0.850
sample_1601,91.6,0.854
sample_1602,91.3,0.855
sample_1603,90.3,0.843
sample_1604,91.9,0.858
sample_1605,91.5,0.851
sample_1606,89.6,0.831
sample_1607,90.3,0.838
sample_1608,91.4,0.852
sample_1609,91.2,0.848
sample_1610,91.5,0.835
sample_1611,91.8,0.851
sample_1612,90.1,0.851
sample_1613,90.7,0.849
sample_1614,90.5,0.829
sample_1615,91.0,0.844
sample_1616,90.7,0.839
sample_1617,90.7,0.847
sample_1618,91.3,0.852
sample_1619,90.4,0.834
sample_1620,91.0,0.846
sample_1621,90.9,0.849
sample_1622,91.7,0.857
sample_1623,91.5,0.856
sample_1624,91.4,0.849
sample_1625,91.7,0.851
sample_1626,89.8,0.845
sample_1627,89.9,0.839
sample_1628,91.7,0.852
sample_1629,91.4,0.848
sample_1630,91.5,0.852
sample_1631,90.6,0.851
sample_1632,91.7,0.853
sample_1633,91.9,0.849
sample_1634,91.4,0.852
sample_1635,91.7,0.851
sample_1636,91.8,0.853
sample_1637,91.5,0.848
sample_1638,91.3,0.851
sample_1639,91.0,0.837
sample_1640,90.5,0.846
sample_1641,90.6,0.855
sample_1642,90.4,0.845
sample_1643,91.8,0.850
sample_1644,90.8,0.844
sample_1645,92.3,0.859
sample_1646,91.1,0.840
sample_1647,91.7,0.854
sample_1648,89.3,0.839
sample_1649,93.6,0.862
sample_1650,90.0,0.841
sample_1651,91.4,0.848
sample_1652,91.4,0.851
sample_1653,91.8,0.854
sample_1654,92.0,0.851
sample_1655,91.1,0.852
sample_1656,90.4,0.838
sample_1657,91.5,0.855
sample_1658,91.4,0.851
sample_1659,90.3,0.833
sample_1660,92.1,0.846
sample_1661,92.2,0.845
sample_1662,91.3,0.859
sample_1663,92.1,0.866
sample_1664,91.6,0.856
sample_1665,91.5,0.850
sample_1666,92.5,0.861
sample_1667,92.2,0.863
sample_1668,91.3,0.855
sample_1669,92.2,0.854
sample_1670,92.3,0.863
sample_1671,90.4,0.851
sample_1672,91.7,0.854
sample_1673,91.9,0.858
sample_1674,90.6,0.837
sample_1675,91.4,0.851
sample_1676,91.7,0.845
sample_1677,91.8,0.854
sample_1678,91.6,0.856
sample_1679,90.0,0.817
sample_1680,91.5,0.846
sample_1681,90.7,0.842
sample_1682,91.8,0.851
sample_1683,91.9,0.856
sample_1684,90.9,0.855
sample_1685,91.9,0.859
sample_1686,91.0,0.847
sample_1687,91.5,0.858
sample_1688,91.6,0.857
sample_1689,90.7,0.843
sample_1690,91.6,0.855
sample_1691,90.8,0.845
sample_1692,90.6,0.841
sample_1693,91.3,0.847
sample_1694,91.5,0.848
sample_1695,90.5,0.848
sample_1696,91.5,0.850
sample_1697,91.3,0.854
sample_1698,91.9,0.860
sample_1699,92.4,0.858
sample_1700,90.5,0.843
sample_1701,92.1,0.861
sample_1702,91.2,0.842
sample_1703,91.3,0.847
sample_1704,91.6,0.848
sample_1705,90.6,0.841
sample_1706,91.9,0.850
sample_1707,90.7,0.847
sample_1708,90.7,0.843
sample_1709,92.1,0.859
sample_1710,92.1,0.848
sample_1711,90.8,0.840
sample_1712,91.3,0.848
sample_1713,91.5,0.856
sample_1714,92.3,0.855
sample_1715,92.1,0.855
sample_1716,91.1,0.843
sample_1717,92.0,0.856
sample_1718,91.0,0.853
sample_1719,90.4,0.854
sample_1720,91.9,0.848
sample_1721,89.9,0.839
sample_1722,90.2,0.831
sample_1723,92.3,0.850
sample_1724,91.6,0.850
sample_1725,92.1,0.853
sample_1726,90.3,0.838
sample_1727,91.8,0.849
sample_1728,91.6,0.847
sample_1729,92.5,0.854
sample_1730,90.3,0.842
sample_1731,90.5,0.850
sample_1732,91.3,0.850
sample_1733,92.3,0.857
sample_1734,91.5,0.859
sample_1735,91.3,0.846
sample_1736,91.7,0.856
sample_1737,91.6,0.855
sample_1738,93.1,0.859
sample_1739,91.4,0.847
sample_1740,90.5,0.843
sample_1741,91.7,0.840
sample_1742,90.8,0.839
sample_1743,91.6,0.844
sample_1744,91.1,0.860
sample_1745,91.3,0.842
sample_1746,90.1,0.838
sample_1747,91.3,0.846
sample_1748,90.6,0.839
sample_1749,90.3,0.834
sample_1750,91.4,0.844
sample_1751,91.1,0.852
sample_1752,90.5,0.846
sample_1753,91.8,0.850
sample_1754,90.6,0.848
sample_1755,91.5,0.852
sample_1756,91.1,0.848
sample_1757,91.4,0.854
sample_1758,91.4,0.848
sample_1759,91.3,0.853
sample_1760,91.5,0.853
sample_1761,91.8,0.848
sample_1762,92.1,0.863
sample_1763,90.5,0.841
sample_1764,91.3,0.849
sample_1765,90.9,0.852
sample_1766,90.6,0.845
sample_1767,91.2,0.853
sample_1768,91.1,0.845
sample_1769,90.6,0.846
sample_1770,91.3,0.847
sample_1771,91.1,0.850
sample_1772,91.2,0.840
sample_1773,91.2,0.846
sample_1774,90.8,0.846
sample_1775,91.7,0.861
sample_1776,91.3,0.849
sample_1777,92.4,0.857
sample_1778,90.7,0.848
sample_1779,90.8,0.846
sample_1780,90.8,0.845
sample_1781,92.5,0.857
sample_1782,92.1,0.852
sample_1783,91.9,0.850
sample_1784,91.1,0.847
sample_1785,91.4,0.853
sample_1786,91.5,0.844
sample_1787,91.8,0.858
sample_1788,90.2,0.831
sample_1789,90.4,0.841
sample_1790,91.6,0.851
sample_1791,91.7,0.859
sample_1792,91.1,0.848
sample_1793,90.3,0.839
sample_1794,90.4,0.847
sample_1795,91.5,0.853
sample_1796,90.4,0.845
sample_1797,92.0,0.853
sample_1798,91.0,0.856
sample_1799,91.7,0.853
sample_1800,90.5,0.847
sample_1801,91.9,0.859
sample_1802,92.1,0.857
sample_1803,92.3,0.857
sample_1804,92.1,0.856
sample_1805,91.4,0.846
sample_1806,91.9,0.856
sample_1807,91.2,0.845
sample_1808,91.1,0.853
sample_1809,90.9,0.855
sample_1810,91.8,0.858
sample_1811,91.0,0.842
sample_1812,91.9,0.856
sample_1813,91.2,0.855
sample_1814,90.4,0.835
sample_1815,91.7,0.858
sample_1816,91.3,0.850
sample_1817,90.5,0.837
sample_1818,91.1,0.852
sample_1819,91.7,0.852
sample_1820,91.8,0.856
sample_1821,92.1,0.859
sample_1822,91.6,0.857
sample_1823,90.9,0.847
sample_1824,92.5,0.859
sample_1825,91.4,0.852
sample_1826,91.6,0.855
sample_1827,92.2,0.856
sample_1828,91.4,0.856
sample_1829,92.1,0.862
sample_1830,91.1,0.849
sample_1831,91.9,0.855
sample_1832,92.1,0.856
sample_1833,92.0,0.848
sample_1834,90.6,0.835
sample_1835,90.1,0.846
sample_1836,91.0,0.835
sample_1837,91.1,0.853
sample_1838,91.6,0.858
sample_1839,90.6,0.838
sample_1840,92.4,0.859
sample_1841,90.6,0.845
sample_1842,93.0,0.868
sample_1843,91.3,0.849
sample_1844,92.3,0.861
sample_1845,91.3,0.852
sample_1846,91.8,0.856
sample_1847,91.3,0.846
sample_1848,89.7,0.838
sample_1849,90.7,0.849
sample_1850,91.2,0.855
sample_1851,91.0,0.851
sample_1852,90.5,0.840
sample_1853,91.6,0.853
sample_1854,90.3,0.836
sample_1855,91.2,0.852
sample_1856,92.0,0.849
sample_1857,91.3,0.851
sample_1858,91.2,0.846
sample_1859,92.2,0.857
sample_1860,89.5,0.838
sample_1861,91.3,0.852
sample_1862,91.6,0.860
sample_1863,90.3,0.837
sample_1864,91.9,0.853
sample_1865,90.4,0.830
sample_1866,90.3,0.835
sample_1867,91.7,0.845
sample_1868,91.5,0.857
sample_1869,90.6,0.844
sample_1870,91.8,0.856
sample_1871,91.1,0.855
sample_1872,90.3,0.836
sample_1873,91.4,0.849
sample_1874,91.2,0.854
sample_1875,91.1,0.848
sample_1876,91.3,0.844
sample_1877,90.9,0.856
sample_1878,91.6,0.852
sample_1879,90.7,0.853
sample_1880,91.0,0.854
sample_1881,90.9,0.853
sample_1882,91.0,0.844
sample_1883,90.8,0.841
sample_1884,92.4,0.864
sample_1885,92.0,0.851
sample_1886,90.8,0.842
sample_1887,91.9,0.845
sample_1888,91.3,0.838
sample_1889,90.1,0.843
sample_1890,91.9,0.852
sample_1891,91.1,0.848
sample_1892,90.5,0.842
sample_1893,91.9,0.853
sample_1894,90.7,0.850
sample_1895,91.0,0.852
sample_1896,91.6,0.849
sample_1897,91.3,0.848
sample_1898,91.2,0.851
sample_1899,91.8,0.857
sample_1900,90.4,0.842
sample_1901,90.6,0.846
sample_1902,90.7,0.842
sample_1903,91.0,0.860
sample_1904,91.2,0.849
sample_1905,91.4,0.857
sample_1906,91.8,0.850
sample_1907,91.6,0.855
sample_1908,92.5,0.857
sample_1909,91.6,0.860
sample_1910,91.4,0.855
sample_1911,92.3,0.860
sample_1912,90.6,0.851
sample_1913,91.8,0.856
sample_1914,90.1,0.845
sample_1915,92.5,0.862
sample_1916,91.9,0.846
sample_1917,92.0,0.854
sample_1918,90.9,0.848
sample_1919,92.5,0.861
sample_1920,91.1,0.860
sample_1921,91.6,0.850
sample_1922,91.7,0.852
sample_1923,92.0,0.852
sample_1924,91.1,0.852
sample_1925,92.3,0.859
sample_1926,90.8,0.846
sample_1927,90.8,0.854
sample_1928,91.4,0.853
sample_1929,91.5,0.854
sample_1930,90.0,0.840
sample_1931,91.7,0.845
sample_1932,90.4,0.836
sample_1933,91.5,0.851
sample_1934,91.5,0.852
sample_1935,91.1,0.836
sample_1936,91.5,0.859
sample_1937,90.6,0.836
sample_1938,91.2,0.849
sample_1939,91.3,0.846
sample_1940,91.6,0.858
sample_1941,91.2,0.843
sample_1942,90.4,0.840
sample_1943,90.8,0.850
sample_1944,89.5,0.838
sample_1945,91.8,0.860
sample_1946,92.3,0.855
sample_1947,91.2,0.850
sample_1948,91.4,0.853
sample_1949,91.0,0.843
sample_1950,91.6,0.846
sample_1951,91.2,0.846
sample_1952,91.6,0.860
sample_1953,90.8,0.845
sample_1954,90.9,0.840
sample_1955,91.8,0.849
sample_1956,90.8,0.841
sample_1957,91.2,0.849
sample_1958,91.7,0.858
sample_1959,91.5,0.854
sample_1960,91.1,0.843
sample_1961,91.5,0.853
sample_1962,91.0,0.842
sample_1963,91.5,0.851
sample_1964,91.8,0.856
sample_1965,91.4,0.853
sample_1966,91.6,0.855
sample_1967,90.3,0.844
sample_1968,90.6,0.845
sample_1969,90.4,0.848
sample_1970,90.9,0.848
sample_1971,91.4,0.842
sample_1972,90.1,0.829
sample_1973,91.7,0.852
sample_1974,91.3,0.845
sample_1975,90.7,0.833
sample_1976,92.5,0.857
sample_1977,90.3,0.838
sample_1978,91.8,0.858
sample_1979,92.4,0.858
sample_1980,91.6,0.852
sample_1981,89.9,0.840
sample_1982,91.7,0.858
sample_1983,91.0,0.841
sample_1984,91.6,0.840
sample_1985,91.5,0.848
sample_1986,90.9,0.845
sample_1987,90.0,0.842
sample_1988,92.3,0.855
sample_1989,91.2,0.852
sample_1990,91.7,0.853
sample_1991,91.3,0.852
sample_1992,90.5,0.839
sample_1993,91.2,0.850
sample_1994,89.6,0.821
sample_1995,91.1,0.849
sample_1996,91.4,0.854
sample_1997,91.7,0.848
sample_1998,91.4,0.850
sample_1999,91.8,0.853
sample_2000,91.3,0.857
sample_2001,90.9,0.840
sample_2002,90.7,0.837
sample_2003,89.9,0.834
sample_2004,90.6,0.839
sample_2005,91.2,0.853
sample_2006,91.3,0.852
sample_2007,91.7,0.853
sample_2008,90.6,0.834
sample_2009,92.4,0.857
sample_2010,91.2,0.860
sample_2011,91.7,0.850
sample_2012,92.3,0.851
sample_2013,91.1,0.843
sample_2014,92.1,0.861
sample_2015,91.7,0.853
sample_2016,92.2,0.860
sample_2017,92.5,0.857
sample_2018,90.7,0.844
sample_2019,91.7,0.852
sample_2020,90.8,0.853
sample_2021,91.5,0.856
sample_2022,91.6,0.858
sample_2023,91.4,0.849
sample_2024,91.1,0.852
sample_2025,91.3,0.847
sample_2026,91.6,0.848
sample_2027,91.1,0.849
sample_2028,90.9,0.841
sample_2029,91.1,0.856
sample_2030,92.1,0.859
sample_2031,89.8,0.835
sample_2032,91.2,0.860
sample_2033,91.7,0.853
sample_2034,90.3,0.841
sample_2035,91.2,0.844
sample_2036,92.4,0.858
sample_2037,90.9,0.843
sample_2038,90.2,0.834
sample_2039,91.7,0.856
sample_2040,90.2,0.835
sample_2041,92.6,0.861
sample_2042,91.2,0.852
sample_2043,90.7,0.837
sample_2044,91.6,0.855
sample_2045,91.5,0.844
sample_2046,91.1,0.853
sample_2047,91.3,0.849
sample_2048,91.1,0.850
sample_2049,90.3,0.845
sample_2050,90.2,0.837
sample_2051,91.2,0.857
sample_2052,91.5,0.850
sample_2053,91.6,0.859
sample_2054,91.9,0.860
sample_2055,90.4,0.849
sample_2056,91.2,0.844
sample_2057,90.7,0.846
sample_2058,91.9,0.858
sample_2059,90.8,0.853
sample_2060,91.3,0.850
sample_2061,89.9,0.847
sample_2062,91.5,0.851
sample_2063,91.9,0.853
sample_2064,90.8,0.841
sample_2065,92.5,0.859
sample_2066,90.7,0.832
sample_2067,90.4,0.842
sample_2068,91.8,0.859
sample_2069,92.3,0.853
sample_2070,90.3,0.836
sample_2071,91.2,0.852
sample_2072,91.2,0.852
sample_2073,91.5,0.852
sample_2074,92.5,0.855
sample_2075,92.4,0.849
sample_2076,91.5,0.852
sample_2077,92.6,0.857
sample_2078,91.4,0.851
sample_2079,91.4,0.845
sample_2080,92.2,0.849
sample_2081,91.6,0.858
sample_2082,92.8,0.864
sample_2083,90.3,0.851
sample_2084,90.9,0.855
sample_2085,92.0,0.855
sample_2086,91.6,0.861
sample_2087,91.5,0.854
sample_2088,90.6,0.837
sample_2089,90.9,0.841
sample_2090,89.6,0.833
sample_2091,92.1,0.860
sample_2092,90.6,0.846
sample_2093,91.3,0.858
sample_2094,90.7,0.846
sample_2095,89.7,0.837
sample_2096,90.7,0.852
sample_2097,90.9,0.848
sample_2098,91.2,0.860
sample_2099,91.1,0.848
sample_2100,91.6,0.850
sample_2101,92.3,0.853
sample_2102,90.7,0.858
sample_2103,91.3,0.853
sample_2104,91.2,0.850
sample_2105,91.9,0.857
sample_2106,92.8,0.857
sample_2107,91.4,0.854
sample_2108,90.4,0.847
sample_2109,91.3,0.847
sample_2110,91.2,0.849
sample_2111,92.9,0.861
sample_2112,91.2,0.848
sample_2113,90.0,0.842
sample_2114,90.7,0.854
sample_2115,90.9,0.851
sample_2116,91.9,0.854
sample_2117,92.5,0.857
sample_2118,90.9,0.849
sample_2119,91.8,0.852
sample_2120,91.9,0.860
sample_2121,91.7,0.844
sample_2122,92.5,0.848
sample_2123,90.8,0.853
sample_2124,91.2,0.857
sample_2125,91.3,0.840
sample_2126,90.2,0.830
sample_2127,91.1,0.847
sample_2128,92.1,0.858
sample_2129,91.6,0.846
sample_2130,92.2,0.862
sample_2131,91.3,0.848
sample_2132,89.7,0.839
sample_2133,90.8,0.848
sample_2134,91.6,0.858
sample_2135,91.8,0.851
sample_2136,90.8,0.852
sample_2137,91.0,0.859
sample_2138,90.7,0.842
sample_2139,92.6,0.861
sample_2140,91.3,0.845
sample_2141,91.6,0.854
sample_2142,91.2,0.859
sample_2143,90.4,0.840
sample_2144,91.3,0.844
sample_2145,91.3,0.849
sample_2146,90.1,0.845
sample_2147,91.7,0.855
sample_2148,91.7,0.847
sample_2149,91.3,0.853
sample_2150,91.9,0.850
sample_2151,91.2,0.859
sample_2152,90.1,0.842
sample_2153,91.8,0.861
sample_2154,90.1,0.844
sample_2155,91.9,0.854
sample_2156,91.7,0.848
sample_2157,91.2,0.851
sample_2158,92.0,0.859
sample_2159,91.8,0.858
sample_2160,91.2,0.851
sample_2161,92.1,0.858
sample_2162,91.1,0.849
sample_2163,90.2,0.836
sample_2164,90.7,0.837
sample_2165,91.1,0.848
sample_2166,91.4,0.853
sample_2167,92.0,0.861
sample_2168,91.7,0.862
sample_2169,90.6,0.837
sample_2170,90.6,0.834
sample_2171,92.3,0.861
sample_2172,91.1,0.854
sample_2173,92.1,0.856
sample_2174,92.1,0.857
sample_2175,90.7,0.848
sample_2176,91.1,0.843
sample_2177,91.5,0.851
sample_2178,91.1,0.854
sample_2179,91.1,0.844
sample_2180,91.0,0.855
sample_2181,91.6,0.847
sample_2182,92.2,0.857
sample_2183,91.7,0.851
sample_2184,91.0,0.849
sample_2185,90.8,0.853
sample_2186,90.4,0.845
sample_2187,90.3,0.847
sample_2188,92.1,0.861
sample_2189,91.3,0.846
sample_2190,91.1,0.854
sample_2191,91.8,0.854
sample_2192,91.2,0.847
sample_2193,91.2,0.848
sample_2194,90.4,0.831
sample_2195,91.5,0.853
sample_2196,91.3,0.856
sample_2197,93.0,0.865
sample_2198,91.7,0.851
sample_2199,90.0,0.844
sample_2200,92.1,0.852
sample_2201,90.6,0.842
sample_2202,90.9,0.844
sample_2203,90.7,0.832
sample_2204,91.9,0.855
sample_2205,91.3,0.855
sample_2206,92.3,0.863
sample_2207,91.7,0.851
sample_2208,90.6,0.846
sample_2209,91.4,0.851
sample_2210,91.0,0.845
sample_2211,90.5,0.847
sample_2212,91.6,0.855
sample_2213,91.1,0.846
sample_2214,91.3,0.848
sample_2215,90.4,0.855
sample_2216,91.7,0.859
sample_2217,91.4,0.853
sample_2218,90.7,0.836
sample_2219,89.5,0.839
sample_2220,91.2,0.851
sample_2221,91.7,0.857
sample_2222,91.2,0.847
sample_2223,91.8,0.851
sample_2224,91.6,0.850
sample_2225,91.5,0.847
sample_2226,90.7,0.837
sample_2227,90.9,0.851
sample_2228,91.3,0.855
sample_2229,91.5,0.853
sample_2230,91.0,0.839
sample_2231,90.0,0.826
sample_2232,92.7,0.860
sample_2233,91.5,0.860
sample_2234,91.6,0.853
sample_2235,90.5,0.840
sample_2236,92.4,0.858
sample_2237,91.4,0.850
sample_2238,91.9,0.858
sample_2239,91.1,0.843
sample_2240,89.8,0.825
sample_2241,91.5,0.855
sample_2242,91.4,0.854
sample_2243,92.2,0.853
sample_2244,91.0,0.848
sample_2245,91.3,0.846
sample_2246,92.1,0.861
sample_2247,90.3,0.838
sample_2248,90.4,0.830
sample_2249,90.3,0.835
sample_2250,90.9,0.845
sample_2251,92.7,0.863
sample_2252,90.1,0.832
sample_2253,92.3,0.861
sample_2254,90.8,0.836
sample_2255,91.5,0.846
sample_2256,90.7,0.847
sample_2257,90.4,0.837
sample_2258,91.9,0.858
sample_2259,92.2,0.853
sample_2260,90.7,0.846
sample_2261,91.1,0.841
sample_2262,90.8,0.852
sample_2263,90.4,0.846
sample_2264,90.9,0.846
sample_2265,91.5,0.853
sample_2266,90.2,0.830
sample_2267,90.4,0.840
sample_2268,90.7,0.847
sample_2269,90.4,0.845
sample_2270,90.6,0.850
sample_2271,91.9,0.851
sample_2272,91.3,0.852
sample_2273,92.1,0.854
sample_2274,90.9,0.843
sample_2275,92.3,0.861
sample_2276,91.8,0.854
sample_2277,90.8,0.858
sample_2278,91.2,0.860
sample_2279,91.0,0.847
sample_2280,92.4,0.860
sample_2281,90.2,0.839
sample_2282,91.8,0.845
sample_2283,89.8,0.833
sample_2284,91.4,0.854
sample_2285,91.9,0.855
sample_2286,92.1,0.859
sample_2287,92.6,0.856
sample_2288,91.3,0.853
sample_2289,91.8,0.857
sample_2290,90.6,0.845
sample_2291,92.0,0.851
sample_2292,91.3,0.854
sample_2293,91.5,0.855
sample_2294,91.1,0.839
sample_2295,91.4,0.856
sample_2296,90.1,0.830
sample_2297,92.9,0.859
sample_2298,91.5,0.853
sample_2299,90.8,0.846
sample_2300,91.5,0.857
sample_2301,91.2,0.846
sample_2302,90.9,0.850
sample_2303,91.2,0.849
sample_2304,90.7,0.838
sample_2305,91.2,0.848
sample_2306,91.1,0.842
sample_2307,91.8,0.858
sample_2308,90.2,0.835
sample_2309,91.8,0.853
sample_2310,92.3,0.858
sample_2311,89.9,0.845
sample_2312,91.3,0.855
sample_2313,91.4,0.856
sample_2314,91.3,0.843
sample_2315,91.4,0.852
sample_2316,91.5,0.856
sample_2317,91.8,0.853
sample_2318,89.9,0.843
sample_2319,91.2,0.842
sample_2320,90.7,0.855
sample_2321,91.7,0.849
sample_2322,92.2,0.858
sample_2323,90.9,0.850
sample_2324,91.1,0.854
sample_2325,90.8,0.854
sample_2326,90.3,0.842
sample_2327,91.7,0.855
sample_2328,91.3,0.845
sample_2329,90.5,0.843
sample_2330,91.8,0.853
sample_2331,91.6,0.843
sample_2332,90.4,0.845
sample_2333,91.1,0.842
sample_2334,91.9,0.856
sample_2335,91.4,0.849
sample_2336,91.4,0.856
sample_2337,90.7,0.846
sample_2338,89.6,0.831
sample_2339,91.9,0.860
sample_2340,92.2,0.859
sample_2341,91.6,0.853
sample_2342,90.6,0.835
sample_2343,89.9,0.841
sample_2344,91.6,0.858
sample_2345,91.4,0.854
sample_2346,90.2,0.841
sample_2347,91.1,0.849
sample_2348,90.5,0.839
sample_2349,91.0,0.849
sample_2350,92.1,0.856
sample_2351,90.6,0.844
sample_2352,90.9,0.848
sample_2353,92.3,0.859
sample_2354,91.2,0.854
sample_2355,90.2,0.842
sample_2356,91.4,0.853
sample_2357,92.8,0.857
sample_2358,90.8,0.844
sample_2359,91.9,0.850
sample_2360,91.5,0.851
sample_2361,90.6,0.847
sample_2362,91.4,0.853
sample_2363,91.3,0.853
sample_2364,90.9,0.848
sample_2365,93.0,0.864
sample_2366,91.3,0.851
sample_2367,91.6,0.861
sample_2368,90.8,0.840
sample_2369,91.5,0.856
sample_2370,91.8,0.859
sample_2371,90.2,0.841
sample_2372,90.5,0.840
sample_2373,91.2,0.846
sample_2374,88.7,0.840
sample_2375,89.7,0.833
sample_2376,91.3,0.850
sample_2377,91.9,0.855
sample_2378,91.6,0.855
sample_2379,90.9,0.851
sample_2380,91.5,0.842
sample_2381,91.9,0.858
sample_2382,91.1,0.841
sample_2383,90.9,0.855
sample_2384,90.3,0.848
sample_2385,91.2,0.854
sample_2386,91.4,0.846
sample_2387,90.4,0.832
sample_2388,91.0,0.851
sample_2389,91.5,0.856
sample_2390,92.1,0.856
sample_2391,90.8,0.850
sample_2392,91.2,0.853
sample_2393,90.4,0.831
sample_2394,91.4,0.858
sample_2395,91.7,0.855
sample_2396,92.2,0.846
sample_2397,91.8,0.854
sample_2398,91.0,0.853
sample_2399,90.6,0.839
sample_2400,91.1,0.855
sample_2401,92.0,0.856
sample_2402,91.6,0.852
sample_2403,91.3,0.855
sample_2404,92.2,0.846
sample_2405,91.5,0.859
sample_2406,93.5,0.856
sample_2407,90.9,0.848
sample_2408,91.0,0.847
sample_2409,89.6,0.846
sample_2410,91.9,0.857
sample_2411,90.8,0.844
sample_2412,91.8,0.859
sample_2413,90.7,0.835
sample_2414,91.9,0.852
sample_2415,92.4,0.860
sample_2416,91.7,0.851
sample_2417,92.0,0.859
sample_2418,92.2,0.857
sample_2419,91.3,0.852
sample_2420,91.5,0.847
sample_2421,91.3,0.849
sample_2422,90.8,0.842
sample_2423,91.2,0.852
sample_2424,90.8,0.849
sample_2425,92.0,0.861
sample_2426,91.0,0.850
sample_2427,90.7,0.841
sample_2428,91.5,0.843
sample_2429,91.7,0.848
sample_2430,90.2,0.847
sample_2431,91.1,0.843
sample_2432,91.6,0.853
sample_2433,91.3,0.846
sample_2434,91.2,0.852
sample_2435,91.1,0.840
sample_2436,90.2,0.837
sample_2437,91.9,0.861
sample_2438,91.7,0.843
sample_2439,91.5,0.851
sample_2440,91.7,0.855
sample_2441,90.8,0.845
sample_2442,91.5,0.850
sample_2443,91.6,0.844
sample_2444,92.0,0.854
sample_2445,91.0,0.855
sample_2446,91.6,0.857
sample_2447,90.8,0.846
sample_2448,91.6,0.859
sample_2449,93.6,0.861
sample_2450,91.4,0.853
sample_2451,90.6,0.847
sample_2452,90.9,0.843
sample_2453,91.8,0.858
sample_2454,91.6,0.853
sample_2455,91.6,0.848
sample_2456,90.6,0.855
sample_2457,91.1,0.844
sample_2458,91.8,0.858
sample_2459,91.6,0.856
sample_2460,91.1,0.843
sample_2461,91.2,0.850
sample_2462,89.8,0.851
sample_2463,91.0,0.853
sample_2464,90.6,0.843
sample_2465,91.0,0.847
sample_2466,90.3,0.848
sample_2467,92.7,0.856
sample_2468,91.1,0.846
sample_2469,90.1,0.834
sample_2470,91.8,0.861
sample_2471,90.9,0.848
sample_2472,91.4,0.838
sample_2473,91.3,0.846
sample_2474,90.7,0.848
sample_2475,91.6,0.855
sample_2476,91.8,0.851
sample_2477,90.5,0.837
sample_2478,91.9,0.858
sample_2479,91.3,0.846
sample_2480,90.7,0.850
sample_2481,91.4,0.854
sample_2482,91.3,0.845
sample_2483,90.2,0.837
sample_2484,91.2,0.843
sample_2485,92.3,0.862
sample_2486,91.6,0.844
sample_2487,90.8,0.840
sample_2488,91.8,0.850
sample_2489,92.1,0.859
sample_2490,91.9,0.855
sample_2491,91.3,0.852
sample_2492,91.8,0.859
sample_2493,91.3,0.843
sample_2494,91.1,0.849
sample_2495,91.2,0.847
sample_2496,90.2,0.839
sample_2497,91.4,0.853
sample_2498,90.8,0.840
sample_2499,91.5,0.852
sample_2500,91.6,0.850
sample_2501,90.1,0.844
sample_2502,92.1,0.855
sample_2503,92.0,0.849
sample_2504,91.8,0.855
sample_2505,91.1,0.843
sample_2506,90.8,0.846
sample_2507,90.0,0.845
sample_2508,92.0,0.853
sample_2509,90.2,0.845
sample_2510,91.5,0.854
sample_2511,90.7,0.840
sample_2512,91.0,0.841
sample_2513,90.4,0.833
sample_2514,91.4,0.851
sample_2515,91.5,0.856
sample_2516,90.4,0.841
sample_2517,89.9,0.833
sample_2518,92.5,0.856
sample_2519,91.0,0.846
sample_2520,90.8,0.845
sample_2521,91.2,0.835
sample_2522,91.3,0.848
sample_2523,90.4,0.855
sample_2524,90.7,0.848
sample_2525,91.4,0.858
sample_2526,91.7,0.851
sample_2527,91.2,0.856
sample_2528,92.0,0.845
sample_2529,90.9,0.851
sample_2530,91.5,0.849
sample_2531,90.3,0.843
sample_2532,92.2,0.851
sample_2533,91.8,0.855
sample_2534,91.6,0.850
sample_2535,92.1,0.855
sample_2536,90.6,0.859
sample_2537,91.2,0.855
sample_2538,90.8,0.852
sample_2539,91.4,0.852
sample_2540,91.5,0.850
sample_2541,91.4,0.850
sample_2542,90.6,0.846
sample_2543,91.6,0.850
sample_2544,92.4,0.862
sample_2545,91.8,0.857
sample_2546,91.4,0.852
sample_2547,92.7,0.862
sample_2548,91.4,0.851
sample_2549,91.5,0.859
sample_2550,91.4,0.857
sample_2551,91.7,0.858
sample_2552,91.9,0.857
sample_2553,91.5,0.853
sample_2554,90.1,0.849
sample_2555,90.4,0.853
sample_2556,91.8,0.853
sample_2557,90.6,0.848
sample_2558,91.1,0.842
sample_2559,91.6,0.859
sample_2560,91.8,0.856
sample_2561,90.6,0.856
sample_2562,91.4,0.850
sample_2563,91.3,0.854
sample_2564,90.5,0.846
sample_2565,91.1,0.849
sample_2566,91.8,0.858
sample_2567,91.1,0.839
sample_2568,90.9,0.844
sample_2569,90.1,0.847
sample_2570,90.1,0.825
sample_2571,90.6,0.844
sample_2572,90.7,0.843
sample_2573,91.8,0.850
sample_2574,91.6,0.855
sample_2575,90.4,0.843
sample_2576,91.5,0.851
sample_2577,90.9,0.849
sample_2578,91.5,0.843
sample_2579,90.6,0.848
sample_2580,91.0,0.841
sample_2581,90.6,0.852
sample_2582,91.4,0.861
sample_2583,91.5,0.859
sample_2584,91.1,0.853
sample_2585,91.4,0.853
sample_2586,92.6,0.853
sample_2587,91.7,0.862
sample_2588,89.7,0.841
sample_2589,91.7,0.849
sample_2590,91.8,0.854
sample_2591,91.3,0.844
sample_2592,89.7,0.843
sample_2593,90.9,0.851
sample_2594,92.1,0.859
sample_2595,91.6,0.849
sample_2596,91.7,0.857
sample_2597,91.8,0.846
sample_2598,91.0,0.843
sample_2599,90.8,0.849
sample_2600,91.2,0.853
sample_2601,91.4,0.847
sample_2602,91.1,0.845
sample_2603,90.7,0.841
sample_2604,91.9,0.861
sample_2605,91.2,0.851
sample_2606,90.7,0.839
sample_2607,90.8,0.850
sample_2608,89.7,0.831
sample_2609,90.6,0.842
sample_2610,89.9,0.838
sample_2611,90.7,0.847
sample_2612,91.5,0.856
sample_2613,91.5,0.849
sample_2614,90.8,0.846
sample_2615,91.0,0.846
sample_2616,90.3,0.847
sample_2617,91.5,0.856
sample_2618,91.6,0.850
sample_2619,91.6,0.850
sample_2620,91.8,0.858
sample_2621,90.3,0.835
sample_2622,91.0,0.847
sample_2623,91.3,0.852
sample_2624,91.1,0.855
sample_2625,92.2,0.866
sample_2626,91.9,0.856
sample_2627,92.1,0.854
sample_2628,91.3,0.857
sample_2629,91.9,0.853
sample_2630,91.4,0.855
sample_2631,90.2,0.846
sample_2632,91.0,0.842
sample_2633,91.7,0.856
sample_2634,91.9,0.857
sample_2635,91.0,0.841
sample_2636,91.8,0.857
sample_2637,90.7,0.847
sample_2638,91.8,0.854
sample_2639,91.2,0.853
sample_2640,90.6,0.843
sample_2641,91.4,0.848
sample_2642,90.3,0.848
sample_2643,91.6,0.855
sample_2644,91.4,0.850
sample_2645,91.5,0.848
sample_2646,90.5,0.851
sample_2647,91.0,0.851
sample_2648,91.9,0.850
sample_2649,90.8,0.854
sample_2650,90.8,0.846
sample_2651,91.1,0.854
sample_2652,91.4,0.855
sample_2653,91.6,0.851
sample_2654,92.1,0.849
sample_2655,90.1,0.845
sample_2656,91.4,0.847
sample_2657,89.9,0.839
sample_2658,91.0,0.845
sample_2659,91.6,0.858
sample_2660,92.0,0.856
sample_2661,90.9,0.839
sample_2662,90.7,0.850
sample_2663,91.0,0.852
sample_2664,92.3,0.863
sample_2665,92.1,0.859
sample_2666,91.5,0.854
sample_2667,90.4,0.845
sample_2668,91.0,0.837
sample_2669,89.8,0.838
sample_2670,90.5,0.833
sample_2671,90.7,0.854
sample_2672,92.6,0.854
sample_2673,91.1,0.849
sample_2674,90.6,0.844
sample_2675,91.5,0.848
sample_2676,91.4,0.846
sample_2677,91.4,0.846
sample_2678,91.0,0.852
sample_2679,90.7,0.856
sample_2680,93.1,0.853
sample_2681,90.5,0.847
sample_2682,91.1,0.851
sample_2683,90.6,0.847
sample_2684,91.6,0.842
sample_2685,91.2,0.850
sample_2686,90.1,0.844
sample_2687,92.2,0.848
sample_2688,90.4,0.841
sample_2689,91.2,0.849
sample_2690,90.7,0.835
sample_2691,91.6,0.849
sample_2692,90.5,0.846
sample_2693,91.6,0.854
sample_2694,92.2,0.851
sample_2695,92.3,0.852
sample_2696,91.1,0.846
sample_2697,90.7,0.843
sample_2698,92.0,0.856
sample_2699,90.2,0.841
sample_2700,91.2,0.841
sample_2701,91.1,0.851
sample_2702,91.6,0.855
sample_2703,91.7,0.855
sample_2704,91.6,0.853
sample_2705,92.1,0.852
sample_2706,91.1,0.850
sample_2707,91.1,0.852
sample_2708,90.9,0.846
sample_2709,90.2,0.840
sample_2710,91.3,0.851
sample_2711,91.7,0.855
sample_2712,91.4,0.847
sample_2713,91.5,0.849
sample_2714,90.5,0.846
sample_2715,90.9,0.849
sample_2716,90.8,0.850
sample_2717,92.4,0.852
sample_2718,90.4,0.832
sample_2719,91.3,0.848
sample_2720,93.0,0.864
sample_2721,91.9,0.853
sample_2722,91.0,0.831
sample_2723,90.6,0.852
sample_2724,90.9,0.846
sample_2725,90.4,0.843
sample_2726,90.7,0.855
sample_2727,91.6,0.842
sample_2728,90.9,0.853
sample_2729,90.4,0.843
sample_2730,91.5,0.851
sample_2731,91.6,0.847
sample_2732,91.7,0.857
sample_2733,90.9,0.842
sample_2734,91.3,0.857
sample_2735,90.8,0.846
sample_2736,89.1,0.827
sample_2737,91.8,0.852
sample_2738,92.2,0.850
sample_2739,91.9,0.850
sample_2740,90.3,0.831
sample_2741,91.9,0.854
sample_2742,91.9,0.852
sample_2743,90.3,0.847
sample_2744,91.7,0.848
sample_2745,91.4,0.849
sample_2746,90.5,0.842
sample_2747,90.1,0.832
sample_2748,90.7,0.847
sample_2749,91.4,0.851
sample_2750,91.9,0.851
sample_2751,91.0,0.849
sample_2752,91.2,0.854
sample_2753,92.3,0.859
sample_2754,90.0,0.826
sample_2755,91.0,0.848
sample_2756,91.5,0.849
sample_2757,90.4,0.846
sample_2758,90.3,0.843
sample_2759,90.0,0.845
sample_2760,90.7,0.844
sample_2761,91.9,0.866
sample_2762,90.3,0.847
sample_2763,91.5,0.851
sample_2764,89.7,0.832
sample_2765,92.3,0.854
sample_2766,91.0,0.851
sample_2767,90.0,0.844
sample_2768,90.3,0.836
sample_2769,90.0,0.838
sample_2770,91.4,0.847
sample_2771,91.5,0.859
sample_2772,90.5,0.848
sample_2773,90.3,0.853
sample_2774,91.7,0.858
sample_2775,91.3,0.850
sample_2776,90.0,0.839
sample_2777,91.9,0.856
sample_2778,91.2,0.849
sample_2779,89.7,0.818
sample_2780,91.7,0.852
sample_2781,91.4,0.852
sample_2782,90.3,0.849
sample_2783,90.6,0.844
sample_2784,91.7,0.857
sample_2785,91.3,0.849
sample_2786,91.6,0.858
sample_2787,91.7,0.855
sample_2788,90.5,0.845
sample_2789,91.2,0.837
sample_2790,91.7,0.849
sample_2791,91.9,0.852
sample_2792,92.3,0.855
sample_2793,91.8,0.857
sample_2794,91.4,0.854
sample_2795,92.3,0.859
sample_2796,90.4,0.844
sample_2797,91.0,0.849
sample_2798,91.6,0.859
sample_2799,91.5,0.855
sample_2800,91.6,0.855
sample_2801,91.1,0.845
sample_2802,92.2,0.851
sample_2803,91.6,0.854
sample_2804,91.3,0.852
sample_2805,91.5,0.849
sample_2806,91.6,0.849
sample_2807,91.2,0.842
sample_2808,91.6,0.849
sample_2809,89.2,0.833
sample_2810,90.3,0.849
sample_2811,90.8,0.839
sample_2812,91.5,0.843
sample_2813,91.6,0.857
sample_2814,90.7,0.845
sample_2815,91.4,0.858
sample_2816,89.9,0.846
sample_2817,90.6,0.844
sample_2818,90.7,0.855
sample_2819,91.3,0.849
sample_2820,90.6,0.854
sample_2821,91.4,0.848
sample_2822,92.1,0.857
sample_2823,91.5,0.847
sample_2824,90.0,0.846
sample_2825,90.4,0.836
sample_2826,92.0,0.853
sample_2827,92.0,0.853
sample_2828,91.6,0.850
sample_2829,91.7,0.852
sample_2830,92.1,0.860
sample_2831,92.0,0.863
sample_2832,91.3,0.852
sample_2833,91.4,0.847
sample_2834,91.4,0.854
sample_2835,90.9,0.849
sample_2836,89.3,0.842
sample_2837,92.5,0.855
sample_2838,91.3,0.847
sample_2839,91.6,0.858
sample_2840,92.9,0.860
sample_2841,91.5,0.861
sample_2842,89.4,0.817
sample_2843,91.1,0.855
sample_2844,91.3,0.855
sample_2845,89.7,0.813
sample_2846,91.4,0.857
sample_2847,92.0,0.854
sample_2848,91.5,0.856
sample_2849,90.5,0.840
sample_2850,91.1,0.844
sample_2851,91.9,0.853
sample_2852,90.5,0.846
sample_2853,92.0,0.848
sample_2854,91.1,0.852
sample_2855,92.3,0.857
sample_2856,91.5,0.852
sample_2857,90.6,0.848
sample_2858,91.7,0.859
sample_2859,91.5,0.853
sample_2860,91.1,0.835
sample_2861,92.6,0.858
sample_2862,92.7,0.855
sample_2863,90.4,0.840
sample_2864,90.9,0.854
sample_2865,91.9,0.840
sample_2866,91.8,0.853
sample_2867,91.6,0.856
sample_2868,90.8,0.842
sample_2869,90.8,0.834
sample_2870,91.3,0.850
sample_2871,91.7,0.858
sample_2872,92.0,0.848
sample_2873,91.2,0.851
sample_2874,90.5,0.844
sample_2875,91.3,0.849
sample_2876,92.7,0.858
sample_2877,90.4,0.843
sample_2878,91.1,0.849
sample_2879,91.7,0.852
sample_2880,90.7,0.835
sample_2881,92.5,0.866
sample_2882,91.7,0.860
sample_2883,91.7,0.854
sample_2884,91.5,0.852
sample_2885,91.1,0.841
sample_2886,91.9,0.848
sample_2887,90.7,0.844
sample_2888,90.7,0.841
sample_2889,91.1,0.844
sample_2890,92.2,0.861
sample_2891,91.5,0.857
sample_2892,91.1,0.858
sample_2893,90.7,0.853
sample_2894,91.6,0.853
sample_2895,92.3,0.860
sample_2896,91.6,0.853
sample_2897,92.3,0.857
sample_2898,91.5,0.856
sample_2899,91.3,0.844
sample_2900,91.0,0.853
sample_2901,91.5,0.851
sample_2902,91.9,0.858
sample_2903,91.2,0.852
sample_2904,91.6,0.849
sample_2905,91.6,0.857
sample_2906,90.5,0.839
sample_2907,92.0,0.852
sample_2908,91.4,0.858
sample_2909,91.3,0.858
sample_2910,91.4,0.841
sample_2911,91.9,0.858
sample_2912,91.6,0.854
sample_2913,90.9,0.845
sample_2914,91.0,0.856
sample_2915,90.2,0.839
sample_2916,90.3,0.844
sample_2917,91.7,0.857
sample_2918,91.9,0.848
sample_2919,89.6,0.826
sample_2920,91.5,0.857
sample_2921,90.7,0.839
sample_2922,90.9,0.849
sample_2923,92.4,0.848
sample_2924,91.4,0.851
sample_2925,92.0,0.857
sample_2926,90.8,0.851
sample_2927,91.6,0.850
sample_2928,90.9,0.858
sample_2929,91.6,0.860
sample_2930,92.3,0.848
sample_2931,92.0,0.857
sample_2932,91.3,0.856
sample_2933,90.9,0.844
sample_2934,91.7,0.855
sample_2935,90.2,0.843
sample_2936,91.3,0.850
sample_2937,91.6,0.854
sample_2938,90.8,0.852
sample_2939,91.3,0.851
sample_2940,89.9,0.834
sample_2941,90.1,0.840
sample_2942,91.2,0.847
sample_2943,90.9,0.846
sample_2944,92.7,0.861
sample_2945,91.5,0.855
sample_2946,91.0,0.851
sample_2947,90.7,0.847
sample_2948,91.2,0.852
sample_2949,91.6,0.855
sample_2950,91.5,0.850
sample_2951,91.0,0.852
sample_2952,91.3,0.856
sample_2953,91.8,0.858
sample_2954,90.1,0.847
sample_2955,90.6,0.842
sample_2956,91.2,0.852
sample_2957,90.6,0.845
sample_2958,90.2,0.838
sample_2959,92.6,0.864
sample_2960,91.1,0.842
sample_2961,90.6,0.845
sample_2962,90.9,0.849
sample_2963,91.4,0.851
sample_2964,91.8,0.863
sample_2965,91.3,0.846
sample_2966,91.3,0.846
sample_2967,91.1,0.847
sample_2968,90.2,0.841
sample_2969,91.4,0.853
sample_2970,91.1,0.842
sample_2971,91.6,0.845
sample_2972,90.5,0.837
sample_2973,91.0,0.841
sample_2974,91.4,0.851
sample_2975,91.8,0.848
sample_2976,90.4,0.852
sample_2977,91.6,0.855
sample_2978,90.1,0.835
sample_2979,91.5,0.849
sample_2980,92.2,0.853
sample_2981,90.9,0.845
sample_2982,90.0,0.841
sample_2983,91.9,0.851
sample_2984,91.7,0.851
sample_2985,90.9,0.854
sample_2986,91.8,0.855
sample_2987,91.6,0.861
sample_2988,91.6,0.848
sample_2989,92.8,0.852
sample_2990,90.5,0.836
sample_2991,91.5,0.854
sample_2992,92.1,0.854
sample_2993,91.5,0.854
sample_2994,90.3,0.833
sample_2995,91.7,0.845
sample_2996,91.9,0.859
sample_2997,92.4,0.863
sample_2998,90.8,0.839
sample_2999,90.2,0.838
sample_3000,91.8,0.851
sample_3001,92.2,0.855
sample_3002,91.9,0.852
sample_3003,92.4,0.855
sample_3004,89.9,0.845
sample_3005,92.0,0.855
sample_3006,91.5,0.852
sample_3007,91.6,0.843
sample_3008,91.2,0.853
sample_3009,90.5,0.840
sample_3010,91.6,0.859
sample_3011,91.8,0.855
sample_3012,91.4,0.852
sample_3013,92.5,0.856
sample_3014,91.5,0.855
sample_3015,90.8,0.839
sample_3016,91.0,0.850
sample_3017,91.8,0.847
sample_3018,91.2,0.847
sample_3019,92.9,0.855
sample_3020,90.7,0.853
sample_3021,90.6,0.842
sample_3022,91.3,0.855
sample_3023,90.9,0.847
sample_3024,93.2,0.863
sample_3025,91.5,0.849
sample_3026,90.8,0.847
sample_3027,91.5,0.857
sample_3028,90.4,0.844
sample_3029,90.3,0.832
sample_3030,91.3,0.841
sample_3031,91.6,0.861
sample_3032,91.0,0.852
sample_3033,91.7,0.855
sample_3034,91.8,0.842
sample_3035,92.3,0.853
sample_3036,91.6,0.852
sample_3037,92.8,0.861
sample_3038,91.6,0.852
sample_3039,91.9,0.853
sample_3040,91.7,0.850
sample_3041,89.7,0.850
sample_3042,91.7,0.852
sample_3043,91.2,0.846
sample_3044,90.9,0.848
sample_3045,90.8,0.853
sample_3046,91.1,0.842
sample_3047,91.9,0.853
sample_3048,90.4,0.843
sample_3049,91.7,0.854
sample_3050,90.0,0.829
sample_3051,91.0,0.842
sample_3052,92.0,0.857
sample_3053,90.8,0.846
sample_3054,92.3,0.858
sample_3055,92.1,0.864
sample_3056,91.9,0.860
sample_3057,91.5,0.858
sample_3058,93.7,0.858
sample_3059,90.0,0.849
sample_3060,90.7,0.843
sample_3061,91.3,0.850
sample_3062,91.4,0.854
sample_3063,90.7,0.848
sample_3064,90.9,0.849
sample_3065,91.0,0.843
sample_3066,91.5,0.846
sample_3067,90.9,0.839
sample_3068,90.5,0.850
sample_3069,91.0,0.843
sample_3070,90.6,0.838
sample_3071,91.3,0.856
sample_3072,90.8,0.841
sample_3073,90.8,0.849
sample_3074,91.9,0.852
sample_3075,90.6,0.854
sample_3076,90.9,0.843
sample_3077,90.9,0.851
sample_3078,90.2,0.847
sample_3079,92.2,0.856
sample_3080,91.3,0.860
sample_3081,91.7,0.856
sample_3082,92.6,0.859
sample_3083,91.7,0.853
sample_3084,91.7,0.853
sample_3085,91.8,0.855
sample_3086,90.4,0.843
sample_3087,89.8,0.841
sample_3088,90.0,0.839
sample_3089,91.7,0.851
sample_3090,91.4,0.848
sample_3091,91.4,0.848
sample_3092,89.4,0.830
sample_3093,91.0,0.855
sample_3094,92.7,0.859
sample_3095,90.8,0.854
sample_3096,92.5,0.855
sample_3097,91.8,0.854
sample_3098,92.0,0.854
sample_3099,91.0,0.845
sample_3100,91.5,0.848
sample_3101,90.2,0.842
sample_3102,91.4,0.847
sample_3103,92.2,0.851
sample_3104,91.3,0.849
sample_3105,91.7,0.851
sample_3106,91.5,0.855
sample_3107,91.6,0.854
sample_3108,91.4,0.847
sample_3109,90.4,0.843
sample_3110,90.4,0.851
sample_3111,90.6,0.842
sample_3112,89.4,0.843
sample_3113,91.4,0.851
sample_3114,91.0,0.840
sample_3115,91.2,0.845
sample_3116,91.7,0.847
sample_3117,90.9,0.849
sample_3118,91.4,0.851
sample_3119,91.5,0.854
sample_3120,92.5,0.862
sample_3121,91.7,0.847
sample_3122,91.2,0.848
sample_3123,91.6,0.857
sample_3124,91.8,0.850
sample_3125,91.3,0.851
sample_3126,91.6,0.848
sample_3127,90.3,0.849
sample_3128,91.7,0.853
sample_3129,90.7,0.847
sample_3130,91.9,0.854
sample_3131,91.9,0.855
sample_3132,91.6,0.854
sample_3133,91.6,0.854
sample_3134,90.7,0.842
sample_3135,91.3,0.858
sample_3136,91.9,0.852
sample_3137,90.4,0.844
sample_3138,91.5,0.852
sample_3139,90.6,0.841
sample_3140,91.2,0.847
sample_3141,91.0,0.848
sample_3142,92.0,0.857
sample_3143,90.6,0.842
sample_3144,91.8,0.852
sample_3145,90.7,0.845
sample_3146,92.1,0.857
sample_3147,91.3,0.851
sample_3148,92.1,0.857
sample_3149,91.2,0.848
sample_3150,91.8,0.858
sample_3151,91.5,0.857
sample_3152,91.0,0.846
sample_3153,90.5,0.841
sample_3154,91.5,0.853
sample_3155,91.0,0.857
sample_3156,91.4,0.859
sample_3157,91.9,0.855
sample_3158,92.1,0.856
sample_3159,92.2,0.855
sample_3160,89.6,0.840
sample_3161,91.8,0.856
sample_3162,91.2,0.840
sample_3163,91.0,0.857
sample_3164,90.9,0.849
sample_3165,91.4,0.851
sample_3166,91.3,0.850
sample_3167,90.8,0.850
sample_3168,90.5,0.846
sample_3169,91.6,0.861
sample_3170,91.2,0.860
sample_3171,90.7,0.847
sample_3172,91.0,0.846
sample_3173,91.0,0.845
sample_3174,91.5,0.854
sample_3175,90.6,0.842
sample_3176,91.5,0.857
sample_3177,89.7,0.820
sample_3178,90.4,0.845
sample_3179,91.8,0.852
sample_3180,91.2,0.849
sample_3181,90.7,0.851
sample_3182,92.6,0.860
sample_3183,90.1,0.828
sample_3184,91.5,0.854
sample_3185,91.0,0.853
sample_3186,91.2,0.851
sample_3187,91.0,0.842
sample_3188,90.7,0.840
sample_3189,90.2,0.845
sample_3190,90.7,0.844
sample_3191,91.0,0.854
sample_3192,91.6,0.851
sample_3193,92.3,0.860
sample_3194,92.8,0.866
sample_3195,91.4,0.850
sample_3196,89.7,0.837
sample_3197,91.7,0.854
sample_3198,91.7,0.856
sample_3199,91.5,0.856
sample_3200,92.2,0.848
sample_3201,91.4,0.844
sample_3202,89.8,0.837
sample_3203,90.3,0.848
sample_3204,91.1,0.856
sample_3205,91.1,0.850
sample_3206,91.4,0.852
sample_3207,90.6,0.858
sample_3208,91.9,0.847
sample_3209,91.5,0.849
sample_3210,91.5,0.855
sample_3211,91.2,0.859
sample_3212,91.0,0.854
sample_3213,91.3,0.850
sample_3214,91.5,0.848
sample_3215,91.2,0.856
sample_3216,89.2,0.834
sample_3217,90.0,0.842
sample_3218,91.1,0.849
sample_3219,91.5,0.859
sample_3220,91.2,0.847
sample_3221,91.9,0.856
sample_3222,91.2,0.842
sample_3223,91.6,0.852
sample_3224,92.1,0.850
sample_3225,91.1,0.847
sample_3226,91.3,0.854
sample_3227,91.2,0.850
sample_3228,92.2,0.854
sample_3229,91.9,0.850
sample_3230,91.1,0.850
sample_3231,91.5,0.846
sample_3232,90.6,0.831
sample_3233,90.2,0.844
sample_3234,89.8,0.829
sample_3235,91.0,0.830
sample_3236,91.8,0.859
sample_3237,90.0,0.842
sample_3238,90.7,0.844
sample_3239,91.6,0.859
sample_3240,88.9,0.829
sample_3241,91.5,0.845
sample_3242,92.4,0.862
sample_3243,89.7,0.845
sample_3244,92.4,0.853
sample_3245,91.5,0.855
sample_3246,90.5,0.856
sample_3247,91.8,0.858
sample_3248,91.4,0.853
sample_3249,92.2,0.860
sample_3250,91.4,0.856
sample_3251,92.0,0.848
sample_3252,92.0,0.855
sample_3253,91.4,0.848
sample_3254,91.9,0.861
sample_3255,91.1,0.852
sample_3256,90.0,0.836
sample_3257,91.0,0.851
sample_3258,91.1,0.846
sample_3259,90.3,0.843
sample_3260,91.1,0.862
sample_3261,91.3,0.847
sample_3262,89.4,0.838
sample_3263,90.5,0.849
sample_3264,91.1,0.852
sample_3265,91.9,0.856
sample_3266,91.1,0.851
sample_3267,91.6,0.847
sample_3268,91.2,0.845
sample_3269,92.5,0.863
sample_3270,90.7,0.853
sample_3271,91.4,0.855
sample_3272,89.8,0.846
sample_3273,90.8,0.845
sample_3274,91.5,0.857
sample_3275,92.5,0.857
sample_3276,91.3,0.852
sample_3277,91.3,0.854
sample_3278,92.2,0.857
sample_3279,90.9,0.851
sample_3280,91.1,0.850
sample_3281,91.3,0.850
sample_3282,91.7,0.856
sample_3283,92.6,0.862
sample_3284,92.1,0.848
sample_3285,91.4,0.854
sample_3286,90.3,0.843
sample_3287,91.3,0.855
sample_3288,92.0,0.861
sample_3289,91.3,0.848
sample_3290,91.9,0.859
sample_3291,90.5,0.848
sample_3292,90.2,0.847
sample_3293,91.0,0.851
sample_3294,92.4,0.861
sample_3295,91.3,0.850
sample_3296,91.7,0.861
sample_3297,90.3,0.844
sample_3298,91.5,0.840
sample_3299,90.7,0.847
sample_3300,91.2,0.851
sample_3301,91.7,0.857
sample_3302,91.1,0.857
sample_3303,90.6,0.847
sample_3304,90.4,0.843
sample_3305,91.5,0.850
sample_3306,91.2,0.844
sample_3307,89.9,0.846
sample_3308,91.7,0.850
sample_3309,92.1,0.856
sample_3310,92.0,0.853
sample_3311,90.4,0.843
sample_3312,90.8,0.848
sample_3313,90.9,0.842
sample_3314,90.3,0.838
sample_3315,91.4,0.859
sample_3316,91.5,0.858
sample_3317,91.1,0.848
sample_3318,92.3,0.857
sample_3319,91.4,0.851
sample_3320,91.1,0.839
sample_3321,89.7,0.847
sample_3322,90.6,0.848
sample_3323,90.6,0.844
sample_3324,91.1,0.844
sample_3325,91.1,0.845
sample_3326,92.7,0.865
sample_3327,92.0,0.853
sample_3328,91.3,0.851
sample_3329,91.7,0.861
sample_3330,90.9,0.845
sample_3331,90.3,0.846
sample_3332,92.0,0.853
sample_3333,90.0,0.837
sample_3334,91.1,0.846
sample_3335,91.4,0.854
sample_3336,91.9,0.853
sample_3337,91.9,0.852
sample_3338,90.8,0.845
sample_3339,91.2,0.848
sample_3340,91.2,0.859
sample_3341,90.6,0.845
sample_3342,90.5,0.834
sample_3343,92.0,0.853
sample_3344,90.8,0.851
sample_3345,91.0,0.845
sample_3346,88.7,0.842
sample_3347,91.7,0.856
sample_3348,91.3,0.851
sample_3349,90.7,0.853
sample_3350,90.2,0.840
sample_3351,90.4,0.848
sample_3352,91.7,0.853
sample_3353,91.6,0.857
sample_3354,92.2,0.848
sample_3355,90.4,0.848
sample_3356,91.1,0.845
sample_3357,90.7,0.854
sample_3358,92.3,0.853
sample_3359,91.3,0.838
sample_3360,90.8,0.848
sample_3361,90.3,0.830
sample_3362,91.1,0.842
sample_3363,91.7,0.852
sample_3364,92.3,0.855
sample_3365,91.2,0.848
sample_3366,92.1,0.862
sample_3367,90.5,0.847
sample_3368,91.7,0.860
sample_3369,91.8,0.858
sample_3370,90.0,0.842
sample_3371,91.1,0.850
sample_3372,90.6,0.841
sample_3373,90.9,0.842
sample_3374,91.9,0.855
sample_3375,91.1,0.849
sample_3376,91.4,0.853
sample_3377,91.9,0.857
sample_3378,90.4,0.848
sample_3379,90.0,0.838
sample_3380,90.8,0.844
sample_3381,91.6,0.854
sample_3382,90.2,0.842
sample_3383,90.5,0.830
sample_3384,91.7,0.850
sample_3385,91.5,0.860
sample_3386,90.9,0.850
sample_3387,91.7,0.857
sample_3388,91.4,0.857
sample_3389,92.1,0.847
sample_3390,91.2,0.850
sample_3391,90.9,0.841
sample_3392,90.6,0.841
sample_3393,90.4,0.825
sample_3394,92.0,0.856
sample_3395,90.1,0.847
sample_3396,91.5,0.852
sample_3397,91.5,0.858
sample_3398,90.0,0.843
sample_3399,91.9,0.845
sample_3400,91.5,0.852
sample_3401,90.0,0.844
sample_3402,90.8,0.847
sample_3403,91.8,0.851
sample_3404,91.1,0.844
sample_3405,91.7,0.855
sample_3406,90.4,0.841
sample_3407,90.5,0.845
sample_3408,92.3,0.860
sample_3409,92.5,0.850
sample_3410,91.3,0.845
sample_3411,91.7,0.851
sample_3412,91.5,0.853
sample_3413,91.4,0.849
sample_3414,91.4,0.847
sample_3415,91.7,0.850
sample_3416,90.3,0.847
sample_3417,90.2,0.856
sample_3418,91.7,0.860
sample_3419,90.9,0.843
sample_3420,91.5,0.855
sample_3421,91.1,0.847
sample_3422,92.0,0.857
sample_3423,90.2,0.837
sample_3424,91.4,0.845
sample_3425,91.4,0.842
sample_3426,91.0,0.855
sample_3427,91.2,0.849
sample_3428,91.7,0.854
sample_3429,91.0,0.851
sample_3430,91.6,0.845
sample_3431,91.9,0.859
sample_3432,91.7,0.856
sample_3433,91.2,0.849
sample_3434,91.7,0.856
sample_3435,91.6,0.859
sample_3436,91.1,0.853
sample_3437,92.1,0.854
sample_3438,92.0,0.850
sample_3439,91.7,0.857
sample_3440,91.2,0.847
sample_3441,90.9,0.847
sample_3442,91.6,0.854
sample_3443,91.7,0.857
sample_3444,91.8,0.853
sample_3445,91.5,0.846
sample_3446,92.2,0.858
sample_3447,91.0,0.842
sample_3448,92.5,0.860
sample_3449,91.8,0.856
sample_3450,90.4,0.832
sample_3451,91.9,0.856
sample_3452,91.4,0.844
sample_3453,91.6,0.851
sample_3454,90.9,0.842
sample_3455,91.4,0.853
sample_3456,91.9,0.862
sample_3457,92.1,0.849
sample_3458,90.5,0.846
sample_3459,91.3,0.849
sample_3460,92.2,0.854
sample_3461,91.0,0.855
sample_3462,91.3,0.852
sample_3463,89.8,0.845
sample_3464,90.8,0.850
sample_3465,91.9,0.856
sample_3466,91.4,0.857
sample_3467,91.2,0.852
sample_3468,91.5,0.856
sample_3469,91.9,0.858
sample_3470,91.6,0.856
sample_3471,91.8,0.851
sample_3472,92.0,0.856
sample_3473,90.9,0.851
sample_3474,91.2,0.847
sample_3475,90.6,0.842
sample_3476,90.1,0.843
sample_3477,91.2,0.854
sample_3478,91.0,0.840
sample_3479,91.5,0.853
sample_3480,90.1,0.847
sample_3481,90.8,0.845
sample_3482,91.8,0.851
sample_3483,92.2,0.857
sample_3484,90.3,0.839
sample_3485,91.6,0.857
sample_3486,92.2,0.857
sample_3487,89.9,0.838
sample_3488,92.4,0.854
sample_3489,91.7,0.856
sample_3490,91.6,0.850
sample_3491,91.1,0.849
sample_3492,91.8,0.851
sample_3493,92.1,0.862
sample_3494,91.3,0.851
sample_3495,89.9,0.827
sample_3496,91.9,0.847
sample_3497,90.4,0.851
sample_3498,91.9,0.851
sample_3499,90.7,0.836
sample_3500,91.4,0.839
sample_3501,92.0,0.865
sample_3502,92.2,0.861
sample_3503,91.1,0.844
sample_3504,92.1,0.855
sample_3505,90.5,0.842
sample_3506,93.5,0.863
sample_3507,90.4,0.849
sample_3508,89.9,0.845
sample_3509,91.1,0.843
sample_3510,91.9,0.854
sample_3511,89.3,0.841
sample_3512,91.7,0.848
sample_3513,90.9,0.844
sample_3514,90.8,0.842
sample_3515,91.6,0.851
sample_3516,91.7,0.850
sample_3517,91.0,0.849
sample_3518,91.1,0.853
sample_3519,91.3,0.856
sample_3520,91.2,0.845
sample_3521,90.5,0.845
sample_3522,90.7,0.838
sample_3523,91.4,0.854
sample_3524,92.0,0.857
sample_3525,91.3,0.858
sample_3526,90.4,0.850
sample_3527,91.0,0.849
sample_3528,91.3,0.855
sample_3529,93.0,0.863
sample_3530,91.1,0.844
sample_3531,90.9,0.843
sample_3532,90.3,0.842
sample_3533,90.9,0.849
sample_3534,90.4,0.847
sample_3535,91.4,0.846
sample_3536,91.3,0.844
sample_3537,91.5,0.851
sample_3538,91.4,0.846
sample_3539,89.9,0.828
sample_3540,91.7,0.856
sample_3541,91.7,0.854
sample_3542,92.2,0.857
sample_3543,91.4,0.860
sample_3544,91.3,0.841
sample_3545,91.0,0.847
sample_3546,90.8,0.843
sample_3547,91.6,0.851
sample_3548,91.2,0.848
sample_3549,90.1,0.838
sample_3550,91.1,0.846
sample_3551,91.7,0.849
sample_3552,90.5,0.845
sample_3553,90.9,0.849
sample_3554,91.3,0.859
sample_3555,91.5,0.848
sample_3556,91.3,0.845
sample_3557,91.5,0.859
sample_3558,91.2,0.849
sample_3559,91.4,0.849
sample_3560,90.0,0.844
sample_3561,91.3,0.855
sample_3562,90.1,0.843
sample_3563,91.3,0.851
sample_3564,90.5,0.834
sample_3565,91.6,0.856
sample_3566,91.8,0.855
sample_3567,91.1,0.839
sample_3568,90.9,0.843
sample_3569,89.9,0.839
sample_3570,91.8,0.856
sample_3571,89.7,0.842
sample_3572,91.9,0.859
sample_3573,91.3,0.851
sample_3574,91.3,0.860
sample_3575,91.5,0.849
sample_3576,91.1,0.845
sample_3577,91.9,0.853
sample_3578,90.7,0.838
sample_3579,91.8,0.852
sample_3580,90.7,0.844
sample_3581,90.3,0.837
sample_3582,89.9,0.837
sample_3583,91.4,0.853
sample_3584,90.6,0.830
sample_3585,92.4,0.859
sample_3586,90.7,0.849
sample_3587,91.6,0.853
sample_3588,91.9,0.859
sample_3589,90.6,0.837
sample_3590,91.5,0.842
sample_3591,90.3,0.843
sample_3592,91.6,0.852
sample_3593,90.9,0.843
sample_3594,91.6,0.858
sample_3595,92.0,0.860
sample_3596,92.1,0.859
sample_3597,90.8,0.856
sample_3598,91.0,0.856
sample_3599,91.7,0.855
sample_3600,89.6,0.843
sample_3601,91.5,0.855
sample_3602,91.1,0.852
sample_3603,89.9,0.827
sample_3604,91.7,0.856
sample_3605,91.5,0.852
sample_3606,91.0,0.846
sample_3607,90.4,0.849
sample_3608,90.3,0.832
sample_3609,92.2,0.858
sample_3610,91.3,0.850
sample_3611,91.3,0.852
sample_3612,92.2,0.855
sample_3613,91.3,0.844
sample_3614,90.9,0.849
sample_3615,91.0,0.847
sample_3616,90.1,0.851
sample_3617,91.7,0.853
sample_3618,91.6,0.854
sample_3619,92.1,0.855
sample_3620,91.8,0.853
sample_3621,90.9,0.849
sample_3622,91.6,0.856
sample_3623,90.3,0.846
sample_3624,90.6,0.843
sample_3625,91.7,0.854
sample_3626,91.3,0.851
sample_3627,91.2,0.849
sample_3628,90.6,0.841
sample_3629,92.7,0.863
sample_3630,90.8,0.846
sample_3631,91.4,0.857
sample_3632,90.4,0.835
sample_3633,91.3,0.849
sample_3634,90.9,0.844
sample_3635,92.3,0.860
sample_3636,91.1,0.849
sample_3637,90.9,0.844
sample_3638,90.4,0.840
sample_3639,91.1,0.850
sample_3640,89.6,0.838
sample_3641,91.5,0.860
sample_3642,91.1,0.851
sample_3643,91.0,0.840
sample_3644,92.1,0.854
sample_3645,90.9,0.842
sample_3646,91.9,0.857
sample_3647,91.8,0.855
sample_3648,91.6,0.852
sample_3649,92.0,0.858
sample_3650,89.6,0.841
sample_3651,91.0,0.844
sample_3652,90.8,0.846
sample_3653,92.1,0.860
sample_3654,92.1,0.857
sample_3655,92.2,0.857
sample_3656,91.5,0.849
sample_3657,90.6,0.841
sample_3658,90.9,0.853
sample_3659,91.0,0.836
sample_3660,90.5,0.841
sample_3661,90.7,0.856
sample_3662,91.3,0.852
sample_3663,91.1,0.851
sample_3664,91.1,0.850
sample_3665,92.2,0.852
sample_3666,89.9,0.834
sample_3667,91.7,0.851
sample_3668,92.4,0.857
sample_3669,89.7,0.839
sample_3670,89.9,0.845
sample_3671,91.5,0.854
sample_3672,90.9,0.845
sample_3673,91.7,0.854
sample_3674,91.5,0.854
sample_3675,91.4,0.847
sample_3676,91.8,0.848
sample_3677,91.0,0.847
sample_3678,91.3,0.859
sample_3679,92.1,0.857
sample_3680,91.9,0.857
sample_3681,92.1,0.851
sample_3682,92.0,0.852
sample_3683,91.3,0.849
sample_3684,91.4,0.842
sample_3685,92.0,0.850
sample_3686,92.4,0.861
sample_3687,91.2,0.853
sample_3688,91.3,0.854
sample_3689,91.1,0.855
sample_3690,90.1,0.842
sample_3691,91.7,0.856
sample_3692,91.3,0.838
sample_3693,91.5,0.853
sample_3694,90.7,0.832
sample_3695,90.8,0.852
sample_3696,92.2,0.857
sample_3697,92.0,0.858
sample_3698,91.3,0.851
sample_3699,90.4,0.845
sample_3700,93.0,0.866
sample_3701,91.4,0.859
sample_3702,91.7,0.858
sample_3703,90.1,0.841
sample_3704,91.8,0.860
sample_3705,91.3,0.847
sample_3706,89.8,0.835
sample_3707,90.5,0.850
sample_3708,91.4,0.843
sample_3709,91.1,0.846
sample_3710,92.4,0.850
sample_3711,90.6,0.840
sample_3712,92.0,0.853
sample_3713,90.7,0.837
sample_3714,91.1,0.843
sample_3715,90.3,0.846
sample_3716,91.0,0.846
sample_3717,90.8,0.834
sample_3718,91.1,0.855
sample_3719,91.1,0.854
sample_3720,90.4,0.842
sample_3721,91.5,0.857
sample_3722,91.4,0.848
sample_3723,90.8,0.848
sample_3724,91.4,0.843
sample_3725,91.5,0.858
sample_3726,91.0,0.840
sample_3727,91.9,0.857
sample_3728,89.9,0.840
sample_3729,91.3,0.854
sample_3730,90.1,0.836
sample_3731,90.3,0.842
sample_3732,91.6,0.852
sample_3733,91.4,0.855
sample_3734,91.8,0.846
sample_3735,92.1,0.851
sample_3736,91.5,0.853
sample_3737,90.5,0.828
sample_3738,90.6,0.843
sample_3739,91.7,0.848
sample_3740,89.7,0.832
sample_3741,92.5,0.862
sample_3742,90.6,0.845
sample_3743,90.4,0.846
sample_3744,91.7,0.850
sample_3745,91.2,0.840
sample_3746,91.6,0.852
sample_3747,90.3,0.849
sample_3748,92.1,0.854
sample_3749,90.4,0.836
sample_3750,91.7,0.849
sample_3751,91.2,0.855
sample_3752,90.6,0.839
sample_3753,92.7,0.855
sample_3754,91.1,0.853
sample_3755,91.5,0.852
sample_3756,91.4,0.845
sample_3757,91.8,0.850
sample_3758,91.7,0.850
sample_3759,92.5,0.864
sample_3760,91.0,0.851
sample_3761,91.5,0.855
sample_3762,91.4,0.855
sample_3763,90.2,0.845
sample_3764,89.9,0.841
sample_3765,91.1,0.852
sample_3766,90.6,0.849
sample_3767,91.8,0.850
sample_3768,91.2,0.848
sample_3769,91.4,0.856
sample_3770,92.2,0.858
sample_3771,91.4,0.856
sample_3772,91.7,0.852
sample_3773,90.1,0.841
sample_3774,91.9,0.858
sample_3775,89.9,0.839
sample_3776,91.2,0.846
sample_3777,91.5,0.851
sample_3778,90.8,0.846
sample_3779,91.7,0.846
sample_3780,91.8,0.852
sample_3781,90.3,0.849
sample_3782,91.3,0.852
sample_3783,90.5,0.839
sample_3784,91.2,0.854
sample_3785,91.2,0.852
sample_3786,89.8,0.836
sample_3787,91.4,0.853
sample_3788,90.7,0.837
sample_3789,91.2,0.854
sample_3790,91.3,0.845
sample_3791,90.2,0.829
sample_3792,91.3,0.846
sample_3793,92.4,0.853
sample_3794,90.5,0.835
sample_3795,93.0,0.867
sample_3796,91.4,0.857
sample_3797,90.2,0.831
sample_3798,90.6,0.844
sample_3799,90.6,0.855
sample_3800,90.8,0.835
sample_3801,91.5,0.852
sample_3802,91.6,0.854
sample_3803,91.3,0.848
sample_3804,91.9,0.852
sample_3805,91.9,0.846
sample_3806,90.4,0.846
sample_3807,91.2,0.853
sample_3808,91.2,0.847
sample_3809,91.0,0.847
sample_3810,91.1,0.852
sample_3811,91.7,0.841
sample_3812,91.5,0.849
sample_3813,92.2,0.856
sample_3814,91.6,0.850
sample_3815,90.3,0.845
sample_3816,90.8,0.847
sample_3817,91.5,0.851
sample_3818,91.5,0.853
sample_3819,91.8,0.846
sample_3820,91.4,0.853
sample_3821,92.0,0.847
sample_3822,92.2,0.856
sample_3823,90.9,0.854
sample_3824,92.4,0.858
sample_3825,91.6,0.858
sample_3826,91.3,0.854
sample_3827,91.2,0.849
sample_3828,91.1,0.852
sample_3829,91.5,0.849
sample_3830,91.6,0.851
sample_3831,91.1,0.850
sample_3832,89.9,0.848
sample_3833,92.4,0.854
sample_3834,91.3,0.854
sample_3835,91.7,0.847
sample_3836,91.4,0.851
sample_3837,91.9,0.855
sample_3838,90.6,0.846
sample_3839,91.9,0.857
sample_3840,91.4,0.853
sample_3841,90.4,0.848
sample_3842,90.6,0.844
sample_3843,91.5,0.854
sample_3844,91.7,0.855
sample_3845,91.0,0.859
sample_3846,90.8,0.846
sample_3847,91.6,0.852
sample_3848,91.0,0.843
sample_3849,92.3,0.856
sample_3850,90.5,0.848
sample_3851,91.7,0.858
sample_3852,91.8,0.858
sample_3853,91.9,0.861
sample_3854,91.3,0.847
sample_3855,91.5,0.850
sample_3856,90.6,0.842
sample_3857,90.7,0.841
sample_3858,90.6,0.848
sample_3859,89.6,0.840
sample_3860,91.6,0.854
sample_3861,91.6,0.852
sample_3862,90.1,0.842
sample_3863,91.5,0.851
sample_3864,91.7,0.858
sample_3865,91.7,0.851
sample_3866,92.4,0.853
sample_3867,91.8,0.853
sample_3868,91.7,0.853
sample_3869,91.0,0.848
sample_3870,91.3,0.846
sample_3871,91.8,0.845
sample_3872,89.8,0.839
sample_3873,91.3,0.851
sample_3874,90.6,0.844
sample_3875,91.5,0.850
sample_3876,91.7,0.856
sample_3877,92.3,0.861
sample_3878,91.3,0.851
sample_3879,92.6,0.860
sample_3880,90.9,0.851
sample_3881,91.9,0.849
sample_3882,91.1,0.857
sample_3883,92.1,0.857
sample_3884,91.0,0.846
sample_3885,90.9,0.851
sample_3886,92.0,0.853
sample_3887,90.9,0.843
sample_3888,91.3,0.851
sample_3889,91.0,0.839
sample_3890,91.7,0.857
sample_3891,91.9,0.852
sample_3892,92.6,0.858
sample_3893,92.3,0.852
sample_3894,90.6,0.849
sample_3895,91.4,0.858
sample_3896,91.0,0.843
sample_3897,90.9,0.846
sample_3898,91.3,0.850
sample_3899,92.0,0.847
sample_3900,91.6,0.857
sample_3901,90.7,0.849
sample_3902,91.4,0.852
sample_3903,92.1,0.852
sample_3904,92.0,0.854
sample_3905,89.9,0.830
sample_3906,92.6,0.856
sample_3907,91.2,0.847
sample_3908,91.7,0.861
sample_3909,90.0,0.839
sample_3910,91.0,0.849
sample_3911,92.7,0.861
sample_3912,89.7,0.842
sample_3913,90.9,0.850
sample_3914,91.8,0.849
sample_3915,91.2,0.855
sample_3916,90.5,0.833
sample_3917,93.1,0.861
sample_3918,91.4,0.860
sample_3919,90.8,0.847
sample_3920,91.3,0.844
sample_3921,92.6,0.856
sample_3922,90.5,0.848
sample_3923,89.7,0.837
sample_3924,91.8,0.854
sample_3925,90.7,0.848
sample_3926,90.1,0.842
sample_3927,91.8,0.854
sample_3928,90.5,0.854
sample_3929,91.6,0.849
sample_3930,91.6,0.850
sample_3931,91.9,0.852
sample_3932,91.8,0.852
sample_3933,91.5,0.849
sample_3934,91.8,0.847
sample_3935,91.4,0.858
sample_3936,89.8,0.842
sample_3937,91.1,0.845
sample_3938,90.8,0.848
sample_3939,91.2,0.849
sample_3940,90.4,0.832
sample_3941,90.5,0.847
sample_3942,91.4,0.852
sample_3943,89.9,0.843
sample_3944,90.6,0.853
sample_3945,93.5,0.865
sample_3946,90.5,0.843
sample_3947,91.2,0.840
sample_3948,91.0,0.852
sample_3949,90.4,0.844
sample_3950,91.6,0.854
sample_3951,90.8,0.854
sample_3952,91.0,0.835
sample_3953,91.4,0.850
sample_3954,91.0,0.860
sample_3955,91.1,0.857
sample_3956,90.8,0.842
sample_3957,92.7,0.858
sample_3958,90.6,0.849
sample_3959,89.2,0.832
sample_3960,91.2,0.854
sample_3961,92.1,0.854
sample_3962,90.0,0.839
sample_3963,91.1,0.845
sample_3964,92.0,0.847
sample_3965,91.5,0.857
sample_3966,90.1,0.826
sample_3967,90.2,0.850
sample_3968,91.6,0.847
sample_3969,91.6,0.850
sample_3970,91.0,0.844
sample_3971,91.3,0.854
sample_3972,90.5,0.840
sample_3973,91.7,0.856
sample_3974,91.8,0.845
sample_3975,91.4,0.857
sample_3976,91.9,0.857
sample_3977,91.6,0.844
sample_3978,91.2,0.854
sample_3979,91.4,0.861
sample_3980,91.3,0.852
sample_3981,91.6,0.853
sample_3982,90.9,0.852
sample_3983,91.4,0.843
sample_3984,90.3,0.832
sample_3985,91.7,0.859
sample_3986,91.8,0.848
sample_3987,91.3,0.849
sample_3988,91.9,0.857
sample_3989,90.9,0.838
sample_3990,91.5,0.849
sample_3991,91.0,0.850
sample_3992,91.2,0.848
sample_3993,92.1,0.863
sample_3994,90.6,0.849
sample_3995,92.2,0.856
sample_3996,90.7,0.843
sample_3997,90.7,0.848
sample_3998,90.8,0.850
sample_3999,92.3,0.861
sample_4000,90.6,0.849
sample_4001,91.9,0.859
sample_4002,92.9,0.865
sample_4003,90.4,0.844
sample_4004,90.5,0.861
sample_4005,91.8,0.846
sample_4006,92.7,0.861
sample_4007,90.8,0.850
sample_4008,89.7,0.832
sample_4009,90.8,0.834
sample_4010,90.7,0.846
sample_4011,90.2,0.846
sample_4012,90.7,0.848
sample_4013,91.0,0.850
sample_4014,91.8,0.858
sample_4015,91.4,0.855
sample_4016,90.8,0.847
sample_4017,91.1,0.855
sample_4018,91.7,0.850
sample_4019,89.8,0.837
sample_4020,91.9,0.850
sample_4021,92.5,0.856
sample_4022,90.0,0.827
sample_4023,92.3,0.852
sample_4024,91.0,0.843
sample_4025,91.0,0.843
sample_4026,90.4,0.850
sample_4027,91.3,0.844
sample_4028,91.8,0.853
sample_4029,91.1,0.852
sample_4030,90.7,0.852
sample_4031,92.0,0.849
sample_4032,91.3,0.853
sample_4033,92.2,0.858
sample_4034,91.1,0.853
sample_4035,92.1,0.855
sample_4036,91.0,0.846
sample_4037,92.4,0.857
sample_4038,90.9,0.846
sample_4039,91.4,0.854
sample_4040,90.6,0.847
sample_4041,91.7,0.853
sample_4042,91.2,0.851
sample_4043,91.5,0.849
sample_4044,90.6,0.847
sample_4045,92.4,0.864
sample_4046,90.5,0.837
sample_4047,90.7,0.843
sample_4048,91.2,0.858
sample_4049,90.5,0.853
sample_4050,91.3,0.849
sample_4051,90.9,0.840
sample_4052,92.5,0.859
sample_4053,92.6,0.863
sample_4054,92.2,0.848
sample_4055,91.6,0.850
sample_4056,91.2,0.850
sample_4057,90.2,0.845
sample_4058,92.3,0.858
sample_4059,91.3,0.852
sample_4060,90.7,0.845
sample_4061,90.4,0.842
sample_4062,90.8,0.847
sample_4063,90.6,0.847
sample_4064,91.5,0.846
sample_4065,90.5,0.844
sample_4066,90.9,0.849
sample_4067,91.8,0.862
sample_4068,91.6,0.855
sample_4069,91.2,0.851
sample_4070,90.8,0.845
sample_4071,91.7,0.854
sample_4072,90.0,0.832
sample_4073,90.3,0.843
sample_4074,90.8,0.856
sample_4075,92.0,0.848
sample_4076,91.4,0.847
sample_4077,91.6,0.850
sample_4078,91.7,0.856
sample_4079,91.3,0.856
sample_4080,91.8,0.850
sample_4081,90.0,0.840
sample_4082,92.0,0.860
sample_4083,91.0,0.848
sample_4084,90.1,0.839
sample_4085,91.4,0.853
sample_4086,91.1,0.840
sample_4087,90.9,0.850
sample_4088,92.0,0.856
sample_4089,90.5,0.839
sample_4090,90.5,0.840
sample_4091,91.6,0.848
sample_4092,91.9,0.855
sample_4093,91.6,0.859
sample_4094,91.2,0.852
sample_4095,92.0,0.858
sample_4096,92.6,0.859
sample_4097,89.6,0.829
sample_4098,92.1,0.855
sample_4099,91.2,0.850
sample_4100,91.2,0.838
sample_4101,90.6,0.851
sample_4102,92.4,0.854
sample_4103,91.7,0.855
sample_4104,91.1,0.852
sample_4105,91.9,0.859
sample_4106,91.2,0.854
sample_4107,90.8,0.845
sample_4108,90.4,0.840
sample_4109,89.9,0.839
sample_4110,91.5,0.857
sample_4111,90.7,0.847
sample_4112,91.6,0.855
sample_4113,90.5,0.845
sample_4114,91.1,0.854
sample_4115,90.0,0.845
sample_4116,91.2,0.841
sample_4117,89.6,0.837
sample_4118,91.0,0.840
sample_4119,91.1,0.852
sample_4120,91.7,0.850
sample_4121,90.1,0.839
sample_4122,92.0,0.853
sample_4123,91.1,0.859
sample_4124,90.5,0.846
sample_4125,92.3,0.855
sample_4126,91.6,0.854
sample_4127,91.7,0.855
sample_4128,91.7,0.855
sample_4129,91.6,0.849
sample_4130,90.8,0.840
sample_4131,91.8,0.855
sample_4132,90.6,0.848
sample_4133,90.7,0.838
sample_4134,90.5,0.835
sample_4135,90.9,0.843
sample_4136,90.3,0.838
sample_4137,92.1,0.860
sample_4138,90.8,0.845
sample_4139,92.1,0.856
sample_4140,91.6,0.861
sample_4141,91.3,0.846
sample_4142,90.9,0.841
sample_4143,90.8,0.843
sample_4144,92.0,0.859
sample_4145,91.1,0.839
sample_4146,92.0,0.860
sample_4147,90.0,0.836
sample_4148,91.5,0.846
sample_4149,90.5,0.844
sample_4150,90.5,0.854
sample_4151,91.0,0.838
sample_4152,91.3,0.855
sample_4153,90.6,0.844
sample_4154,90.9,0.839
sample_4155,90.9,0.836
sample_4156,90.7,0.840
sample_4157,91.8,0.852
sample_4158,90.0,0.842
sample_4159,91.1,0.856
sample_4160,91.9,0.859
sample_4161,90.9,0.839
sample_4162,90.4,0.833
sample_4163,92.1,0.862
sample_4164,91.8,0.856
sample_4165,91.0,0.843
sample_4166,92.1,0.851
sample_4167,90.8,0.848
sample_4168,91.3,0.853
sample_4169,91.5,0.848
sample_4170,90.4,0.840
sample_4171,91.7,0.854
sample_4172,91.3,0.858
sample_4173,90.7,0.848
sample_4174,91.3,0.854
sample_4175,91.1,0.851
sample_4176,91.9,0.857
sample_4177,90.9,0.845
sample_4178,91.7,0.860
sample_4179,91.4,0.857
sample_4180,91.9,0.855
sample_4181,91.9,0.854
sample_4182,91.3,0.850
sample_4183,90.7,0.838
sample_4184,90.6,0.852
sample_4185,90.8,0.847
sample_4186,91.5,0.847
sample_4187,91.8,0.854
sample_4188,91.1,0.838
sample_4189,90.7,0.839
sample_4190,92.3,0.853
sample_4191,90.4,0.840
sample_4192,91.3,0.842
sample_4193,91.1,0.854
sample_4194,91.2,0.861
sample_4195,91.4,0.846
sample_4196,91.2,0.854
sample_4197,90.2,0.840
sample_4198,92.6,0.858
sample_4199,89.9,0.842
sample_4200,91.1,0.853
sample_4201,91.4,0.858
sample_4202,91.6,0.848
sample_4203,90.8,0.850
sample_4204,91.6,0.855
sample_4205,91.8,0.845
sample_4206,91.2,0.849
sample_4207,91.3,0.854
sample_4208,92.4,0.860
sample_4209,91.4,0.847
sample_4210,92.6,0.859
sample_4211,90.3,0.837
sample_4212,91.2,0.847
sample_4213,92.1,0.857
sample_4214,92.0,0.857
sample_4215,90.8,0.850
sample_4216,90.8,0.849
sample_4217,91.5,0.856
sample_4218,91.6,0.851
sample_4219,90.5,0.838
sample_4220,91.0,0.853
sample_4221,91.5,0.854
sample_4222,91.8,0.858
sample_4223,92.2,0.857
sample_4224,90.8,0.845
sample_4225,90.4,0.847
sample_4226,90.3,0.851
sample_4227,90.4,0.832
sample_4228,92.2,0.860
sample_4229,92.2,0.855
sample_4230,90.9,0.847
sample_4231,91.8,0.859
sample_4232,91.1,0.849
sample_4233,90.9,0.849
sample_4234,91.1,0.850
sample_4235,91.3,0.855
sample_4236,91.8,0.850
sample_4237,90.6,0.853
sample_4238,91.4,0.854
sample_4239,91.6,0.851
sample_4240,91.7,0.855
sample_4241,91.3,0.845
sample_4242,91.4,0.850
sample_4243,91.6,0.860
sample_4244,90.3,0.833
sample_4245,91.8,0.858
sample_4246,89.1,0.843
sample_4247,91.8,0.852
sample_4248,92.3,0.855
sample_4249,93.6,0.862
sample_4250,90.1,0.839
sample_4251,90.8,0.842
sample_4252,92.1,0.852
sample_4253,89.8,0.828
sample_4254,91.2,0.856
sample_4255,92.8,0.867
sample_4256,91.9,0.855
sample_4257,91.0,0.848
sample_4258,90.0,0.850
sample_4259,90.7,0.843
sample_4260,92.3,0.854
sample_4261,91.0,0.847
sample_4262,92.7,0.858
sample_4263,92.2,0.861
sample_4264,91.7,0.862
sample_4265,90.4,0.854
sample_4266,92.2,0.862
sample_4267,91.3,0.843
sample_4268,91.2,0.847
sample_4269,91.2,0.850
sample_4270,90.2,0.838
sample_4271,91.2,0.840
sample_4272,90.7,0.837
sample_4273,91.6,0.857
sample_4274,91.5,0.854
sample_4275,91.6,0.857
sample_4276,91.4,0.843
sample_4277,90.0,0.835
sample_4278,91.1,0.857
sample_4279,91.5,0.858
sample_4280,91.1,0.857
sample_4281,90.7,0.843
sample_4282,91.7,0.849
sample_4283,91.2,0.842
sample_4284,91.9,0.860
sample_4285,90.7,0.845
sample_4286,90.8,0.843
sample_4287,90.6,0.848
sample_4288,90.8,0.847
sample_4289,91.1,0.854
sample_4290,90.8,0.849
sample_4291,91.3,0.843
sample_4292,91.8,0.858
sample_4293,91.5,0.850
sample_4294,90.9,0.848
sample_4295,90.2,0.843
sample_4296,91.3,0.854
sample_4297,90.8,0.837
sample_4298,90.6,0.837
sample_4299,90.6,0.834
sample_4300,91.0,0.847
sample_4301,91.1,0.842
sample_4302,92.1,0.847
sample_4303,92.0,0.863
sample_4304,91.0,0.853
sample_4305,90.8,0.847
sample_4306,91.3,0.859
sample_4307,91.1,0.850
sample_4308,91.6,0.852
sample_4309,92.0,0.860
sample_4310,92.4,0.860
sample_4311,90.8,0.847
sample_4312,90.7,0.846
sample_4313,91.5,0.855
sample_4314,90.6,0.840
sample_4315,89.4,0.842
sample_4316,92.2,0.858
sample_4317,89.9,0.849
sample_4318,92.1,0.859
sample_4319,91.0,0.843
sample_4320,91.4,0.859
sample_4321,90.2,0.824
sample_4322,91.9,0.855
sample_4323,91.6,0.853
sample_4324,91.0,0.843
sample_4325,91.8,0.861
sample_4326,91.3,0.847
sample_4327,91.3,0.848
sample_4328,90.8,0.857
sample_4329,90.9,0.853
sample_4330,91.9,0.858
sample_4331,91.1,0.839
sample_4332,90.6,0.849
sample_4333,90.9,0.832
sample_4334,91.0,0.848
sample_4335,91.4,0.848
sample_4336,90.9,0.848
sample_4337,91.5,0.846
sample_4338,91.4,0.857
sample_4339,90.8,0.856
sample_4340,90.1,0.843
sample_4341,92.3,0.853
sample_4342,90.2,0.844
sample_4343,90.5,0.841
sample_4344,90.8,0.858
sample_4345,90.7,0.849
sample_4346,91.2,0.850
sample_4347,90.5,0.843
sample_4348,89.7,0.837
sample_4349,91.0,0.849
sample_4350,90.0,0.840
sample_4351,90.5,0.844
sample_4352,91.2,0.855
sample_4353,92.4,0.850
sample_4354,91.8,0.856
sample_4355,90.4,0.846
sample_4356,91.1,0.858
sample_4357,91.2,0.843
sample_4358,91.3,0.850
sample_4359,91.8,0.852
sample_4360,91.8,0.849
sample_4361,91.0,0.847
sample_4362,90.9,0.854
sample_4363,90.8,0.849
sample_4364,91.8,0.854
sample_4365,91.7,0.860
sample_4366,91.2,0.855
sample_4367,92.3,0.858
sample_4368,91.5,0.837
sample_4369,91.0,0.849
sample_4370,91.0,0.849
sample_4371,92.0,0.858
sample_4372,90.8,0.842
sample_4373,91.5,0.856
sample_4374,91.4,0.854
sample_4375,91.4,0.855
sample_4376,91.0,0.842
sample_4377,92.4,0.859
sample_4378,91.7,0.862
sample_4379,91.0,0.851
sample_4380,91.5,0.850
sample_4381,91.3,0.855
sample_4382,91.7,0.850
sample_4383,91.5,0.844
sample_4384,92.0,0.852
sample_4385,91.5,0.849
sample_4386,91.6,0.853
sample_4387,91.6,0.843
sample_4388,91.0,0.853
sample_4389,90.6,0.838
sample_4390,90.8,0.851
sample_4391,92.2,0.857
sample_4392,90.7,0.840
sample_4393,92.4,0.857
sample_4394,90.8,0.852
sample_4395,91.8,0.859
sample_4396,91.2,0.850
sample_4397,90.7,0.840
sample_4398,91.4,0.846
sample_4399,92.0,0.859
sample_4400,91.6,0.853
sample_4401,90.2,0.827
sample_4402,90.8,0.844
sample_4403,91.3,0.852
sample_4404,91.5,0.845
sample_4405,90.9,0.850
sample_4406,92.0,0.855
sample_4407,91.1,0.844
sample_4408,91.6,0.849
sample_4409,91.6,0.854
sample_4410,92.0,0.857
sample_4411,91.2,0.850
sample_4412,90.7,0.837
sample_4413,92.4,0.855
sample_4414,92.1,0.847
sample_4415,91.9,0.843
sample_4416,91.5,0.862
sample_4417,92.0,0.852
sample_4418,91.2,0.844
sample_4419,91.4,0.851
sample_4420,91.8,0.848
sample_4421,91.6,0.854
sample_4422,92.2,0.856
sample_4423,91.4,0.853
sample_4424,90.6,0.844
sample_4425,91.5,0.850
sample_4426,90.6,0.849
sample_4427,92.8,0.858
sample_4428,91.4,0.848
sample_4429,91.1,0.847
sample_4430,91.8,0.859
sample_4431,90.7,0.837
sample_4432,91.4,0.854
sample_4433,90.1,0.831
sample_4434,90.6,0.845
sample_4435,92.2,0.856
sample_4436,91.4,0.853
sample_4437,91.0,0.852
sample_4438,91.2,0.848
sample_4439,90.2,0.842
sample_4440,89.9,0.843
sample_4441,91.0,0.849
sample_4442,92.0,0.854
sample_4443,90.1,0.827
sample_4444,91.1,0.845
sample_4445,90.7,0.848
sample_4446,90.8,0.851
sample_4447,91.2,0.848
sample_4448,90.0,0.844
sample_4449,91.9,0.857
sample_4450,90.4,0.838
sample_4451,90.1,0.845
sample_4452,90.4,0.843
sample_4453,90.9,0.853
sample_4454,91.8,0.856
sample_4455,90.5,0.846
sample_4456,91.6,0.852
sample_4457,91.3,0.846
sample_4458,91.3,0.851
sample_4459,90.4,0.837
sample_4460,92.1,0.863
sample_4461,90.5,0.832
sample_4462,91.3,0.847
sample_4463,91.8,0.854
sample_4464,92.3,0.861
sample_4465,92.2,0.854
sample_4466,91.3,0.845
sample_4467,91.7,0.850
sample_4468,91.7,0.847
sample_4469,91.8,0.858
sample_4470,90.8,0.850
sample_4471,91.3,0.853
sample_4472,92.1,0.861
sample_4473,90.1,0.839
sample_4474,89.9,0.844
sample_4475,91.8,0.855
sample_4476,91.6,0.850
sample_4477,91.7,0.859
sample_4478,90.0,0.841
sample_4479,92.0,0.851
sample_4480,90.0,0.844
sample_4481,91.3,0.854
sample_4482,90.4,0.842
sample_4483,90.9,0.847
sample_4484,91.5,0.851
sample_4485,90.5,0.841
sample_4486,91.5,0.849
sample_4487,91.1,0.849
sample_4488,91.3,0.859
sample_4489,92.3,0.854
sample_4490,91.4,0.846
sample_4491,90.4,0.845
sample_4492,91.0,0.845
sample_4493,91.7,0.853
sample_4494,91.7,0.859
sample_4495,90.0,0.843
sample_4496,90.1,0.840
sample_4497,91.3,0.853
sample_4498,91.4,0.851
sample_4499,91.1,0.854
sample_4500,91.3,0.848
sample_4501,91.1,0.846
sample_4502,92.2,0.850
sample_4503,90.3,0.838
sample_4504,89.0,0.820
sample_4505,91.6,0.854
sample_4506,91.7,0.843
sample_4507,91.8,0.850
sample_4508,91.1,0.850
sample_4509,90.8,0.852
sample_4510,92.4,0.860
sample_4511,90.8,0.844
sample_4512,90.1,0.844
sample_4513,92.4,0.855
sample_4514,91.9,0.858
sample_4515,91.2,0.848
sample_4516,92.1,0.859
sample_4517,91.6,0.850
sample_4518,91.3,0.842
sample_4519,90.4,0.844
sample_4520,91.4,0.854
sample_4521,92.4,0.861
sample_4522,91.6,0.858
sample_4523,91.2,0.848
sample_4524,91.8,0.847
sample_4525,91.2,0.852
sample_4526,91.2,0.854
sample_4527,90.3,0.846
sample_4528,92.5,0.854
sample_4529,91.6,0.854
sample_4530,91.0,0.851
sample_4531,91.6,0.852
sample_4532,91.3,0.857
sample_4533,90.4,0.832
sample_4534,89.7,0.839
sample_4535,91.1,0.843
sample_4536,91.4,0.847
sample_4537,92.1,0.857
sample_4538,91.8,0.852
sample_4539,90.9,0.842
sample_4540,91.0,0.845
sample_4541,92.0,0.861
sample_4542,90.7,0.848
sample_4543,91.2,0.851
sample_4544,91.7,0.850
sample_4545,91.7,0.857
sample_4546,91.3,0.849
sample_4547,91.7,0.857
sample_4548,92.0,0.862
sample_4549,90.2,0.850
sample_4550,91.8,0.856
sample_4551,92.2,0.857
sample_4552,91.6,0.850
sample_4553,89.5,0.834
sample_4554,91.9,0.858
sample_4555,91.1,0.854
sample_4556,91.5,0.853
sample_4557,91.4,0.852
sample_4558,90.9,0.851
sample_4559,91.8,0.851
sample_4560,91.4,0.849
sample_4561,91.2,0.852
sample_4562,91.9,0.856
sample_4563,91.1,0.849
sample_4564,90.1,0.841
sample_4565,92.0,0.850
sample_4566,91.1,0.852
sample_4567,90.7,0.849
sample_4568,91.3,0.841
sample_4569,91.2,0.846
sample_4570,91.4,0.849
sample_4571,92.2,0.858
sample_4572,91.1,0.850
sample_4573,91.6,0.856
sample_4574,92.3,0.853
sample_4575,90.6,0.843
sample_4576,90.9,0.841
sample_4577,92.2,0.858
sample_4578,90.2,0.838
sample_4579,91.3,0.853
sample_4580,90.8,0.846
sample_4581,91.0,0.851
sample_4582,91.0,0.861
sample_4583,90.3,0.846
sample_4584,91.4,0.852
sample_4585,90.9,0.855
sample_4586,90.6,0.833
sample_4587,90.5,0.849
sample_4588,91.1,0.842
sample_4589,90.9,0.841
sample_4590,92.0,0.843
sample_4591,92.3,0.860
sample_4592,90.8,0.855
sample_4593,90.5,0.847
sample_4594,90.6,0.848
sample_4595,91.1,0.845
sample_4596,90.2,0.846
sample_4597,90.8,0.857
sample_4598,91.3,0.853
sample_4599,91.5,0.853
sample_4600,91.4,0.853
sample_4601,91.7,0.854
sample_4602,92.7,0.860
sample_4603,90.5,0.847
sample_4604,91.9,0.856
sample_4605,91.3,0.842
sample_4606,90.6,0.841
sample_4607,90.6,0.838
sample_4608,92.1,0.855
sample_4609,92.0,0.855
sample_4610,91.4,0.854
sample_4611,91.8,0.859
sample_4612,91.5,0.853
sample_4613,91.9,0.854
sample_4614,90.6,0.851
sample_4615,91.3,0.855
sample_4616,91.4,0.850
sample_4617,92.9,0.863
sample_4618,91.7,0.854
sample_4619,91.5,0.848
sample_4620,92.4,0.852
sample_4621,92.4,0.862
sample_4622,91.7,0.853
sample_4623,91.9,0.852
sample_4624,89.8,0.830
sample_4625,91.9,0.852
sample_4626,91.8,0.857
sample_4627,92.6,0.856
sample_4628,92.1,0.858
sample_4629,92.5,0.856
sample_4630,91.8,0.858
sample_4631,90.9,0.857
sample_4632,90.9,0.851
sample_4633,91.4,0.852
sample_4634,91.0,0.849
sample_4635,91.2,0.850
sample_4636,92.8,0.857
sample_4637,90.5,0.851
sample_4638,91.6,0.857
sample_4639,92.0,0.862
sample_4640,90.9,0.843
sample_4641,92.2,0.856
sample_4642,90.3,0.836
sample_4643,91.9,0.853
sample_4644,90.1,0.837
sample_4645,92.3,0.855
sample_4646,90.3,0.846
sample_4647,90.4,0.845
sample_4648,92.2,0.857
sample_4649,91.1,0.844
sample_4650,92.1,0.851
sample_4651,91.8,0.852
sample_4652,91.0,0.849
sample_4653,90.9,0.849
sample_4654,91.5,0.849
sample_4655,90.6,0.847
sample_4656,91.4,0.848
sample_4657,90.5,0.846
sample_4658,91.0,0.848
sample_4659,91.3,0.850
sample_4660,90.4,0.852
sample_4661,89.6,0.817
sample_4662,92.0,0.846
sample_4663,91.2,0.844
sample_4664,91.4,0.844
sample_4665,91.1,0.852
sample_4666,89.2,0.835
sample_4667,92.0,0.851
sample_4668,90.4,0.828
sample_4669,91.1,0.848
sample_4670,91.2,0.848
sample_4671,92.1,0.860
sample_4672,92.0,0.853
sample_4673,91.6,0.851
sample_4674,91.4,0.849
sample_4675,91.4,0.850
sample_4676,90.8,0.845
sample_4677,92.1,0.858
sample_4678,90.7,0.854
sample_4679,91.1,0.846
sample_4680,91.4,0.845
sample_4681,91.6,0.854
sample_4682,89.9,0.843
sample_4683,91.7,0.856
sample_4684,92.2,0.858
sample_4685,91.6,0.859
sample_4686,91.6,0.855
sample_4687,89.8,0.823
sample_4688,90.5,0.846
sample_4689,91.9,0.858
sample_4690,91.8,0.852
sample_4691,91.3,0.856
sample_4692,91.2,0.854
sample_4693,91.4,0.857
sample_4694,91.9,0.856
sample_4695,91.7,0.856
sample_4696,92.2,0.858
sample_4697,91.0,0.851
sample_4698,90.3,0.847
sample_4699,90.7,0.843
sample_4700,92.1,0.855
sample_4701,91.8,0.845
sample_4702,91.5,0.854
sample_4703,91.4,0.847
sample_4704,90.8,0.858
sample_4705,92.0,0.863
sample_4706,91.0,0.850
sample_4707,91.8,0.858
sample_4708,91.3,0.853
sample_4709,90.8,0.852
sample_4710,91.5,0.853
sample_4711,91.4,0.860
sample_4712,90.4,0.840
sample_4713,91.0,0.844
sample_4714,91.0,0.853
sample_4715,91.6,0.843
sample_4716,91.2,0.854
sample_4717,90.5,0.847
sample_4718,91.9,0.859
sample_4719,90.0,0.843
sample_4720,91.9,0.855
sample_4721,91.1,0.845
sample_4722,91.7,0.843
sample_4723,92.1,0.855
sample_4724,91.6,0.842
sample_4725,90.9,0.850
sample_4726,91.1,0.840
sample_4727,92.0,0.848
sample_4728,92.6,0.857
sample_4729,90.7,0.852
sample_4730,91.8,0.843
sample_4731,91.5,0.852
sample_4732,90.1,0.846
sample_4733,91.0,0.846
sample_4734,91.2,0.851
sample_4735,92.1,0.858
sample_4736,90.6,0.841
sample_4737,91.2,0.852
sample_4738,91.3,0.863
sample_4739,90.2,0.844
sample_4740,91.6,0.856
sample_4741,91.3,0.847
sample_4742,90.2,0.846
sample_4743,91.3,0.848
sample_4744,91.8,0.844
sample_4745,90.6,0.847
sample_4746,91.4,0.856
sample_4747,91.1,0.851
sample_4748,92.3,0.863
sample_4749,89.8,0.843
sample_4750,91.5,0.852
sample_4751,91.2,0.845
sample_4752,91.3,0.851
sample_4753,91.5,0.855
sample_4754,91.1,0.849
sample_4755,92.3,0.858
sample_4756,91.4,0.853
sample_4757,92.9,0.863
sample_4758,90.6,0.839
sample_4759,91.8,0.854
sample_4760,91.8,0.853
sample_4761,91.6,0.859
sample_4762,90.4,0.846
sample_4763,90.4,0.845
sample_4764,91.1,0.855
sample_4765,90.2,0.832
sample_4766,91.5,0.853
sample_4767,91.3,0.856
sample_4768,91.7,0.849
sample_4769,91.2,0.852
sample_4770,90.6,0.840
sample_4771,92.5,0.859
sample_4772,92.1,0.861
sample_4773,91.6,0.855
sample_4774,90.8,0.852
sample_4775,91.7,0.860
sample_4776,91.4,0.853
sample_4777,90.9,0.848
sample_4778,91.5,0.855
sample_4779,91.5,0.856
sample_4780,91.0,0.859
sample_4781,91.2,0.853
sample_4782,90.4,0.847
sample_4783,92.1,0.851
sample_4784,91.5,0.842
sample_4785,92.0,0.856
sample_4786,92.0,0.860
sample_4787,90.6,0.844
sample_4788,92.1,0.860
sample_4789,90.2,0.834
sample_4790,91.7,0.852
sample_4791,90.6,0.839
sample_4792,92.4,0.856
sample_4793,90.6,0.844
sample_4794,91.9,0.848
sample_4795,91.3,0.843
sample_4796,91.0,0.854
sample_4797,89.8,0.841
sample_4798,91.7,0.860
sample_4799,91.5,0.858
sample_4800,92.1,0.856
sample_4801,90.8,0.851
sample_4802,90.7,0.853
sample_4803,90.9,0.840
sample_4804,90.5,0.840
sample_4805,91.2,0.846
sample_4806,91.1,0.858
sample_4807,91.7,0.848
sample_4808,91.9,0.851
sample_4809,92.9,0.860
sample_4810,91.4,0.850
sample_4811,91.2,0.851
sample_4812,91.8,0.853
sample_4813,92.1,0.855
sample_4814,89.9,0.828
sample_4815,91.4,0.842
sample_4816,90.7,0.847
sample_4817,91.8,0.853
sample_4818,91.1,0.833
sample_4819,90.2,0.847
sample_4820,91.1,0.852
sample_4821,91.6,0.848
sample_4822,93.0,0.864
sample_4823,91.3,0.846
sample_4824,92.1,0.847
sample_4825,91.1,0.850
sample_4826,91.7,0.846
sample_4827,91.1,0.854
sample_4828,91.1,0.850
sample_4829,90.9,0.836
sample_4830,91.4,0.854
sample_4831,91.3,0.851
sample_4832,91.8,0.859
sample_4833,92.0,0.857
sample_4834,90.6,0.853
sample_4835,90.5,0.836
sample_4836,90.0,0.838
sample_4837,92.1,0.859
sample_4838,91.7,0.859
sample_4839,91.2,0.851
sample_4840,91.6,0.856
sample_4841,92.7,0.860
sample_4842,90.3,0.834
sample_4843,91.7,0.847
sample_4844,91.4,0.843
sample_4845,91.2,0.843
sample_4846,91.0,0.854
sample_4847,89.8,0.842
sample_4848,90.6,0.855
sample_4849,91.0,0.842
sample_4850,92.0,0.856
sample_4851,91.3,0.851
sample_4852,89.6,0.842
sample_4853,91.5,0.849
sample_4854,91.3,0.860
sample_4855,91.5,0.860
sample_4856,91.0,0.842
sample_4857,91.9,0.856
sample_4858,89.7,0.844
sample_4859,92.5,0.853
sample_4860,90.8,0.848
sample_4861,89.8,0.835
sample_4862,90.5,0.841
sample_4863,90.0,0.838
sample_4864,90.2,0.833
sample_4865,90.4,0.836
sample_4866,91.6,0.851
sample_4867,91.2,0.852
sample_4868,91.6,0.842
sample_4869,92.1,0.858
sample_4870,91.0,0.846
sample_4871,90.7,0.839
sample_4872,91.7,0.853
sample_4873,92.2,0.853
sample_4874,91.8,0.858
sample_4875,91.3,0.856
sample_4876,90.6,0.841
sample_4877,92.8,0.855
sample_4878,91.5,0.852
sample_4879,89.8,0.841
sample_4880,91.1,0.848
sample_4881,91.0,0.837
sample_4882,91.6,0.861
sample_4883,91.7,0.853
sample_4884,91.9,0.861
sample_4885,91.1,0.841
sample_4886,91.3,0.849
sample_4887,91.7,0.861
sample_4888,90.6,0.848
sample_4889,91.0,0.844
sample_4890,90.9,0.846
sample_4891,91.0,0.841
sample_4892,90.2,0.845
sample_4893,91.1,0.847
sample_4894,91.2,0.849
sample_4895,92.0,0.858
sample_4896,90.9,0.849
sample_4897,90.8,0.849
sample_4898,90.2,0.843
sample_4899,90.5,0.838
sample_4900,91.2,0.851
sample_4901,90.5,0.840
sample_4902,91.7,0.856
sample_4903,91.2,0.846
sample_4904,89.8,0.834
sample_4905,91.1,0.848
sample_4906,90.0,0.830
sample_4907,90.6,0.842
sample_4908,91.6,0.853
sample_4909,90.6,0.849
sample_4910,90.6,0.846
sample_4911,91.9,0.861
sample_4912,92.4,0.859
sample_4913,90.8,0.848
sample_4914,90.3,0.845
sample_4915,90.9,0.852
sample_4916,91.4,0.843
sample_4917,90.5,0.843
sample_4918,92.1,0.853
sample_4919,90.4,0.845
sample_4920,92.7,0.855
sample_4921,92.6,0.862
sample_4922,90.0,0.839
sample_4923,90.7,0.850
sample_4924,90.8,0.848
sample_4925,92.4,0.856
sample_4926,90.0,0.838
sample_4927,91.5,0.848
sample_4928,91.9,0.851
sample_4929,92.2,0.860
sample_4930,90.5,0.852
sample_4931,90.7,0.846
sample_4932,90.4,0.836
sample_4933,91.0,0.848
sample_4934,89.8,0.839
sample_4935,90.9,0.840
sample_4936,89.5,0.840
sample_4937,92.3,0.849
sample_4938,91.7,0.857
sample_4939,89.6,0.838
sample_4940,91.7,0.847
sample_4941,92.0,0.858
sample_4942,90.7,0.851
sample_4943,92.8,0.856
sample_4944,91.7,0.851
sample_4945,91.1,0.850
sample_4946,91.2,0.845
sample_4947,90.8,0.852
sample_4948,91.0,0.853
sample_4949,90.2,0.836
sample_4950,91.6,0.850
sample_4951,91.2,0.857
sample_4952,91.9,0.856
sample_4953,91.3,0.859
sample_4954,91.2,0.852
sample_4955,91.2,0.850
sample_4956,90.8,0.847
sample_4957,92.3,0.860
sample_4958,91.2,0.851
sample_4959,91.3,0.854
sample_4960,90.6,0.831
sample_4961,91.0,0.854
sample_4962,90.0,0.838
sample_4963,91.5,0.860
sample_4964,91.3,0.857
sample_4965,90.9,0.837
sample_4966,90.3,0.839
sample_4967,90.5,0.845
sample_4968,90.8,0.847
sample_4969,91.0,0.857
sample_4970,90.9,0.859
sample_4971,90.0,0.842
sample_4972,91.5,0.845
sample_4973,90.6,0.832
sample_4974,91.9,0.847
sample_4975,91.6,0.850
sample_4976,90.7,0.840
sample_4977,91.5,0.844
sample_4978,92.2,0.855
sample_4979,92.2,0.860
sample_4980,91.0,0.847
sample_4981,91.1,0.853
sample_4982,91.4,0.856
sample_4983,90.8,0.844
sample_4984,90.7,0.841
sample_4985,91.8,0.856
sample_4986,91.1,0.854
sample_4987,90.9,0.847
sample_4988,91.5,0.858
sample_4989,91.8,0.854
sample_4990,90.7,0.840
sample_4991,91.4,0.857
sample_4992,91.2,0.854
sample_4993,89.6,0.829
sample_4994,91.0,0.849
sample_4995,91.3,0.855
sample_4996,90.0,0.840
sample_4997,90.3,0.845
sample_4998,90.3,0.840
sample_4999,93.3,0.861
sample_5000,90.3,0.847
sample_5001,91.7,0.852
sample_5002,91.1,0.851
sample_5003,90.9,0.853
sample_5004,91.4,0.852
sample_5005,91.7,0.855
sample_5006,91.0,0.852
sample_5007,90.5,0.824
sample_5008,91.6,0.852
sample_5009,90.8,0.841
sample_5010,90.8,0.829
sample_5011,92.8,0.859
sample_5012,89.8,0.841
sample_5013,90.9,0.852
sample_5014,90.6,0.844
sample_5015,90.9,0.850
sample_5016,91.0,0.852
sample_5017,90.5,0.841
sample_5018,91.6,0.844
sample_5019,91.1,0.855
sample_5020,91.5,0.848
sample_5021,89.4,0.831
sample_5022,92.5,0.861
sample_5023,91.8,0.848
sample_5024,89.7,0.840
sample_5025,90.7,0.844
sample_5026,91.7,0.857
sample_5027,93.0,0.862
sample_5028,90.2,0.848
sample_5029,91.7,0.860
sample_5030,92.6,0.859
sample_5031,92.9,0.858
sample_5032,91.2,0.848
sample_5033,91.5,0.847
sample_5034,92.2,0.863
sample_5035,91.4,0.850
sample_5036,90.9,0.846
sample_5037,90.5,0.835
sample_5038,91.2,0.845
sample_5039,89.9,0.844
sample_5040,91.5,0.853
sample_5041,92.0,0.857
sample_5042,91.7,0.851
sample_5043,91.0,0.853
sample_5044,90.9,0.843
sample_5045,92.0,0.857
sample_5046,90.6,0.843
sample_5047,91.5,0.853
sample_5048,90.5,0.848
sample_5049,91.5,0.856
sample_5050,90.9,0.842
sample_5051,90.2,0.847
sample_5052,91.1,0.844
sample_5053,92.3,0.854
sample_5054,90.9,0.847
sample_5055,91.2,0.842
sample_5056,90.1,0.842
sample_5057,91.5,0.857
sample_5058,91.6,0.855
sample_5059,90.8,0.852
sample_5060,90.0,0.849
sample_5061,91.5,0.854
sample_5062,90.5,0.844
sample_5063,91.6,0.850
sample_5064,90.0,0.828
sample_5065,92.2,0.860
sample_5066,90.4,0.845
sample_5067,92.8,0.861
sample_5068,90.2,0.843
sample_5069,91.1,0.852
sample_5070,91.3,0.862
sample_5071,91.2,0.851
sample_5072,90.2,0.854
sample_5073,92.2,0.856
sample_5074,90.4,0.845
sample_5075,91.4,0.855
sample_5076,91.6,0.846
sample_5077,91.5,0.853
sample_5078,91.7,0.857
sample_5079,90.2,0.833
sample_5080,91.1,0.854
sample_5081,91.2,0.855
sample_5082,92.6,0.860
sample_5083,91.3,0.856
sample_5084,91.1,0.844
sample_5085,90.6,0.856
sample_5086,91.2,0.852
sample_5087,90.6,0.847
sample_5088,91.0,0.842
sample_5089,91.3,0.836
sample_5090,91.5,0.840
sample_5091,91.3,0.850
sample_5092,91.2,0.845
sample_5093,91.6,0.860
sample_5094,91.1,0.840
sample_5095,91.2,0.855
sample_5096,91.4,0.853
sample_5097,91.9,0.857
sample_5098,92.3,0.858
sample_5099,90.2,0.844
sample_5100,92.1,0.856
sample_5101,91.4,0.858
sample_5102,91.1,0.856
sample_5103,90.8,0.847
sample_5104,93.0,0.854
sample_5105,91.3,0.845
sample_5106,90.5,0.834
sample_5107,91.8,0.855
sample_5108,90.3,0.834
sample_5109,91.9,0.855
sample_5110,92.7,0.864
sample_5111,92.0,0.852
sample_5112,91.7,0.848
sample_5113,91.0,0.848
sample_5114,92.0,0.852
sample_5115,90.3,0.843
sample_5116,91.2,0.858
sample_5117,90.7,0.834
sample_5118,91.7,0.852
sample_5119,91.6,0.857
sample_5120,91.5,0.859
sample_5121,91.8,0.855
sample_5122,91.3,0.850
sample_5123,91.4,0.855
sample_5124,91.6,0.853
sample_5125,91.6,0.855
sample_5126,92.0,0.852
sample_5127,91.4,0.848
sample_5128,90.9,0.844
sample_5129,91.4,0.848
sample_5130,91.7,0.851
sample_5131,92.0,0.855
sample_5132,91.8,0.848
sample_5133,90.9,0.852
sample_5134,92.0,0.859
sample_5135,90.6,0.840
sample_5136,91.4,0.848
sample_5137,89.5,0.846
sample_5138,90.9,0.848
sample_5139,90.9,0.850
sample_5140,90.4,0.840
sample_5141,91.6,0.851
sample_5142,93.0,0.862
sample_5143,90.9,0.850
sample_5144,91.0,0.858
sample_5145,92.4,0.861
sample_5146,91.2,0.852
sample_5147,91.5,0.849
sample_5148,91.1,0.847
sample_5149,91.8,0.849
sample_5150,91.7,0.855
sample_5151,90.7,0.853
sample_5152,90.9,0.848
sample_5153,91.9,0.854
sample_5154,90.9,0.852
sample_5155,90.4,0.831
sample_5156,91.5,0.853
sample_5157,90.8,0.843
sample_5158,92.2,0.846
sample_5159,92.4,0.853
sample_5160,91.7,0.856
sample_5161,90.6,0.849
sample_5162,91.7,0.845
sample_5163,90.9,0.853
sample_5164,91.6,0.856
sample_5165,92.1,0.863
sample_5166,90.2,0.833
sample_5167,90.1,0.845
sample_5168,91.7,0.852
sample_5169,91.4,0.847
sample_5170,91.6,0.850
sample_5171,92.4,0.860
sample_5172,91.2,0.847
sample_5173,90.9,0.841
sample_5174,92.4,0.848
sample_5175,90.4,0.846
sample_5176,91.8,0.853
sample_5177,92.3,0.855
sample_5178,92.5,0.854
sample_5179,90.8,0.843
sample_5180,91.5,0.855
sample_5181,91.9,0.856
sample_5182,91.1,0.840
sample_5183,92.0,0.862
sample_5184,91.8,0.861
sample_5185,92.2,0.858
sample_5186,92.0,0.855
sample_5187,91.3,0.847
sample_5188,91.1,0.849
sample_5189,91.3,0.857
sample_5190,90.6,0.848
sample_5191,91.7,0.849
sample_5192,91.3,0.857
sample_5193,92.1,0.856
sample_5194,89.4,0.834
sample_5195,92.6,0.862
sample_5196,91.8,0.859
sample_5197,89.8,0.835
sample_5198,91.1,0.839
sample_5199,89.5,0.833
sample_5200,91.0,0.851
sample_5201,90.8,0.838
sample_5202,90.4,0.851
sample_5203,90.7,0.845
sample_5204,90.0,0.846
sample_5205,91.8,0.856
sample_5206,91.7,0.858
sample_5207,91.9,0.859
sample_5208,91.7,0.853
sample_5209,91.1,0.850
sample_5210,91.4,0.851
sample_5211,90.5,0.846
sample_5212,90.5,0.842
sample_5213,92.0,0.853
sample_5214,91.8,0.855
sample_5215,90.6,0.846
sample_5216,90.5,0.847
sample_5217,91.0,0.852
sample_5218,90.0,0.848
sample_5219,92.3,0.852
sample_5220,91.6,0.856
sample_5221,91.7,0.856
sample_5222,90.4,0.839
sample_5223,92.2,0.847
sample_5224,91.7,0.849
sample_5225,91.7,0.855
sample_5226,90.1,0.833
sample_5227,91.0,0.846
sample_5228,89.5,0.828
sample_5229,90.6,0.857
sample_5230,91.6,0.853
sample_5231,90.8,0.850
sample_5232,91.8,0.857
sample_5233,91.5,0.859
sample_5234,91.6,0.846
sample_5235,91.3,0.850
sample_5236,91.2,0.846
sample_5237,90.5,0.845
sample_5238,90.8,0.850
sample_5239,91.1,0.861
sample_5240,91.5,0.860
sample_5241,91.4,0.854
sample_5242,90.2,0.843
sample_5243,91.6,0.859
sample_5244,91.6,0.852
sample_5245,90.2,0.848
sample_5246,91.6,0.855
sample_5247,90.7,0.841
sample_5248,91.6,0.857
sample_5249,91.5,0.854
sample_5250,91.2,0.855
sample_5251,92.2,0.851
sample_5252,91.2,0.855
sample_5253,90.8,0.845
sample_5254,91.8,0.858
sample_5255,92.1,0.860
sample_5256,92.7,0.861
sample_5257,91.2,0.845
sample_5258,92.0,0.861
sample_5259,91.3,0.848
sample_5260,90.8,0.848
sample_5261,91.6,0.860
sample_5262,89.5,0.844
sample_5263,90.2,0.838
sample_5264,91.7,0.846
sample_5265,90.4,0.833
sample_5266,92.2,0.852
sample_5267,91.9,0.849
sample_5268,91.9,0.860
sample_5269,91.5,0.858
sample_5270,90.6,0.847
sample_5271,90.5,0.845
sample_5272,91.1,0.844
sample_5273,91.5,0.850
sample_5274,90.9,0.846
sample_5275,91.6,0.862
sample_5276,91.7,0.857
sample_5277,92.1,0.855
sample_5278,91.7,0.856
sample_5279,91.1,0.846
sample_5280,89.2,0.820
sample_5281,91.7,0.856
sample_5282,92.6,0.859
sample_5283,90.5,0.839
sample_5284,92.1,0.859
sample_5285,91.5,0.856
sample_5286,91.3,0.848
sample_5287,93.1,0.855
sample_5288,91.7,0.857
sample_5289,91.7,0.851
sample_5290,92.8,0.854
sample_5291,91.5,0.856
sample_5292,90.3,0.834
sample_5293,90.1,0.845
sample_5294,90.6,0.839
sample_5295,92.0,0.860
sample_5296,90.6,0.830
sample_5297,90.4,0.831
sample_5298,91.5,0.856
sample_5299,90.6,0.845
sample_5300,91.6,0.857
sample_5301,91.5,0.859
sample_5302,90.5,0.845
sample_5303,91.6,0.858
sample_5304,91.4,0.850
sample_5305,92.3,0.854
sample_5306,90.6,0.839
sample_5307,91.4,0.855
sample_5308,91.6,0.849
sample_5309,91.4,0.844
sample_5310,89.5,0.844
sample_5311,92.3,0.859
sample_5312,91.0,0.848
sample_5313,91.8,0.862
sample_5314,90.6,0.840
sample_5315,90.8,0.848
sample_5316,90.4,0.843
sample_5317,91.6,0.857
sample_5318,90.6,0.853
sample_5319,91.6,0.859
sample_5320,92.0,0.853
sample_5321,90.3,0.843
sample_5322,91.7,0.852
sample_5323,91.3,0.853
sample_5324,91.6,0.846
sample_5325,91.8,0.854
sample_5326,91.7,0.850
sample_5327,90.7,0.849
sample_5328,91.4,0.843
sample_5329,91.4,0.852
sample_5330,92.1,0.856
sample_5331,89.8,0.844
sample_5332,91.8,0.857
sample_5333,91.5,0.854
sample_5334,91.5,0.853
sample_5335,89.9,0.847
sample_5336,90.6,0.844
sample_5337,91.0,0.849
sample_5338,90.3,0.844
sample_5339,91.2,0.848
sample_5340,89.9,0.844
sample_5341,90.4,0.846
sample_5342,93.0,0.858
sample_5343,92.1,0.856
sample_5344,91.4,0.850
sample_5345,92.0,0.860
sample_5346,91.7,0.854
sample_5347,92.0,0.856
sample_5348,92.0,0.859
sample_5349,92.4,0.862
sample_5350,91.0,0.849
sample_5351,91.2,0.855
sample_5352,90.7,0.841
sample_5353,91.6,0.851
sample_5354,90.6,0.842
sample_5355,89.8,0.847
sample_5356,89.9,0.826
sample_5357,92.2,0.861
sample_5358,91.8,0.852
sample_5359,91.5,0.848
sample_5360,90.9,0.848
sample_5361,91.9,0.853
sample_5362,90.9,0.852
sample_5363,91.1,0.842
sample_5364,91.8,0.862
sample_5365,91.7,0.861
sample_5366,90.6,0.848
sample_5367,90.5,0.833
sample_5368,90.3,0.846
sample_5369,91.3,0.844
sample_5370,90.1,0.849
sample_5371,92.0,0.855
sample_5372,89.3,0.841
sample_5373,91.9,0.856
sample_5374,91.3,0.855
sample_5375,91.0,0.849
sample_5376,90.9,0.835
sample_5377,91.1,0.850
sample_5378,91.3,0.854
sample_5379,91.4,0.854
sample_5380,91.7,0.861
sample_5381,91.9,0.853
sample_5382,91.6,0.852
sample_5383,90.4,0.846
sample_5384,91.0,0.850
sample_5385,91.4,0.852
sample_5386,92.7,0.863
sample_5387,92.2,0.861
sample_5388,91.0,0.844
sample_5389,92.4,0.864
sample_5390,90.8,0.843
sample_5391,92.4,0.857
sample_5392,91.8,0.858
sample_5393,91.7,0.861
sample_5394,90.5,0.852
sample_5395,90.8,0.851
sample_5396,91.0,0.848
sample_5397,91.0,0.846
sample_5398,91.0,0.847
sample_5399,90.0,0.838
sample_5400,90.8,0.847
sample_5401,91.7,0.849
sample_5402,89.9,0.834
sample_5403,91.4,0.855
sample_5404,90.1,0.827
sample_5405,92.0,0.856
sample_5406,91.6,0.852
sample_5407,91.3,0.850
sample_5408,90.9,0.838
sample_5409,90.7,0.842
sample_5410,90.9,0.851
sample_5411,91.4,0.847
sample_5412,90.2,0.845
sample_5413,90.7,0.843
sample_5414,91.4,0.842
sample_5415,92.0,0.858
sample_5416,91.1,0.854
sample_5417,91.3,0.843
sample_5418,91.6,0.848
sample_5419,92.3,0.852
sample_5420,92.0,0.856
sample_5421,91.1,0.836
sample_5422,90.5,0.843
sample_5423,91.5,0.855
sample_5424,92.8,0.858
sample_5425,92.3,0.855
sample_5426,92.0,0.856
sample_5427,91.2,0.849
sample_5428,91.0,0.842
sample_5429,89.9,0.843
sample_5430,91.5,0.839
sample_5431,91.0,0.861
sample_5432,91.3,0.857
sample_5433,90.5,0.848
sample_5434,92.6,0.864
sample_5435,91.0,0.838
sample_5436,90.6,0.841
sample_5437,91.1,0.848
sample_5438,91.2,0.850
sample_5439,91.8,0.852
sample_5440,89.5,0.834
sample_5441,90.6,0.847
sample_5442,91.0,0.845
sample_5443,91.4,0.852
sample_5444,91.3,0.852
sample_5445,92.1,0.857
sample_5446,91.4,0.838
sample_5447,90.7,0.853
sample_5448,91.8,0.859
sample_5449,92.1,0.856
sample_5450,90.7,0.847
sample_5451,91.3,0.843
sample_5452,91.8,0.859
sample_5453,91.7,0.851
sample_5454,90.1,0.842
sample_5455,90.5,0.834
sample_5456,90.6,0.840
sample_5457,90.4,0.849
sample_5458,91.5,0.851
sample_5459,90.9,0.841
sample_5460,91.6,0.858
sample_5461,91.7,0.856
sample_5462,91.2,0.851
sample_5463,90.9,0.846
sample_5464,92.2,0.860
sample_5465,90.5,0.852
sample_5466,92.1,0.858
sample_5467,91.8,0.855
sample_5468,91.2,0.851
sample_5469,90.3,0.832
sample_5470,89.2,0.836
sample_5471,90.4,0.839
sample_5472,92.1,0.859
sample_5473,90.7,0.842
sample_5474,91.4,0.850
sample_5475,91.6,0.842
sample_5476,90.9,0.840
sample_5477,90.7,0.848
sample_5478,91.6,0.850
sample_5479,91.1,0.837
sample_5480,90.8,0.844
sample_5481,90.2,0.844
sample_5482,91.2,0.845
sample_5483,90.0,0.846
sample_5484,90.9,0.847
sample_5485,91.1,0.856
sample_5486,91.3,0.847
sample_5487,91.2,0.854
sample_5488,91.7,0.856
sample_5489,90.8,0.851
sample_5490,91.1,0.854
sample_5491,90.6,0.845
sample_5492,91.7,0.859
sample_5493,91.0,0.846
sample_5494,90.6,0.838
sample_5495,91.3,0.852
sample_5496,91.3,0.853
sample_5497,91.9,0.854
sample_5498,91.8,0.846
sample_5499,89.8,0.825
sample_5500,90.4,0.847
sample_5501,92.0,0.856
sample_5502,92.3,0.857
sample_5503,91.7,0.846
sample_5504,91.3,0.835
sample_5505,90.4,0.853
sample_5506,90.9,0.856
sample_5507,91.1,0.852
sample_5508,91.2,0.854
sample_5509,90.7,0.846
sample_5510,92.2,0.854
sample_5511,90.8,0.843
sample_5512,91.8,0.856
sample_5513,90.3,0.836
sample_5514,91.1,0.852
sample_5515,91.5,0.846
sample_5516,90.7,0.842
sample_5517,90.4,0.852
sample_5518,90.9,0.836
sample_5519,91.7,0.856
sample_5520,90.5,0.831
sample_5521,92.6,0.862
sample_5522,91.6,0.854
sample_5523,90.9,0.841
sample_5524,90.3,0.850
sample_5525,91.4,0.847
sample_5526,91.6,0.852
sample_5527,91.7,0.850
sample_5528,92.5,0.856
sample_5529,90.5,0.842
sample_5530,91.4,0.847
sample_5531,91.5,0.851
sample_5532,90.7,0.847
sample_5533,91.5,0.849
sample_5534,91.1,0.855
sample_5535,90.7,0.853
sample_5536,90.9,0.846
sample_5537,92.3,0.852
sample_5538,91.6,0.860
sample_5539,91.1,0.840
sample_5540,91.2,0.840
sample_5541,91.1,0.853
sample_5542,91.2,0.857
sample_5543,91.6,0.858
sample_5544,91.3,0.851
sample_5545,90.2,0.846
sample_5546,92.1,0.861
sample_5547,91.1,0.855
sample_5548,92.2,0.857
sample_5549,91.8,0.847
sample_5550,91.1,0.851
sample_5551,90.0,0.842
sample_5552,91.5,0.845
sample_5553,91.6,0.850
sample_5554,91.0,0.839
sample_5555,89.6,0.822
sample_5556,90.1,0.848
sample_5557,90.9,0.849
sample_5558,91.1,0.848
sample_5559,89.7,0.846
sample_5560,91.9,0.856
sample_5561,90.7,0.859
sample_5562,91.7,0.857
sample_5563,90.2,0.846
sample_5564,91.2,0.852
sample_5565,91.7,0.851
sample_5566,89.8,0.837
sample_5567,90.7,0.853
sample_5568,91.2,0.857
sample_5569,91.0,0.852
sample_5570,91.2,0.850
sample_5571,90.7,0.846
sample_5572,91.1,0.849
sample_5573,91.1,0.849
sample_5574,91.1,0.849
sample_5575,90.5,0.840
sample_5576,91.3,0.855
sample_5577,93.1,0.865
sample_5578,91.2,0.850
sample_5579,91.3,0.851
sample_5580,91.7,0.857
sample_5581,90.5,0.843
sample_5582,91.0,0.846
sample_5583,91.1,0.856
sample_5584,92.4,0.851
sample_5585,92.1,0.854
sample_5586,91.3,0.859
sample_5587,91.2,0.848
sample_5588,90.7,0.847
sample_5589,91.1,0.860
sample_5590,90.6,0.844
sample_5591,90.4,0.847
sample_5592,92.1,0.845
sample_5593,91.2,0.848
sample_5594,91.1,0.851
sample_5595,90.5,0.837
sample_5596,89.4,0.828
sample_5597,91.6,0.852
sample_5598,90.8,0.858
sample_5599,91.7,0.852
sample_5600,91.1,0.856
sample_5601,91.8,0.851
sample_5602,91.0,0.848
sample_5603,91.3,0.854
sample_5604,91.4,0.850
sample_5605,91.6,0.854
sample_5606,91.8,0.853
sample_5607,91.0,0.852
sample_5608,91.4,0.856
sample_5609,92.2,0.854
sample_5610,90.5,0.846
sample_5611,90.8,0.850
sample_5612,91.4,0.857
sample_5613,90.8,0.850
sample_5614,91.3,0.850
sample_5615,91.8,0.858
sample_5616,90.9,0.843
sample_5617,91.3,0.842
sample_5618,91.7,0.862
sample_5619,91.2,0.855
sample_5620,90.7,0.849
sample_5621,90.8,0.849
sample_5622,91.1,0.848
sample_5623,91.1,0.853
sample_5624,92.5,0.856
sample_5625,91.5,0.854
sample_5626,90.8,0.849
sample_5627,92.0,0.852
sample_5628,90.7,0.835
sample_5629,91.9,0.852
sample_5630,90.9,0.847
sample_5631,91.1,0.851
sample_5632,90.7,0.847
sample_5633,90.0,0.841
sample_5634,92.6,0.843
sample_5635,91.2,0.855
sample_5636,91.9,0.856
sample_5637,91.4,0.846
sample_5638,91.5,0.852
sample_5639,92.1,0.855
sample_5640,90.8,0.841
sample_5641,91.6,0.854
sample_5642,90.3,0.842
sample_5643,91.1,0.852
sample_5644,93.3,0.864
sample_5645,90.6,0.853
sample_5646,90.8,0.848
sample_5647,92.4,0.859
sample_5648,89.8,0.848
sample_5649,91.5,0.848
sample_5650,91.9,0.848
sample_5651,90.8,0.848
sample_5652,91.4,0.853
sample_5653,91.5,0.853
sample_5654,90.1,0.840
sample_5655,91.5,0.854
sample_5656,92.6,0.862
sample_5657,90.4,0.832
sample_5658,90.2,0.841
sample_5659,91.6,0.862
sample_5660,91.4,0.849
sample_5661,90.8,0.854
sample_5662,91.3,0.849
sample_5663,91.9,0.859
sample_5664,92.4,0.851
sample_5665,89.9,0.840
sample_5666,91.3,0.851
sample_5667,92.0,0.852
sample_5668,92.3,0.861
sample_5669,91.1,0.853
sample_5670,91.3,0.850
sample_5671,91.0,0.852
sample_5672,92.6,0.860
sample_5673,91.8,0.842
sample_5674,91.2,0.839
sample_5675,91.8,0.856
sample_5676,90.4,0.841
sample_5677,91.4,0.841
sample_5678,91.3,0.854
sample_5679,91.9,0.858
sample_5680,92.6,0.860
sample_5681,90.8,0.851
sample_5682,91.2,0.848
sample_5683,91.2,0.848
sample_5684,90.1,0.824
sample_5685,91.8,0.843
sample_5686,92.0,0.850
sample_5687,91.8,0.858
sample_5688,91.9,0.854
sample_5689,92.5,0.862
sample_5690,90.1,0.843
sample_5691,90.1,0.845
sample_5692,91.9,0.848
sample_5693,90.9,0.833
sample_5694,91.7,0.854
sample_5695,91.1,0.842
sample_5696,91.5,0.839
sample_5697,91.8,0.854
sample_5698,91.3,0.846
sample_5699,90.7,0.843
sample_5700,91.9,0.855
sample_5701,91.9,0.856
sample_5702,91.0,0.849
sample_5703,91.2,0.848
sample_5704,91.2,0.850
sample_5705,91.7,0.860
sample_5706,90.1,0.843
sample_5707,91.8,0.854
sample_5708,90.0,0.837
sample_5709,90.3,0.844
sample_5710,89.5,0.837
sample_5711,90.3,0.847
sample_5712,90.3,0.833
sample_5713,93.2,0.859
sample_5714,91.7,0.855
sample_5715,91.7,0.853
sample_5716,92.5,0.858
sample_5717,91.6,0.855
sample_5718,90.7,0.845
sample_5719,91.0,0.847
sample_5720,90.5,0.832
sample_5721,91.2,0.849
sample_5722,92.0,0.854
sample_5723,92.2,0.854
sample_5724,91.0,0.849
sample_5725,90.8,0.843
sample_5726,90.4,0.845
sample_5727,92.0,0.855
sample_5728,91.9,0.860
sample_5729,91.8,0.845
sample_5730,91.4,0.857
sample_5731,89.9,0.845
sample_5732,91.8,0.850
sample_5733,91.5,0.852
sample_5734,92.6,0.857
sample_5735,90.3,0.841
sample_5736,90.7,0.850
sample_5737,91.3,0.856
sample_5738,91.7,0.855
sample_5739,91.9,0.850
sample_5740,89.5,0.831
sample_5741,91.4,0.851
sample_5742,91.4,0.846
sample_5743,89.6,0.834
sample_5744,91.6,0.857
sample_5745,91.3,0.847
sample_5746,91.1,0.842
sample_5747,91.0,0.855
sample_5748,91.7,0.849
sample_5749,91.8,0.856
sample_5750,92.2,0.854
sample_5751,90.5,0.847
sample_5752,92.4,0.853
sample_5753,91.4,0.855
sample_5754,91.8,0.848
sample_5755,91.4,0.850
sample_5756,90.0,0.839
sample_5757,91.8,0.849
sample_5758,91.4,0.855
sample_5759,91.7,0.852
sample_5760,90.7,0.846
sample_5761,93.2,0.859
sample_5762,91.2,0.845
sample_5763,92.4,0.858
sample_5764,90.5,0.831
sample_5765,91.8,0.852
sample_5766,91.4,0.847
sample_5767,90.1,0.831
sample_5768,90.0,0.845
sample_5769,90.7,0.838
sample_5770,92.5,0.854
sample_5771,91.9,0.856
sample_5772,91.9,0.852
sample_5773,92.3,0.855
sample_5774,91.4,0.849
sample_5775,91.7,0.853
sample_5776,90.4,0.840
sample_5777,90.6,0.846
sample_5778,90.6,0.858
sample_5779,91.2,0.850
sample_5780,90.6,0.844
sample_5781,91.6,0.854
sample_5782,90.1,0.855
sample_5783,91.3,0.850
sample_5784,90.1,0.848
sample_5785,93.2,0.862
sample_5786,91.6,0.848
sample_5787,90.6,0.847
sample_5788,91.5,0.854
sample_5789,91.3,0.850
sample_5790,91.5,0.852
sample_5791,91.3,0.855
sample_5792,91.4,0.840
sample_5793,92.5,0.859
sample_5794,91.5,0.854
sample_5795,91.6,0.852
sample_5796,92.8,0.864
sample_5797,91.9,0.855
sample_5798,91.4,0.861
sample_5799,91.7,0.857
sample_5800,91.2,0.846
sample_5801,90.5,0.847
sample_5802,90.6,0.847
sample_5803,92.0,0.858
sample_5804,91.1,0.850
sample_5805,91.1,0.845
sample_5806,92.5,0.864
sample_5807,91.1,0.858
sample_5808,91.5,0.849
sample_5809,91.4,0.844
sample_5810,92.3,0.851
sample_5811,90.4,0.834
sample_5812,91.2,0.848
sample_5813,91.8,0.850
sample_5814,91.4,0.851
sample_5815,90.3,0.846
sample_5816,90.2,0.846
sample_5817,91.8,0.857
sample_5818,91.8,0.853
sample_5819,89.4,0.820
sample_5820,92.0,0.851
sample_5821,91.3,0.847
sample_5822,90.6,0.846
sample_5823,91.3,0.851
sample_5824,91.7,0.860
sample_5825,91.7,0.856
sample_5826,91.1,0.850
sample_5827,91.9,0.860
sample_5828,91.7,0.850
sample_5829,91.5,0.858
sample_5830,91.5,0.849
sample_5831,90.5,0.844
sample_5832,91.6,0.854
sample_5833,89.7,0.833
sample_5834,90.9,0.852
sample_5835,90.9,0.846
sample_5836,92.0,0.860
sample_5837,91.7,0.859
sample_5838,91.7,0.859
sample_5839,90.5,0.829
sample_5840,91.0,0.850
sample_5841,91.0,0.851
sample_5842,91.7,0.854
sample_5843,89.5,0.843
sample_5844,92.3,0.863
sample_5845,91.8,0.856
sample_5846,92.0,0.862
sample_5847,91.1,0.843
sample_5848,91.7,0.846
sample_5849,91.1,0.841
sample_5850,91.6,0.852
sample_5851,91.1,0.841
sample_5852,90.9,0.841
sample_5853,91.5,0.851
sample_5854,91.0,0.840
sample_5855,92.0,0.861
sample_5856,91.5,0.851
sample_5857,91.9,0.859
sample_5858,90.2,0.848
sample_5859,91.9,0.846
sample_5860,90.6,0.842
sample_5861,91.7,0.855
sample_5862,91.2,0.853
sample_5863,91.5,0.849
sample_5864,92.2,0.855
sample_5865,92.0,0.855
sample_5866,90.9,0.857
sample_5867,91.9,0.855
sample_5868,91.5,0.855
sample_5869,90.6,0.842
sample_5870,92.7,0.861
sample_5871,91.2,0.852
sample_5872,91.0,0.851
sample_5873,92.0,0.858
sample_5874,91.1,0.845
sample_5875,91.2,0.852
sample_5876,91.3,0.850
sample_5877,91.8,0.848
sample_5878,90.8,0.853
sample_5879,92.0,0.853
sample_5880,91.4,0.853
sample_5881,92.1,0.851
sample_5882,91.9,0.855
sample_5883,90.1,0.848
sample_5884,90.3,0.840
sample_5885,91.3,0.843
sample_5886,92.3,0.854
sample_5887,90.3,0.848
sample_5888,91.4,0.849
sample_5889,92.0,0.859
sample_5890,91.2,0.857
sample_5891,90.8,0.844
sample_5892,91.2,0.842
sample_5893,92.2,0.862
sample_5894,90.3,0.837
sample_5895,89.9,0.840
sample_5896,91.7,0.853
sample_5897,92.3,0.863
sample_5898,91.2,0.849
sample_5899,91.3,0.854
sample_5900,90.2,0.843
sample_5901,91.2,0.852
sample_5902,91.4,0.853
sample_5903,90.0,0.840
sample_5904,90.8,0.848
sample_5905,90.7,0.851
sample_5906,91.3,0.859
sample_5907,91.6,0.857
sample_5908,92.2,0.855
sample_5909,90.7,0.840
sample_5910,92.3,0.856
sample_5911,91.4,0.854
sample_5912,91.1,0.852
sample_5913,91.2,0.848
sample_5914,91.6,0.854
sample_5915,90.8,0.851
sample_5916,91.3,0.847
sample_5917,91.3,0.854
sample_5918,91.7,0.852
sample_5919,92.9,0.861
sample_5920,91.6,0.852
sample_5921,91.4,0.853
sample_5922,90.3,0.836
sample_5923,91.0,0.855
sample_5924,92.1,0.855
sample_5925,91.3,0.848
sample_5926,90.0,0.834
sample_5927,92.1,0.848
sample_5928,91.2,0.848
sample_5929,91.9,0.861
sample_5930,90.6,0.837
sample_5931,89.3,0.841
sample_5932,90.6,0.851
sample_5933,91.1,0.848
sample_5934,92.1,0.859
sample_5935,90.9,0.840
sample_5936,91.2,0.846
sample_5937,92.0,0.858
sample_5938,91.5,0.845
sample_5939,91.5,0.857
sample_5940,90.9,0.844
sample_5941,92.0,0.860
sample_5942,90.4,0.845
sample_5943,92.0,0.856
sample_5944,89.2,0.836
sample_5945,90.6,0.846
sample_5946,92.0,0.852
sample_5947,90.2,0.846
sample_5948,91.0,0.849
sample_5949,91.8,0.854
sample_5950,91.3,0.852
sample_5951,91.6,0.849
sample_5952,90.9,0.839
sample_5953,92.1,0.857
sample_5954,91.1,0.845
sample_5955,91.0,0.855
sample_5956,91.5,0.853
sample_5957,90.0,0.830
sample_5958,92.0,0.858
sample_5959,91.4,0.850
sample_5960,91.4,0.845
sample_5961,91.8,0.857
sample_5962,91.3,0.854
sample_5963,91.6,0.859
sample_5964,90.3,0.846
sample_5965,90.8,0.838
sample_5966,90.7,0.850
sample_5967,90.6,0.843
sample_5968,91.7,0.853
sample_5969,91.5,0.858
sample_5970,90.0,0.838
sample_5971,90.1,0.842
sample_5972,90.6,0.844
sample_5973,92.5,0.861
sample_5974,91.9,0.859
sample_5975,90.2,0.843
sample_5976,91.7,0.855
sample_5977,91.7,0.851
sample_5978,90.5,0.843
sample_5979,92.1,0.857
sample_5980,91.3,0.848
sample_5981,92.5,0.863
sample_5982,91.4,0.855
sample_5983,91.3,0.849
sample_5984,91.0,0.838
sample_5985,91.9,0.851
sample_5986,91.7,0.860
sample_5987,90.0,0.845
sample_5988,91.0,0.854
sample_5989,92.6,0.855
sample_5990,92.0,0.860
sample_5991,91.7,0.854
sample_5992,91.0,0.849
sample_5993,92.0,0.851
sample_5994,90.9,0.848
sample_5995,91.0,0.841
sample_5996,91.8,0.849
sample_5997,92.3,0.856
sample_5998,90.9,0.841
sample_5999,91.0,0.845
sample_6000,92.3,0.853
sample_6001,90.7,0.845
sample_6002,91.1,0.848
sample_6003,90.9,0.844
sample_6004,92.4,0.854
sample_6005,92.1,0.847
sample_6006,92.0,0.854
sample_6007,91.9,0.856
sample_6008,90.7,0.849
sample_6009,89.8,0.845
sample_6010,90.7,0.842
sample_6011,90.4,0.848
sample_6012,90.6,0.841
sample_6013,92.0,0.856
sample_6014,90.4,0.855
sample_6015,89.8,0.832
sample_6016,91.2,0.851
sample_6017,90.5,0.840
sample_6018,92.3,0.858
sample_6019,91.2,0.855
sample_6020,90.9,0.842
sample_6021,90.8,0.848
sample_6022,90.9,0.845
sample_6023,91.9,0.854
sample_6024,90.6,0.848
sample_6025,92.2,0.861
sample_6026,90.5,0.836
sample_6027,91.6,0.852
sample_6028,90.5,0.837
sample_6029,92.1,0.860
sample_6030,91.3,0.852
sample_6031,91.4,0.842
sample_6032,90.2,0.842
sample_6033,91.8,0.858
sample_6034,90.6,0.855
sample_6035,89.6,0.846
sample_6036,91.5,0.850
sample_6037,92.5,0.863
sample_6038,89.9,0.842
sample_6039,91.4,0.850
sample_6040,90.3,0.843
sample_6041,91.1,0.852
sample_6042,92.1,0.852
sample_6043,89.9,0.835
sample_6044,92.1,0.854
sample_6045,91.4,0.851
sample_6046,91.3,0.850
sample_6047,91.4,0.842
sample_6048,91.5,0.849
sample_6049,92.1,0.854
sample_6050,91.3,0.846
sample_6051,90.2,0.844
sample_6052,92.0,0.856
sample_6053,90.2,0.826
sample_6054,91.5,0.850
sample_6055,91.1,0.841
sample_6056,91.3,0.855
sample_6057,90.7,0.848
sample_6058,91.9,0.848
sample_6059,91.4,0.845
sample_6060,91.6,0.849
sample_6061,92.0,0.854
sample_6062,91.3,0.850
sample_6063,91.3,0.857
sample_6064,90.5,0.844
sample_6065,91.3,0.850
sample_6066,91.6,0.848
sample_6067,90.5,0.844
sample_6068,91.0,0.848
sample_6069,90.6,0.855
sample_6070,91.4,0.851
sample_6071,91.1,0.851
sample_6072,91.8,0.855
sample_6073,92.4,0.859
sample_6074,91.0,0.849
sample_6075,90.5,0.841
sample_6076,91.0,0.848
sample_6077,91.7,0.848
sample_6078,91.1,0.846
sample_6079,91.0,0.845
sample_6080,90.6,0.844
sample_6081,90.9,0.854
sample_6082,90.6,0.846
sample_6083,91.9,0.858
sample_6084,90.8,0.841
sample_6085,91.0,0.850
sample_6086,91.2,0.854
sample_6087,90.8,0.840
sample_6088,91.3,0.845
sample_6089,91.5,0.855
sample_6090,91.2,0.848
sample_6091,90.0,0.836
sample_6092,91.9,0.857
sample_6093,91.5,0.860
sample_6094,91.4,0.852
sample_6095,90.9,0.839
sample_6096,90.9,0.842
sample_6097,91.0,0.839
sample_6098,91.6,0.845
sample_6099,90.6,0.847
sample_6100,91.1,0.836
sample_6101,92.2,0.857
sample_6102,90.3,0.830
sample_6103,91.2,0.854
sample_6104,90.9,0.848
sample_6105,91.4,0.847
sample_6106,91.2,0.843
sample_6107,91.2,0.840
sample_6108,91.9,0.850
sample_6109,91.6,0.850
sample_6110,91.8,0.857
sample_6111,92.0,0.850
sample_6112,91.1,0.845
sample_6113,91.0,0.858
sample_6114,91.5,0.851
sample_6115,90.5,0.841
sample_6116,90.3,0.835
sample_6117,91.2,0.848
sample_6118,90.1,0.851
sample_6119,91.6,0.854
sample_6120,91.0,0.845
sample_6121,92.4,0.859
sample_6122,91.5,0.860
sample_6123,91.2,0.851
sample_6124,91.3,0.859
sample_6125,90.5,0.845
sample_6126,90.6,0.850
sample_6127,91.4,0.855
sample_6128,90.0,0.846
sample_6129,91.0,0.841
sample_6130,91.2,0.846
sample_6131,90.8,0.836
sample_6132,92.0,0.849
sample_6133,91.2,0.854
sample_6134,91.6,0.838
sample_6135,90.1,0.842
sample_6136,91.0,0.851
sample_6137,90.6,0.842
sample_6138,91.5,0.853
sample_6139,91.9,0.854
sample_6140,91.3,0.856
sample_6141,91.7,0.847
sample_6142,91.3,0.853
sample_6143,91.8,0.852
sample_6144,92.2,0.860
sample_6145,91.5,0.844
sample_6146,90.6,0.854
sample_6147,91.4,0.853
sample_6148,89.8,0.834
sample_6149,91.4,0.849
sample_6150,92.0,0.854
sample_6151,91.6,0.857
sample_6152,90.6,0.846
sample_6153,91.0,0.848
sample_6154,92.3,0.865
sample_6155,92.0,0.851
sample_6156,89.7,0.834
sample_6157,91.2,0.852
sample_6158,90.6,0.843
sample_6159,90.0,0.838
sample_6160,91.0,0.847
sample_6161,91.3,0.847
sample_6162,91.5,0.853
sample_6163,89.5,0.829
sample_6164,90.8,0.849
sample_6165,90.4,0.848
sample_6166,90.9,0.847
sample_6167,91.7,0.849
sample_6168,91.4,0.842
sample_6169,92.0,0.850
sample_6170,91.8,0.860
sample_6171,92.2,0.854
sample_6172,92.2,0.855
sample_6173,92.2,0.856
sample_6174,89.9,0.834
sample_6175,90.5,0.850
sample_6176,91.1,0.843
sample_6177,90.7,0.846
sample_6178,90.5,0.843
sample_6179,91.6,0.858
sample_6180,90.7,0.851
sample_6181,90.8,0.843
sample_6182,92.4,0.859
sample_6183,91.8,0.856
sample_6184,90.7,0.843
sample_6185,90.9,0.841
sample_6186,91.3,0.843
sample_6187,92.1,0.853
sample_6188,91.4,0.849
sample_6189,91.5,0.853
sample_6190,91.3,0.859
sample_6191,91.5,0.853
sample_6192,92.2,0.855
sample_6193,91.0,0.840
sample_6194,91.4,0.843
sample_6195,91.3,0.850
sample_6196,91.1,0.850
sample_6197,90.8,0.851
sample_6198,91.5,0.850
sample_6199,90.7,0.842
sample_6200,90.7,0.843
sample_6201,90.6,0.852
sample_6202,91.9,0.853
sample_6203,90.2,0.839
sample_6204,92.1,0.849
sample_6205,91.4,0.852
sample_6206,91.5,0.846
sample_6207,91.6,0.857
sample_6208,91.4,0.857
sample_6209,90.5,0.840
sample_6210,91.7,0.848
sample_6211,90.4,0.837
sample_6212,90.0,0.839
sample_6213,91.5,0.846
sample_6214,90.8,0.850
sample_6215,90.2,0.846
sample_6216,91.0,0.842
sample_6217,90.6,0.842
sample_6218,91.1,0.852
sample_6219,91.1,0.841
sample_6220,91.8,0.858
sample_6221,91.7,0.858
sample_6222,91.3,0.847
sample_6223,91.8,0.850
sample_6224,91.9,0.853
sample_6225,91.1,0.853
sample_6226,91.5,0.839
sample_6227,91.1,0.850
sample_6228,92.2,0.863
sample_6229,90.7,0.849
sample_6230,90.6,0.836
sample_6231,90.7,0.840
sample_6232,91.1,0.848
sample_6233,91.4,0.853
sample_6234,91.0,0.849
sample_6235,91.0,0.839
sample_6236,90.6,0.847
sample_6237,90.3,0.843
sample_6238,90.7,0.840
sample_6239,90.7,0.839
sample_6240,92.4,0.859
sample_6241,92.0,0.858
sample_6242,90.9,0.847
sample_6243,89.7,0.837
sample_6244,91.5,0.858
sample_6245,90.9,0.849
sample_6246,90.2,0.828
sample_6247,93.5,0.864
sample_6248,91.9,0.856
sample_6249,91.4,0.846
sample_6250,91.0,0.851
sample_6251,91.0,0.853
sample_6252,91.0,0.852
sample_6253,91.2,0.853
sample_6254,91.5,0.858
sample_6255,89.9,0.841
sample_6256,90.9,0.849
sample_6257,91.6,0.852
sample_6258,91.8,0.861
sample_6259,91.1,0.845
sample_6260,92.5,0.847
sample_6261,91.5,0.855
sample_6262,91.8,0.857
sample_6263,91.2,0.845
sample_6264,90.9,0.847
sample_6265,91.2,0.850
sample_6266,92.0,0.859
sample_6267,91.1,0.857
sample_6268,90.1,0.843
sample_6269,90.9,0.850
sample_6270,91.0,0.853
sample_6271,91.5,0.850
sample_6272,91.7,0.850
sample_6273,91.1,0.850
sample_6274,91.9,0.854
sample_6275,92.0,0.850
sample_6276,91.5,0.847
sample_6277,92.7,0.860
sample_6278,91.5,0.850
sample_6279,91.1,0.846
sample_6280,91.4,0.856
sample_6281,91.8,0.858
sample_6282,91.2,0.852
sample_6283,90.8,0.842
sample_6284,91.3,0.844
sample_6285,90.9,0.846
sample_6286,91.0,0.857
sample_6287,91.6,0.860
sample_6288,91.5,0.854
sample_6289,92.3,0.854
sample_6290,91.4,0.855
sample_6291,91.2,0.855
sample_6292,90.8,0.847
sample_6293,91.3,0.852
sample_6294,91.5,0.852
sample_6295,90.6,0.837
sample_6296,91.2,0.843
sample_6297,90.9,0.856
sample_6298,91.0,0.847
sample_6299,91.0,0.850
sample_6300,90.3,0.843
sample_6301,92.1,0.857
sample_6302,91.6,0.855
sample_6303,91.9,0.857
sample_6304,91.8,0.854
sample_6305,91.5,0.855
sample_6306,90.6,0.843
sample_6307,90.5,0.840
sample_6308,91.7,0.848
sample_6309,91.4,0.847
sample_6310,91.9,0.858
sample_6311,91.9,0.851
sample_6312,90.6,0.838
sample_6313,91.3,0.857
sample_6314,91.2,0.852
sample_6315,91.0,0.847
sample_6316,90.9,0.850
sample_6317,89.9,0.839
sample_6318,90.6,0.838
sample_6319,91.5,0.852
sample_6320,90.7,0.840
sample_6321,92.2,0.862
sample_6322,91.4,0.849
sample_6323,91.5,0.855
sample_6324,91.1,0.846
sample_6325,91.1,0.852
sample_6326,90.0,0.832
sample_6327,90.2,0.833
sample_6328,90.9,0.845
sample_6329,90.9,0.849
sample_6330,91.4,0.842
sample_6331,90.5,0.837
sample_6332,91.0,0.842
sample_6333,92.1,0.864
sample_6334,91.1,0.851
sample_6335,92.4,0.865
sample_6336,92.6,0.862
sample_6337,90.8,0.844
sample_6338,92.3,0.861
sample_6339,91.4,0.850
sample_6340,91.9,0.860
sample_6341,91.2,0.848
sample_6342,91.8,0.855
sample_6343,91.5,0.848
sample_6344,91.4,0.856
sample_6345,91.2,0.857
sample_6346,91.1,0.844
sample_6347,91.0,0.851
sample_6348,91.5,0.860
sample_6349,91.3,0.853
sample_6350,91.6,0.854
sample_6351,92.4,0.859
sample_6352,91.7,0.845
sample_6353,90.0,0.836
sample_6354,89.9,0.841
sample_6355,90.3,0.840
sample_6356,91.3,0.851
sample_6357,89.9,0.842
sample_6358,92.1,0.854
sample_6359,91.3,0.851
sample_6360,92.0,0.854
sample_6361,91.1,0.855
sample_6362,90.7,0.849
sample_6363,91.5,0.851
sample_6364,90.0,0.843
sample_6365,91.3,0.855
sample_6366,90.2,0.842
sample_6367,91.4,0.843
sample_6368,90.1,0.842
sample_6369,90.9,0.853
sample_6370,92.1,0.860
sample_6371,91.6,0.849
sample_6372,91.7,0.845
sample_6373,91.3,0.854
sample_6374,92.1,0.857
sample_6375,91.0,0.853
sample_6376,92.2,0.856
sample_6377,91.3,0.852
sample_6378,90.4,0.838
sample_6379,91.4,0.856
sample_6380,90.9,0.841
sample_6381,91.3,0.845
sample_6382,90.9,0.845
sample_6383,90.2,0.843
sample_6384,91.9,0.856
sample_6385,91.3,0.847
sample_6386,91.0,0.854
sample_6387,91.4,0.852
sample_6388,91.8,0.851
sample_6389,91.4,0.845
sample_6390,91.6,0.853
sample_6391,90.5,0.840
sample_6392,91.8,0.857
sample_6393,92.0,0.854
sample_6394,91.0,0.857
sample_6395,91.6,0.850
sample_6396,90.7,0.853
sample_6397,91.0,0.850
sample_6398,90.8,0.844
sample_6399,91.1,0.845
sample_6400,91.3,0.839
sample_6401,91.5,0.846
sample_6402,91.4,0.842
sample_6403,90.2,0.848
sample_6404,91.0,0.840
sample_6405,90.3,0.833
sample_6406,90.9,0.850
sample_6407,89.7,0.840
sample_6408,90.7,0.848
sample_6409,93.5,0.855
sample_6410,92.2,0.861
sample_6411,91.4,0.852
sample_6412,90.9,0.857
sample_6413,92.3,0.858
sample_6414,92.0,0.855
sample_6415,91.2,0.850
sample_6416,91.2,0.859
sample_6417,91.5,0.855
sample_6418,90.4,0.851
sample_6419,91.4,0.850
sample_6420,91.5,0.857
sample_6421,92.2,0.858
sample_6422,91.1,0.846
sample_6423,90.3,0.852
sample_6424,90.7,0.846
sample_6425,91.5,0.847
sample_6426,90.4,0.848
sample_6427,91.0,0.839
sample_6428,91.4,0.856
sample_6429,90.2,0.843
sample_6430,91.8,0.853
sample_6431,91.0,0.852
sample_6432,91.3,0.850
sample_6433,91.8,0.855
sample_6434,91.8,0.852
sample_6435,91.2,0.850
sample_6436,91.4,0.854
sample_6437,91.9,0.853
sample_6438,90.4,0.839
sample_6439,90.5,0.838
sample_6440,89.9,0.842
sample_6441,92.1,0.847
sample_6442,90.9,0.857
sample_6443,92.5,0.855
sample_6444,91.0,0.839
sample_6445,90.9,0.857
sample_6446,91.2,0.853
sample_6447,90.8,0.861
sample_6448,90.4,0.834
sample_6449,91.7,0.849
sample_6450,91.3,0.851
sample_6451,91.0,0.850
sample_6452,91.7,0.863
sample_6453,91.5,0.853
sample_6454,91.1,0.851
sample_6455,90.8,0.849
sample_6456,91.6,0.855
sample_6457,90.7,0.850
sample_6458,90.6,0.842
sample_6459,91.1,0.849
sample_6460,90.9,0.847
sample_6461,91.4,0.856
sample_6462,91.7,0.848
sample_6463,91.5,0.844
sample_6464,92.0,0.848
sample_6465,91.9,0.859
sample_6466,91.6,0.858
sample_6467,92.5,0.862
sample_6468,91.9,0.858
sample_6469,90.7,0.846
sample_6470,90.9,0.841
sample_6471,91.9,0.851
sample_6472,89.4,0.824
sample_6473,91.3,0.851
sample_6474,92.8,0.859
sample_6475,90.1,0.832
sample_6476,90.9,0.844
sample_6477,91.6,0.856
sample_6478,91.6,0.850
sample_6479,91.6,0.853
sample_6480,90.9,0.841
sample_6481,90.7,0.846
sample_6482,90.6,0.843
sample_6483,91.1,0.850
sample_6484,91.6,0.848
sample_6485,90.5,0.842
sample_6486,92.1,0.846
sample_6487,91.6,0.844
sample_6488,92.0,0.860
sample_6489,90.3,0.846
sample_6490,90.5,0.848
sample_6491,90.2,0.836
sample_6492,91.7,0.855
sample_6493,92.5,0.850
sample_6494,92.0,0.854
sample_6495,90.3,0.841
sample_6496,90.6,0.841
sample_6497,90.8,0.840
sample_6498,90.7,0.838
sample_6499,92.1,0.862
sample_6500,90.7,0.848
sample_6501,91.0,0.851
sample_6502,91.8,0.850
sample_6503,91.6,0.859
sample_6504,91.0,0.852
sample_6505,91.4,0.852
sample_6506,92.1,0.857
sample_6507,91.5,0.852
sample_6508,92.0,0.858
sample_6509,90.8,0.849
sample_6510,91.8,0.858
sample_6511,91.6,0.849
sample_6512,91.6,0.846
sample_6513,91.5,0.847
sample_6514,91.7,0.840
sample_6515,92.7,0.855
sample_6516,91.0,0.840
sample_6517,90.1,0.848
sample_6518,91.9,0.859
sample_6519,92.2,0.858
sample_6520,92.0,0.860
sample_6521,91.6,0.854
sample_6522,92.0,0.853
sample_6523,92.0,0.853
sample_6524,91.2,0.848
sample_6525,91.7,0.854
sample_6526,90.9,0.847
sample_6527,91.2,0.849
sample_6528,89.9,0.839
sample_6529,91.1,0.851
sample_6530,91.1,0.857
sample_6531,92.8,0.855
sample_6532,91.6,0.845
sample_6533,91.6,0.846
sample_6534,92.4,0.858
sample_6535,90.8,0.841
sample_6536,90.0,0.844
sample_6537,90.8,0.844
sample_6538,90.6,0.842
sample_6539,92.0,0.852
sample_6540,92.0,0.858
sample_6541,90.5,0.855
sample_6542,92.3,0.862
sample_6543,92.2,0.859
sample_6544,91.7,0.855
sample_6545,92.6,0.854
sample_6546,91.2,0.863
sample_6547,91.4,0.851
sample_6548,91.1,0.851
sample_6549,92.8,0.860
sample_6550,90.1,0.840
sample_6551,90.6,0.841
sample_6552,90.2,0.830
sample_6553,90.3,0.845
sample_6554,91.4,0.843
sample_6555,91.2,0.841
sample_6556,90.8,0.839
sample_6557,91.3,0.848
sample_6558,89.7,0.830
sample_6559,92.2,0.859
sample_6560,91.1,0.851
sample_6561,90.3,0.845
sample_6562,91.5,0.849
sample_6563,91.5,0.858
sample_6564,92.1,0.854
sample_6565,89.5,0.836
sample_6566,90.0,0.856
sample_6567,91.1,0.844
sample_6568,90.6,0.848
sample_6569,90.9,0.837
sample_6570,91.5,0.851
sample_6571,90.8,0.836
sample_6572,91.6,0.847
sample_6573,90.1,0.849
sample_6574,91.1,0.853
sample_6575,92.2,0.859
sample_6576,91.0,0.852
sample_6577,91.0,0.856
sample_6578,91.0,0.855
sample_6579,92.2,0.863
sample_6580,91.4,0.837
sample_6581,91.3,0.852
sample_6582,91.9,0.849
sample_6583,92.3,0.859
sample_6584,91.2,0.856
sample_6585,90.1,0.848
sample_6586,91.1,0.848
sample_6587,91.2,0.853
sample_6588,92.1,0.858
sample_6589,90.5,0.836
sample_6590,91.4,0.856
sample_6591,90.1,0.848
sample_6592,90.6,0.840
sample_6593,91.5,0.848
sample_6594,91.7,0.846
sample_6595,91.1,0.855
sample_6596,90.3,0.844
sample_6597,89.4,0.817
sample_6598,91.3,0.854
sample_6599,92.1,0.862
sample_6600,92.0,0.861
sample_6601,92.0,0.853
sample_6602,90.8,0.834
sample_6603,91.1,0.851
sample_6604,90.4,0.833
sample_6605,90.6,0.845
sample_6606,92.3,0.856
sample_6607,92.0,0.850
sample_6608,91.8,0.849
sample_6609,90.5,0.845
sample_6610,91.6,0.852
sample_6611,92.1,0.856
sample_6612,91.1,0.838
sample_6613,91.9,0.856
sample_6614,90.7,0.837
sample_6615,91.5,0.851
sample_6616,91.9,0.853
sample_6617,89.8,0.835
sample_6618,90.7,0.849
sample_6619,92.7,0.852
sample_6620,90.4,0.842
sample_6621,91.5,0.858
sample_6622,91.4,0.842
sample_6623,92.2,0.857
sample_6624,91.4,0.856
sample_6625,90.7,0.850
sample_6626,92.5,0.862
sample_6627,92.9,0.855
sample_6628,91.1,0.838
sample_6629,91.0,0.858
sample_6630,91.3,0.853
sample_6631,91.2,0.849
sample_6632,91.3,0.844
sample_6633,90.5,0.837
sample_6634,91.1,0.849
sample_6635,91.6,0.849
sample_6636,90.1,0.843
sample_6637,90.6,0.837
sample_6638,90.6,0.848
sample_6639,91.3,0.840
sample_6640,90.2,0.838
sample_6641,91.9,0.856
sample_6642,90.8,0.847
sample_6643,88.2,0.821
sample_6644,91.5,0.847
sample_6645,90.7,0.836
sample_6646,91.2,0.851
sample_6647,91.4,0.855
sample_6648,90.7,0.844
sample_6649,91.7,0.853
sample_6650,91.0,0.846
sample_6651,91.6,0.856
sample_6652,91.2,0.849
sample_6653,90.5,0.842
sample_6654,91.2,0.859
sample_6655,91.0,0.855
sample_6656,91.3,0.849
sample_6657,91.7,0.852
sample_6658,90.8,0.839
sample_6659,90.8,0.842
sample_6660,90.2,0.840
sample_6661,91.0,0.844
sample_6662,91.1,0.855
sample_6663,91.6,0.853
sample_6664,91.3,0.846
sample_6665,92.6,0.856
sample_6666,90.7,0.852
sample_6667,90.9,0.848
sample_6668,92.6,0.862
sample_6669,91.7,0.859
sample_6670,90.4,0.844
sample_6671,92.2,0.863
sample_6672,91.1,0.854
sample_6673,90.7,0.831
sample_6674,92.0,0.855
sample_6675,91.4,0.852
sample_6676,91.5,0.854
sample_6677,92.0,0.854
sample_6678,91.9,0.853
sample_6679,92.3,0.863
sample_6680,91.1,0.853
sample_6681,92.5,0.860
sample_6682,90.8,0.841
sample_6683,92.0,0.850
sample_6684,90.0,0.845
sample_6685,92.1,0.859
sample_6686,91.7,0.852
sample_6687,90.6,0.836
sample_6688,91.6,0.844
sample_6689,91.1,0.849
sample_6690,92.0,0.857
sample_6691,91.2,0.852
sample_6692,91.2,0.851
sample_6693,91.0,0.847
sample_6694,91.2,0.853
sample_6695,91.4,0.855
sample_6696,91.3,0.844
sample_6697,90.0,0.845
sample_6698,90.5,0.838
sample_6699,89.4,0.826
sample_6700,91.5,0.855
sample_6701,91.6,0.852
sample_6702,91.4,0.849
sample_6703,90.6,0.848
sample_6704,92.2,0.861
sample_6705,91.4,0.847
sample_6706,91.9,0.859
sample_6707,90.8,0.852
sample_6708,91.6,0.852
sample_6709,90.1,0.841
sample_6710,90.6,0.840
sample_6711,92.3,0.860
sample_6712,91.9,0.853
sample_6713,91.5,0.842
sample_6714,91.9,0.857
sample_6715,91.6,0.858
sample_6716,91.6,0.851
sample_6717,91.2,0.843
sample_6718,90.6,0.845
sample_6719,91.5,0.859
sample_6720,90.8,0.849
sample_6721,90.0,0.839
sample_6722,91.5,0.857
sample_6723,90.7,0.851
sample_6724,91.3,0.846
sample_6725,90.5,0.835
sample_6726,91.1,0.849
sample_6727,91.6,0.842
sample_6728,91.7,0.849
sample_6729,92.0,0.859
sample_6730,90.9,0.852
sample_6731,91.6,0.850
sample_6732,91.1,0.850
sample_6733,91.0,0.832
sample_6734,92.1,0.854
sample_6735,90.4,0.853
sample_6736,92.0,0.847
sample_6737,91.4,0.847
sample_6738,90.1,0.838
sample_6739,90.7,0.855
sample_6740,91.5,0.853
sample_6741,91.9,0.852
sample_6742,91.8,0.863
sample_6743,90.9,0.848
sample_6744,91.5,0.854
sample_6745,91.5,0.850
sample_6746,90.9,0.840
sample_6747,89.9,0.834
sample_6748,89.6,0.844
sample_6749,93.0,0.857
sample_6750,92.2,0.858
sample_6751,91.7,0.843
sample_6752,90.4,0.845
sample_6753,90.8,0.846
sample_6754,92.3,0.856
sample_6755,91.6,0.853
sample_6756,92.1,0.852
sample_6757,90.8,0.842
sample_6758,90.8,0.854
sample_6759,91.3,0.853
sample_6760,89.9,0.842
sample_6761,90.2,0.833
sample_6762,91.8,0.853
sample_6763,91.1,0.846
sample_6764,92.8,0.864
sample_6765,91.0,0.848
sample_6766,91.0,0.839
sample_6767,91.8,0.850
sample_6768,93.0,0.858
sample_6769,90.5,0.843
sample_6770,91.4,0.853
sample_6771,90.8,0.848
sample_6772,91.0,0.841
sample_6773,91.2,0.852
sample_6774,91.8,0.861
sample_6775,89.9,0.848
sample_6776,92.0,0.855
sample_6777,90.0,0.834
sample_6778,90.0,0.843
sample_6779,92.6,0.855
sample_6780,91.8,0.855
sample_6781,91.5,0.851
sample_6782,91.3,0.854
sample_6783,90.1,0.840
sample_6784,90.9,0.849
sample_6785,91.1,0.844
sample_6786,90.5,0.844
sample_6787,90.0,0.839
sample_6788,92.0,0.844
sample_6789,91.1,0.846
sample_6790,90.7,0.844
sample_6791,89.6,0.816
sample_6792,91.5,0.845
sample_6793,91.4,0.854
sample_6794,91.8,0.849
sample_6795,91.7,0.850
sample_6796,90.6,0.837
sample_6797,91.3,0.851
sample_6798,92.0,0.858
sample_6799,91.3,0.852
sample_6800,90.7,0.844
sample_6801,91.6,0.856
sample_6802,91.3,0.852
sample_6803,91.6,0.852
sample_6804,91.9,0.850
sample_6805,91.4,0.852
sample_6806,92.3,0.856
sample_6807,92.0,0.855
sample_6808,90.2,0.837
sample_6809,90.9,0.846
sample_6810,91.6,0.856
sample_6811,92.3,0.849
sample_6812,91.5,0.860
sample_6813,92.0,0.846
sample_6814,90.8,0.853
sample_6815,90.4,0.838
sample_6816,91.4,0.857
sample_6817,91.7,0.845
sample_6818,91.1,0.852
sample_6819,93.0,0.862
sample_6820,91.2,0.849
sample_6821,91.9,0.849
sample_6822,90.8,0.841
sample_6823,90.0,0.840
sample_6824,92.1,0.849
sample_6825,91.2,0.853
sample_6826,91.5,0.848
sample_6827,92.5,0.855
sample_6828,91.7,0.859
sample_6829,92.4,0.857
sample_6830,92.3,0.854
sample_6831,92.1,0.855
sample_6832,91.8,0.855
sample_6833,91.7,0.851
sample_6834,89.6,0.831
sample_6835,90.6,0.855
sample_6836,91.0,0.849
sample_6837,90.2,0.839
sample_6838,91.2,0.842
sample_6839,90.3,0.842
sample_6840,91.4,0.848
sample_6841,90.7,0.845
sample_6842,90.3,0.853
sample_6843,90.4,0.841
sample_6844,92.6,0.860
sample_6845,91.7,0.855
sample_6846,92.1,0.854
sample_6847,90.1,0.834
sample_6848,90.6,0.846
sample_6849,91.8,0.854
sample_6850,90.5,0.842
sample_6851,92.1,0.855
sample_6852,92.5,0.860
sample_6853,91.0,0.854
sample_6854,91.6,0.850
sample_6855,90.7,0.850
sample_6856,91.7,0.842
sample_6857,91.5,0.852
sample_6858,91.3,0.856
sample_6859,90.5,0.839
sample_6860,91.6,0.839
sample_6861,91.0,0.852
sample_6862,90.9,0.840
sample_6863,91.2,0.845
sample_6864,90.1,0.852
sample_6865,92.2,0.853
sample_6866,91.3,0.857
sample_6867,92.4,0.853
sample_6868,91.7,0.852
sample_6869,93.0,0.853
sample_6870,91.5,0.846
sample_6871,91.8,0.853
sample_6872,90.3,0.837
sample_6873,91.1,0.852
sample_6874,92.0,0.859
sample_6875,91.3,0.841
sample_6876,91.6,0.858
sample_6877,90.6,0.846
sample_6878,91.7,0.852
sample_6879,91.4,0.842
sample_6880,91.0,0.848
sample_6881,90.9,0.853
sample_6882,91.8,0.859
sample_6883,90.4,0.839
sample_6884,92.4,0.857
sample_6885,91.5,0.845
sample_6886,91.6,0.858
sample_6887,91.6,0.860
sample_6888,91.1,0.847
sample_6889,90.9,0.851
sample_6890,92.1,0.855
sample_6891,92.4,0.850
sample_6892,91.9,0.853
sample_6893,90.4,0.845
sample_6894,91.1,0.837
sample_6895,90.6,0.837
sample_6896,91.4,0.857
sample_6897,91.0,0.843
sample_6898,91.1,0.853
sample_6899,91.8,0.854
sample_6900,92.8,0.862
sample_6901,91.0,0.848
sample_6902,90.4,0.843
sample_6903,91.9,0.852
sample_6904,90.7,0.847
sample_6905,91.6,0.853
sample_6906,91.8,0.856
sample_6907,91.0,0.859
sample_6908,92.4,0.861
sample_6909,90.9,0.842
sample_6910,90.2,0.826
sample_6911,90.1,0.831
sample_6912,91.4,0.851
sample_6913,91.6,0.853
sample_6914,91.6,0.850
sample_6915,91.3,0.850
sample_6916,91.0,0.851
sample_6917,90.3,0.848
sample_6918,91.6,0.853
sample_6919,91.2,0.849
sample_6920,90.4,0.835
sample_6921,90.7,0.848
sample_6922,91.5,0.849
sample_6923,90.6,0.846
sample_6924,91.6,0.848
sample_6925,91.9,0.857
sample_6926,90.8,0.854
sample_6927,91.7,0.843
sample_6928,92.0,0.847
sample_6929,90.9,0.858
sample_6930,92.1,0.857
sample_6931,90.9,0.838
sample_6932,89.5,0.839
sample_6933,91.7,0.850
sample_6934,90.7,0.849
sample_6935,91.3,0.854
sample_6936,91.8,0.854
sample_6937,91.1,0.842
sample_6938,90.9,0.843
sample_6939,90.8,0.847
sample_6940,90.2,0.846
sample_6941,90.2,0.844
sample_6942,90.3,0.833
sample_6943,91.4,0.847
sample_6944,92.8,0.862
sample_6945,91.8,0.851
sample_6946,91.6,0.845
sample_6947,90.1,0.845
sample_6948,90.7,0.845
sample_6949,91.0,0.851
sample_6950,91.8,0.850
sample_6951,92.0,0.854
sample_6952,92.1,0.858
sample_6953,92.0,0.848
sample_6954,90.8,0.845
sample_6955,91.6,0.856
sample_6956,92.5,0.844
sample_6957,91.8,0.853
sample_6958,91.3,0.850
sample_6959,91.9,0.859
sample_6960,90.5,0.844
sample_6961,90.5,0.840
sample_6962,91.4,0.847
sample_6963,90.3,0.832
sample_6964,90.8,0.841
sample_6965,90.9,0.845
sample_6966,90.9,0.845
sample_6967,90.9,0.854
sample_6968,90.8,0.841
sample_6969,91.0,0.848
sample_6970,91.2,0.845
sample_6971,91.9,0.853
sample_6972,91.6,0.857
sample_6973,91.2,0.861
sample_6974,91.4,0.849
sample_6975,91.0,0.842
sample_6976,92.6,0.855
sample_6977,91.9,0.846
sample_6978,90.5,0.847
sample_6979,90.2,0.841
sample_6980,90.9,0.851
sample_6981,91.7,0.856
sample_6982,90.2,0.842
sample_6983,91.7,0.849
sample_6984,92.0,0.856
sample_6985,91.2,0.845
sample_6986,91.4,0.851
sample_6987,92.3,0.857
sample_6988,91.6,0.846
sample_6989,91.1,0.852
sample_6990,91.7,0.856
sample_6991,91.3,0.852
sample_6992,90.3,0.834
sample_6993,91.4,0.849
sample_6994,89.8,0.838
sample_6995,91.7,0.858
sample_6996,91.4,0.854
sample_6997,90.9,0.840
sample_6998,90.8,0.846
sample_6999,91.5,0.855
sample_7000,89.2,0.838
sample_7001,91.6,0.854
sample_7002,91.4,0.852
sample_7003,91.6,0.856
sample_7004,92.8,0.861
sample_7005,91.5,0.851
sample_7006,90.7,0.837
sample_7007,92.7,0.861
sample_7008,91.9,0.859
sample_7009,90.6,0.847
sample_7010,91.5,0.854
sample_7011,91.6,0.851
sample_7012,92.1,0.853
sample_7013,90.7,0.846
sample_7014,92.0,0.856
sample_7015,91.2,0.854
sample_7016,91.1,0.844
sample_7017,92.4,0.863
sample_7018,91.2,0.841
sample_7019,92.1,0.859
sample_7020,91.1,0.858
sample_7021,91.7,0.857
sample_7022,91.8,0.857
sample_7023,91.2,0.839
sample_7024,90.6,0.847
sample_7025,91.8,0.851
sample_7026,92.8,0.856
sample_7027,92.4,0.843
sample_7028,90.0,0.842
sample_7029,91.0,0.849
sample_7030,91.6,0.853
sample_7031,91.3,0.847
sample_7032,91.5,0.849
sample_7033,91.8,0.852
sample_7034,91.7,0.849
sample_7035,91.1,0.855
sample_7036,90.6,0.844
sample_7037,91.8,0.853
sample_7038,90.9,0.851
sample_7039,91.0,0.836
sample_7040,90.4,0.834
sample_7041,91.9,0.855
sample_7042,90.7,0.843
sample_7043,93.0,0.862
sample_7044,92.2,0.859
sample_7045,91.3,0.857
sample_7046,91.4,0.847
sample_7047,91.9,0.850
sample_7048,90.9,0.854
sample_7049,92.0,0.852
sample_7050,91.6,0.852
sample_7051,91.1,0.847
sample_7052,91.4,0.846
sample_7053,91.8,0.854
sample_7054,91.5,0.855
sample_7055,91.3,0.844
sample_7056,90.8,0.844
sample_7057,91.6,0.848
sample_7058,91.1,0.843
sample_7059,90.3,0.842
sample_7060,91.0,0.841
sample_7061,90.9,0.839
sample_7062,90.7,0.839
sample_7063,91.5,0.847
sample_7064,90.9,0.849
sample_7065,91.5,0.856
sample_7066,91.2,0.852
sample_7067,91.5,0.853
sample_7068,91.5,0.853
sample_7069,91.9,0.844
sample_7070,90.6,0.846
sample_7071,91.2,0.850
sample_7072,91.9,0.851
sample_7073,91.4,0.861
sample_7074,91.4,0.849
sample_7075,90.9,0.840
sample_7076,91.2,0.850
sample_7077,91.8,0.848
sample_7078,91.6,0.851
sample_7079,92.4,0.852
sample_7080,91.6,0.859
sample_7081,91.3,0.859
sample_7082,91.4,0.846
sample_7083,91.4,0.858
sample_7084,91.1,0.843
sample_7085,91.6,0.845
sample_7086,91.5,0.856
sample_7087,91.5,0.855
sample_7088,91.6,0.855
sample_7089,91.3,0.851
sample_7090,91.3,0.848
sample_7091,90.7,0.850
sample_7092,90.5,0.847
sample_7093,91.1,0.851
sample_7094,90.1,0.841
sample_7095,90.3,0.832
sample_7096,90.9,0.834
sample_7097,90.7,0.843
sample_7098,90.7,0.845
sample_7099,91.6,0.853
sample_7100,91.9,0.849
sample_7101,91.3,0.850
sample_7102,91.4,0.851
sample_7103,91.9,0.853
sample_7104,90.7,0.835
sample_7105,92.1,0.852
sample_7106,91.4,0.850
sample_7107,90.4,0.841
sample_7108,91.6,0.851
sample_7109,91.0,0.841
sample_7110,91.1,0.846
sample_7111,89.8,0.826
sample_7112,91.4,0.853
sample_7113,91.2,0.846
sample_7114,90.4,0.850
sample_7115,91.9,0.857
sample_7116,92.0,0.850
sample_7117,90.8,0.848
sample_7118,91.6,0.855
sample_7119,90.8,0.851
sample_7120,91.2,0.850
sample_7121,91.1,0.836
sample_7122,90.9,0.857
sample_7123,91.1,0.849
sample_7124,91.5,0.857
sample_7125,90.0,0.841
sample_7126,91.3,0.851
sample_7127,92.2,0.860
sample_7128,90.9,0.853
sample_7129,90.8,0.848
sample_7130,90.9,0.843
sample_7131,90.7,0.844
sample_7132,91.0,0.837
sample_7133,91.3,0.849
sample_7134,90.2,0.824
sample_7135,90.7,0.848
sample_7136,91.6,0.850
sample_7137,90.5,0.837
sample_7138,90.6,0.845
sample_7139,91.4,0.852
sample_7140,91.2,0.847
sample_7141,91.3,0.853
sample_7142,91.0,0.856
sample_7143,91.7,0.850
sample_7144,91.3,0.857
sample_7145,90.8,0.844
sample_7146,92.3,0.866
sample_7147,91.3,0.854
sample_7148,91.0,0.855
sample_7149,91.6,0.844
sample_7150,90.7,0.856
sample_7151,90.8,0.850
sample_7152,90.7,0.846
sample_7153,90.6,0.846
sample_7154,91.9,0.854
sample_7155,91.6,0.856
sample_7156,91.9,0.855
sample_7157,91.1,0.845
sample_7158,91.5,0.853
sample_7159,91.2,0.839
sample_7160,90.5,0.834
sample_7161,90.5,0.839
sample_7162,90.2,0.828
sample_7163,91.1,0.851
sample_7164,91.3,0.853
sample_7165,90.6,0.843
sample_7166,90.4,0.843
sample_7167,92.7,0.860
sample_7168,91.9,0.858
sample_7169,91.1,0.853
sample_7170,92.2,0.863
sample_7171,89.2,0.830
sample_7172,91.7,0.853
sample_7173,91.0,0.854
sample_7174,90.8,0.841
sample_7175,91.0,0.853
sample_7176,91.7,0.853
sample_7177,91.3,0.843
sample_7178,91.3,0.844
sample_7179,92.7,0.866
sample_7180,92.0,0.857
sample_7181,90.9,0.843
sample_7182,91.7,0.842
sample_7183,91.4,0.857
sample_7184,91.4,0.841
sample_7185,91.7,0.854
sample_7186,91.4,0.848
sample_7187,90.8,0.849
sample_7188,91.3,0.857
sample_7189,91.9,0.851
sample_7190,91.8,0.853
sample_7191,92.1,0.854
sample_7192,91.8,0.853
sample_7193,91.3,0.853
sample_7194,92.0,0.849
sample_7195,91.7,0.849
sample_7196,91.6,0.858
sample_7197,90.9,0.847
sample_7198,91.4,0.850
sample_7199,90.5,0.842
sample_7200,91.0,0.835
sample_7201,89.9,0.831
sample_7202,91.2,0.854
sample_7203,91.1,0.834
sample_7204,91.2,0.849
sample_7205,91.9,0.856
sample_7206,91.5,0.850
sample_7207,90.8,0.841
sample_7208,91.2,0.860
sample_7209,92.3,0.856
sample_7210,91.6,0.851
sample_7211,91.3,0.857
sample_7212,91.0,0.841
sample_7213,90.5,0.843
sample_7214,91.9,0.852
sample_7215,91.4,0.855
sample_7216,90.7,0.842
sample_7217,90.9,0.844
sample_7218,90.8,0.850
sample_7219,91.7,0.856
sample_7220,91.6,0.847
sample_7221,91.7,0.850
sample_7222,90.8,0.834
sample_7223,91.6,0.860
sample_7224,91.1,0.846
sample_7225,90.7,0.848
sample_7226,93.3,0.860
sample_7227,91.9,0.858
sample_7228,90.8,0.845
sample_7229,91.4,0.847
sample_7230,91.1,0.840
sample_7231,91.6,0.852
sample_7232,91.2,0.842
sample_7233,90.7,0.841
sample_7234,89.7,0.846
sample_7235,92.4,0.862
sample_7236,92.1,0.863
sample_7237,91.4,0.851
sample_7238,91.8,0.858
sample_7239,90.7,0.841
sample_7240,90.3,0.841
sample_7241,91.4,0.846
sample_7242,90.4,0.858
sample_7243,91.2,0.859
sample_7244,91.3,0.854
sample_7245,91.8,0.858
sample_7246,90.9,0.850
sample_7247,90.7,0.846
sample_7248,91.6,0.855
sample_7249,91.5,0.847
sample_7250,90.5,0.830
sample_7251,91.5,0.847
sample_7252,90.5,0.844
sample_7253,91.2,0.860
sample_7254,91.9,0.856
sample_7255,91.8,0.858
sample_7256,91.0,0.850
sample_7257,91.4,0.855
sample_7258,91.1,0.850
sample_7259,91.3,0.846
sample_7260,91.0,0.846
sample_7261,91.1,0.842
sample_7262,90.7,0.843
sample_7263,92.4,0.861
sample_7264,91.2,0.857
sample_7265,91.7,0.856
sample_7266,92.0,0.858
sample_7267,91.1,0.846
sample_7268,91.5,0.849
sample_7269,92.0,0.853
sample_7270,91.3,0.854
sample_7271,90.5,0.845
sample_7272,91.6,0.853
sample_7273,90.6,0.858
sample_7274,91.1,0.847
sample_7275,90.7,0.852
sample_7276,91.1,0.846
sample_7277,91.4,0.853
sample_7278,90.2,0.838
sample_7279,91.4,0.857
sample_7280,91.6,0.853
sample_7281,90.9,0.851
sample_7282,90.7,0.856
sample_7283,91.0,0.850
sample_7284,91.3,0.857
sample_7285,90.8,0.850
sample_7286,90.3,0.831
sample_7287,91.4,0.852
sample_7288,91.8,0.855
sample_7289,90.9,0.848
sample_7290,90.9,0.854
sample_7291,93.0,0.861
sample_7292,90.6,0.844
sample_7293,91.5,0.847
sample_7294,90.2,0.832
sample_7295,91.7,0.855
sample_7296,91.9,0.853
sample_7297,91.8,0.850
sample_7298,92.4,0.857
sample_7299,91.8,0.855
sample_7300,91.3,0.849
sample_7301,91.0,0.849
sample_7302,91.8,0.854
sample_7303,91.1,0.853
sample_7304,91.8,0.861
sample_7305,90.6,0.840
sample_7306,91.1,0.850
sample_7307,91.6,0.857
sample_7308,91.7,0.852
sample_7309,90.5,0.839
sample_7310,91.4,0.847
sample_7311,91.1,0.855
sample_7312,90.5,0.848
sample_7313,92.1,0.861
sample_7314,91.2,0.853
sample_7315,92.0,0.856
sample_7316,90.1,0.842
sample_7317,92.4,0.854
sample_7318,91.4,0.849
sample_7319,90.6,0.844
sample_7320,90.7,0.846
sample_7321,91.3,0.855
sample_7322,92.1,0.858
sample_7323,91.4,0.850
sample_7324,93.0,0.858
sample_7325,91.2,0.842
sample_7326,91.6,0.850
sample_7327,91.2,0.851
sample_7328,90.8,0.845
sample_7329,90.9,0.852
sample_7330,92.0,0.856
sample_7331,91.3,0.849
sample_7332,91.9,0.862
sample_7333,91.1,0.854
sample_7334,91.5,0.858
sample_7335,90.9,0.846
sample_7336,92.6,0.847
sample_7337,91.1,0.856
sample_7338,90.9,0.850
sample_7339,91.4,0.842
sample_7340,90.7,0.847
sample_7341,91.1,0.839
sample_7342,91.9,0.857
sample_7343,90.9,0.844
sample_7344,90.9,0.844
sample_7345,91.4,0.850
sample_7346,91.0,0.842
sample_7347,92.1,0.856
sample_7348,90.9,0.850
sample_7349,91.5,0.856
sample_7350,90.2,0.849
sample_7351,91.8,0.859
sample_7352,91.9,0.853
sample_7353,92.3,0.853
sample_7354,91.2,0.846
sample_7355,91.8,0.851
sample_7356,90.4,0.842
sample_7357,91.0,0.849
sample_7358,90.8,0.851
sample_7359,91.4,0.853
sample_7360,90.0,0.842
sample_7361,92.1,0.856
sample_7362,91.4,0.850
sample_7363,91.5,0.848
sample_7364,91.9,0.855
sample_7365,91.7,0.858
sample_7366,90.8,0.844
sample_7367,91.3,0.838
sample_7368,91.6,0.856
sample_7369,90.7,0.851
sample_7370,91.1,0.857
sample_7371,90.1,0.838
sample_7372,91.0,0.841
sample_7373,90.1,0.846
sample_7374,91.3,0.847
sample_7375,92.5,0.855
sample_7376,91.0,0.846
sample_7377,90.2,0.846
sample_7378,91.4,0.846
sample_7379,92.1,0.855
sample_7380,92.0,0.849
sample_7381,91.4,0.848
sample_7382,91.3,0.856
sample_7383,91.6,0.848
sample_7384,91.5,0.856
sample_7385,91.5,0.854
sample_7386,91.3,0.851
sample_7387,91.4,0.858
sample_7388,91.5,0.846
sample_7389,91.9,0.863
sample_7390,91.6,0.855
sample_7391,90.9,0.854
sample_7392,90.2,0.846
sample_7393,91.3,0.847
sample_7394,91.2,0.849
sample_7395,92.0,0.848
sample_7396,91.1,0.848
sample_7397,90.8,0.854
sample_7398,90.9,0.843
sample_7399,90.8,0.850
sample_7400,91.4,0.852
sample_7401,91.2,0.845
sample_7402,90.3,0.842
sample_7403,90.9,0.856
sample_7404,90.8,0.856
sample_7405,91.8,0.852
sample_7406,91.6,0.860
sample_7407,91.3,0.853
sample_7408,90.2,0.844
sample_7409,90.4,0.833
sample_7410,91.4,0.858
sample_7411,90.8,0.852
sample_7412,91.9,0.860
sample_7413,92.5,0.862
sample_7414,91.6,0.853
sample_7415,93.0,0.850
sample_7416,90.9,0.844
sample_7417,91.1,0.848
sample_7418,92.0,0.859
sample_7419,91.6,0.852
sample_7420,91.4,0.856
sample_7421,91.2,0.844
sample_7422,91.0,0.848
sample_7423,89.9,0.840
sample_7424,90.9,0.845
sample_7425,90.9,0.847
sample_7426,91.7,0.860
sample_7427,91.9,0.852
sample_7428,91.1,0.844
sample_7429,90.7,0.836
sample_7430,90.4,0.858
sample_7431,90.1,0.842
sample_7432,90.3,0.843
sample_7433,91.6,0.852
sample_7434,91.0,0.841
sample_7435,89.9,0.847
sample_7436,89.8,0.843
sample_7437,90.9,0.839
sample_7438,91.1,0.849
sample_7439,91.1,0.847
sample_7440,91.8,0.856
sample_7441,91.5,0.855
sample_7442,90.0,0.836
sample_7443,90.7,0.847
sample_7444,91.5,0.850
sample_7445,91.1,0.849
sample_7446,91.0,0.841
sample_7447,91.2,0.847
sample_7448,91.7,0.849
sample_7449,89.8,0.823
sample_7450,92.0,0.855
sample_7451,90.5,0.851
sample_7452,91.1,0.846
sample_7453,91.0,0.851
sample_7454,92.4,0.866
sample_7455,91.3,0.857
sample_7456,91.2,0.851
sample_7457,91.3,0.851
sample_7458,92.0,0.859
sample_7459,90.4,0.840
sample_7460,92.6,0.858
sample_7461,91.7,0.846
sample_7462,90.7,0.844
sample_7463,91.8,0.854
sample_7464,90.9,0.855
sample_7465,91.4,0.860
sample_7466,91.7,0.847
sample_7467,91.4,0.850
sample_7468,91.0,0.843
sample_7469,91.2,0.848
sample_7470,92.0,0.846
sample_7471,90.5,0.830
sample_7472,91.0,0.850
sample_7473,92.0,0.853
sample_7474,90.1,0.844
sample_7475,92.9,0.859
sample_7476,92.1,0.854
sample_7477,90.4,0.844
sample_7478,91.8,0.859
sample_7479,88.7,0.828
sample_7480,91.4,0.856
sample_7481,90.3,0.837
sample_7482,91.0,0.848
sample_7483,91.9,0.856
sample_7484,91.8,0.855
sample_7485,91.8,0.859
sample_7486,92.0,0.856
sample_7487,91.2,0.858
sample_7488,91.3,0.849
sample_7489,90.5,0.841
sample_7490,90.5,0.845
sample_7491,91.8,0.855
sample_7492,91.5,0.850
sample_7493,91.0,0.848
sample_7494,91.4,0.853
sample_7495,91.9,0.856
sample_7496,92.4,0.854
sample_7497,89.6,0.846
sample_7498,90.8,0.842
sample_7499,90.9,0.855
sample_7500,91.3,0.851
sample_7501,91.9,0.858
sample_7502,92.2,0.855
sample_7503,91.9,0.854
sample_7504,91.2,0.851
sample_7505,90.8,0.848
sample_7506,90.5,0.847
sample_7507,91.2,0.849
sample_7508,91.4,0.851
sample_7509,91.0,0.837
sample_7510,91.4,0.855
sample_7511,91.3,0.850
sample_7512,91.4,0.855
sample_7513,91.5,0.849
sample_7514,89.0,0.841
sample_7515,91.1,0.843
sample_7516,91.8,0.845
sample_7517,90.7,0.851
sample_7518,89.9,0.845
sample_7519,90.4,0.844
sample_7520,91.2,0.848
sample_7521,91.0,0.859
sample_7522,90.6,0.850
sample_7523,90.8,0.840
sample_7524,91.3,0.857
sample_7525,91.7,0.846
sample_7526,91.5,0.852
sample_7527,93.1,0.862
sample_7528,91.4,0.842
sample_7529,90.6,0.837
sample_7530,91.0,0.847
sample_7531,91.9,0.854
sample_7532,92.6,0.855
sample_7533,91.4,0.854
sample_7534,91.2,0.850
sample_7535,91.8,0.862
sample_7536,92.0,0.853
sample_7537,91.1,0.851
sample_7538,91.3,0.844
sample_7539,91.8,0.862
sample_7540,91.0,0.850
sample_7541,91.2,0.849
sample_7542,91.7,0.856
sample_7543,91.4,0.854
sample_7544,91.3,0.846
sample_7545,90.6,0.842
sample_7546,91.7,0.853
sample_7547,90.9,0.850
sample_7548,91.8,0.843
sample_7549,91.8,0.847
sample_7550,93.1,0.857
sample_7551,92.1,0.862
sample_7552,91.7,0.858
sample_7553,91.2,0.845
sample_7554,91.6,0.846
sample_7555,91.4,0.853
sample_7556,91.7,0.849
sample_7557,89.8,0.848
sample_7558,92.4,0.855
sample_7559,89.5,0.833
sample_7560,91.6,0.852
sample_7561,91.7,0.850
sample_7562,91.4,0.847
sample_7563,92.2,0.852
sample_7564,90.3,0.845
sample_7565,91.5,0.853
sample_7566,90.5,0.847
sample_7567,90.5,0.849
sample_7568,92.5,0.860
sample_7569,91.2,0.841
sample_7570,91.4,0.851
sample_7571,90.7,0.852
sample_7572,91.8,0.859
sample_7573,90.5,0.842
sample_7574,90.8,0.844
sample_7575,91.0,0.851
sample_7576,92.3,0.859
sample_7577,91.2,0.855
sample_7578,90.9,0.834
sample_7579,91.3,0.842
sample_7580,91.2,0.858
sample_7581,91.5,0.848
sample_7582,92.5,0.855
sample_7583,90.9,0.842
sample_7584,91.9,0.860
sample_7585,91.0,0.848
sample_7586,91.8,0.860
sample_7587,91.4,0.852
sample_7588,92.2,0.864
sample_7589,91.9,0.856
sample_7590,91.8,0.855
sample_7591,91.9,0.855
sample_7592,91.5,0.847
sample_7593,90.9,0.844
sample_7594,91.4,0.853
sample_7595,91.0,0.845
sample_7596,89.9,0.839
sample_7597,90.7,0.843
sample_7598,90.5,0.847
sample_7599,90.7,0.853
sample_7600,92.2,0.857
sample_7601,89.8,0.848
sample_7602,90.6,0.847
sample_7603,92.0,0.853
sample_7604,92.1,0.846
sample_7605,91.2,0.846
sample_7606,90.0,0.843
sample_7607,91.4,0.842
sample_7608,91.1,0.846
sample_7609,92.0,0.843
sample_7610,91.0,0.838
sample_7611,91.2,0.850
sample_7612,90.3,0.850
sample_7613,90.8,0.840
sample_7614,92.1,0.856
sample_7615,91.4,0.854
sample_7616,91.4,0.853
sample_7617,91.1,0.851
sample_7618,90.6,0.833
sample_7619,90.9,0.853
sample_7620,91.5,0.848
sample_7621,91.7,0.855
sample_7622,90.0,0.831
sample_7623,91.1,0.850
sample_7624,90.7,0.846
sample_7625,91.7,0.854
sample_7626,90.3,0.844
sample_7627,92.0,0.859
sample_7628,92.0,0.859
sample_7629,92.5,0.858
sample_7630,91.1,0.846
sample_7631,91.1,0.843
sample_7632,91.7,0.856
sample_7633,91.5,0.853
sample_7634,90.3,0.841
sample_7635,91.0,0.841
sample_7636,91.6,0.861
sample_7637,90.6,0.849
sample_7638,91.6,0.854
sample_7639,91.1,0.850
sample_7640,90.8,0.843
sample_7641,91.4,0.855
sample_7642,90.4,0.833
sample_7643,91.0,0.852
sample_7644,91.6,0.854
sample_7645,91.3,0.845
sample_7646,90.5,0.841
sample_7647,91.8,0.858
sample_7648,91.6,0.853
sample_7649,91.9,0.855
sample_7650,90.7,0.829
sample_7651,92.4,0.852
sample_7652,91.8,0.856
sample_7653,90.8,0.846
sample_7654,91.1,0.850
sample_7655,90.7,0.840
sample_7656,92.7,0.864
sample_7657,92.0,0.859
sample_7658,91.1,0.845
sample_7659,90.1,0.827
sample_7660,90.7,0.850
sample_7661,91.8,0.858
sample_7662,91.7,0.858
sample_7663,91.5,0.859
sample_7664,91.4,0.855
sample_7665,90.5,0.844
sample_7666,90.9,0.843
sample_7667,91.0,0.849
sample_7668,91.6,0.846
sample_7669,92.0,0.859
sample_7670,90.7,0.847
sample_7671,91.4,0.857
sample_7672,90.7,0.837
sample_7673,90.3,0.848
sample_7674,91.1,0.854
sample_7675,91.3,0.845
sample_7676,91.5,0.839
sample_7677,90.5,0.838
sample_7678,90.2,0.842
sample_7679,91.7,0.858
sample_7680,91.5,0.854
sample_7681,91.6,0.839
sample_7682,90.1,0.843
sample_7683,91.1,0.844
sample_7684,90.4,0.836
sample_7685,91.9,0.855
sample_7686,89.8,0.850
sample_7687,91.0,0.842
sample_7688,91.8,0.859
sample_7689,90.3,0.841
sample_7690,90.5,0.846
sample_7691,92.1,0.863
sample_7692,91.1,0.844
sample_7693,91.9,0.858
sample_7694,91.4,0.853
sample_7695,91.3,0.855
sample_7696,90.7,0.833
sample_7697,91.8,0.859
sample_7698,92.2,0.854
sample_7699,92.0,0.852
sample_7700,90.1,0.841
sample_7701,91.7,0.850
sample_7702,91.7,0.851
sample_7703,91.4,0.846
sample_7704,90.5,0.834
sample_7705,91.4,0.850
sample_7706,92.2,0.855
sample_7707,90.8,0.854
sample_7708,91.7,0.859
sample_7709,91.3,0.849
sample_7710,90.5,0.847
sample_7711,90.2,0.854
sample_7712,91.3,0.846
sample_7713,90.7,0.840
sample_7714,91.9,0.853
sample_7715,92.2,0.857
sample_7716,90.0,0.837
sample_7717,91.2,0.851
sample_7718,91.7,0.845
sample_7719,92.6,0.859
sample_7720,90.6,0.847
sample_7721,91.1,0.848
sample_7722,90.2,0.839
sample_7723,91.7,0.858
sample_7724,90.6,0.837
sample_7725,91.6,0.858
sample_7726,91.2,0.853
sample_7727,91.2,0.842
sample_7728,91.0,0.851
sample_7729,91.6,0.855
sample_7730,89.9,0.836
sample_7731,91.7,0.852
sample_7732,89.2,0.827
sample_7733,90.4,0.843
sample_7734,91.2,0.846
sample_7735,91.2,0.857
sample_7736,90.3,0.842
sample_7737,91.2,0.854
sample_7738,91.8,0.860
sample_7739,91.2,0.852
sample_7740,91.7,0.851
sample_7741,91.9,0.852
sample_7742,91.4,0.853
sample_7743,91.6,0.848
sample_7744,90.6,0.845
sample_7745,91.9,0.858
sample_7746,91.4,0.850
sample_7747,91.7,0.847
sample_7748,91.7,0.845
sample_7749,91.5,0.854
sample_7750,92.1,0.853
sample_7751,92.1,0.850
sample_7752,91.6,0.852
sample_7753,91.7,0.854
sample_7754,90.5,0.839
sample_7755,91.4,0.843
sample_7756,91.1,0.852
sample_7757,91.6,0.851
sample_7758,91.0,0.846
sample_7759,91.4,0.851
sample_7760,91.6,0.850
sample_7761,91.0,0.847
sample_7762,90.9,0.847
sample_7763,90.8,0.848
sample_7764,90.9,0.849
sample_7765,91.1,0.853
sample_7766,92.1,0.851
sample_7767,91.9,0.854
sample_7768,91.3,0.859
sample_7769,90.3,0.824
sample_7770,91.7,0.854
sample_7771,91.3,0.852
sample_7772,90.5,0.840
sample_7773,91.7,0.855
sample_7774,91.8,0.852
sample_7775,91.6,0.857
sample_7776,90.9,0.854
sample_7777,91.3,0.847
sample_7778,90.2,0.852
sample_7779,91.2,0.850
sample_7780,91.7,0.845
sample_7781,91.2,0.848
sample_7782,91.3,0.839
sample_7783,91.2,0.840
sample_7784,90.6,0.834
sample_7785,91.2,0.839
sample_7786,91.4,0.852
sample_7787,91.5,0.856
sample_7788,91.5,0.851
sample_7789,91.2,0.855
sample_7790,92.6,0.862
sample_7791,91.5,0.847
sample_7792,90.5,0.844
sample_7793,90.1,0.840
sample_7794,91.6,0.845
sample_7795,91.9,0.858
sample_7796,90.8,0.847
sample_7797,90.9,0.857
sample_7798,91.5,0.852
sample_7799,90.8,0.848
sample_7800,91.3,0.850
sample_7801,91.5,0.846
sample_7802,90.7,0.845
sample_7803,91.4,0.846
sample_7804,90.4,0.844
sample_7805,90.6,0.832
sample_7806,90.3,0.838
sample_7807,91.1,0.848
sample_7808,90.2,0.830
sample_7809,90.2,0.853
sample_7810,90.6,0.853
sample_7811,92.7,0.859
sample_7812,90.1,0.844
sample_7813,90.4,0.847
sample_7814,91.7,0.852
sample_7815,91.2,0.850
sample_7816,91.3,0.853
sample_7817,91.8,0.858
sample_7818,91.1,0.857
sample_7819,90.3,0.847
sample_7820,90.0,0.837
sample_7821,90.7,0.835
sample_7822,91.2,0.850
sample_7823,90.5,0.846
sample_7824,90.6,0.842
sample_7825,89.9,0.838
sample_7826,90.3,0.846
sample_7827,91.7,0.850
sample_7828,91.5,0.844
sample_7829,90.7,0.855
sample_7830,91.0,0.848
sample_7831,90.6,0.840
sample_7832,90.5,0.850
sample_7833,91.9,0.855
sample_7834,91.1,0.844
sample_7835,91.2,0.839
sample_7836,91.9,0.859
sample_7837,92.0,0.851
sample_7838,90.9,0.837
sample_7839,91.1,0.853
sample_7840,91.1,0.845
sample_7841,90.6,0.840
sample_7842,91.7,0.848
sample_7843,90.5,0.834
sample_7844,91.6,0.848
sample_7845,88.8,0.829
sample_7846,91.3,0.854
sample_7847,91.5,0.853
sample_7848,91.1,0.851
sample_7849,91.1,0.848
sample_7850,90.9,0.847
sample_7851,92.0,0.855
sample_7852,91.0,0.851
sample_7853,91.4,0.846
sample_7854,91.2,0.853
sample_7855,91.9,0.854
sample_7856,90.0,0.833
sample_7857,90.2,0.846
sample_7858,91.5,0.848
sample_7859,91.2,0.856
sample_7860,91.1,0.847
sample_7861,91.4,0.848
sample_7862,91.8,0.858
sample_7863,90.2,0.845
sample_7864,91.4,0.853
sample_7865,90.2,0.847
sample_7866,92.3,0.862
sample_7867,92.1,0.855
sample_7868,90.3,0.841
sample_7869,90.4,0.838
sample_7870,92.5,0.859
sample_7871,90.9,0.843
sample_7872,90.2,0.842
sample_7873,91.1,0.862
sample_7874,90.8,0.836
sample_7875,91.4,0.849
sample_7876,91.5,0.858
sample_7877,89.1,0.836
sample_7878,91.5,0.855
sample_7879,91.4,0.846
sample_7880,90.6,0.845
sample_7881,91.9,0.862
sample_7882,91.2,0.842
sample_7883,89.7,0.834
sample_7884,90.8,0.844
sample_7885,92.2,0.854
sample_7886,93.1,0.863
sample_7887,90.2,0.832
sample_7888,90.8,0.849
sample_7889,91.1,0.853
sample_7890,90.9,0.851
sample_7891,90.8,0.848
sample_7892,91.6,0.851
sample_7893,91.3,0.842
sample_7894,91.0,0.843
sample_7895,92.6,0.859
sample_7896,91.6,0.855
sample_7897,90.9,0.849
sample_7898,90.8,0.850
sample_7899,91.3,0.854
sample_7900,90.4,0.846
sample_7901,90.7,0.845
sample_7902,91.2,0.845
sample_7903,89.8,0.842
sample_7904,90.2,0.847
sample_7905,92.5,0.859
sample_7906,91.4,0.846
sample_7907,90.8,0.843
sample_7908,91.7,0.860
sample_7909,90.3,0.832
sample_7910,92.4,0.857
sample_7911,91.5,0.858
sample_7912,90.3,0.824
sample_7913,91.9,0.852
sample_7914,90.5,0.841
sample_7915,91.5,0.852
sample_7916,90.1,0.848
sample_7917,91.6,0.857
sample_7918,92.0,0.851
sample_7919,90.9,0.849
sample_7920,91.6,0.846
sample_7921,91.1,0.848
sample_7922,91.5,0.848
sample_7923,90.8,0.839
sample_7924,90.7,0.842
sample_7925,92.2,0.860
sample_7926,92.2,0.856
sample_7927,91.1,0.841
sample_7928,90.4,0.833
sample_7929,91.3,0.851
sample_7930,90.7,0.845
sample_7931,90.7,0.849
sample_7932,92.3,0.856
sample_7933,90.8,0.855
sample_7934,90.2,0.841
sample_7935,90.9,0.852
sample_7936,90.2,0.835
sample_7937,90.6,0.846
sample_7938,90.3,0.849
sample_7939,90.3,0.841
sample_7940,90.7,0.844
sample_7941,91.0,0.847
sample_7942,90.3,0.848
sample_7943,91.4,0.844
sample_7944,91.2,0.849
sample_7945,92.1,0.857
sample_7946,91.5,0.857
sample_7947,91.7,0.851
sample_7948,91.4,0.842
sample_7949,92.5,0.858
sample_7950,91.4,0.853
sample_7951,91.5,0.857
sample_7952,91.2,0.858
sample_7953,90.2,0.845
sample_7954,92.0,0.855
sample_7955,90.0,0.852
sample_7956,91.7,0.846
sample_7957,90.3,0.842
sample_7958,91.5,0.851
sample_7959,90.7,0.843
sample_7960,91.5,0.843
sample_7961,90.5,0.851
sample_7962,91.1,0.847
sample_7963,92.2,0.861
sample_7964,91.5,0.851
sample_7965,91.1,0.849
sample_7966,91.6,0.850
sample_7967,91.6,0.859
sample_7968,91.0,0.839
sample_7969,90.7,0.845
sample_7970,90.9,0.846
sample_7971,92.2,0.859
sample_7972,91.8,0.857
sample_7973,91.5,0.859
sample_7974,91.0,0.848
sample_7975,91.8,0.857
sample_7976,92.3,0.857
sample_7977,90.2,0.849
sample_7978,90.0,0.847
sample_7979,89.7,0.834
sample_7980,91.8,0.859
sample_7981,89.9,0.843
sample_7982,91.9,0.851
sample_7983,89.4,0.833
sample_7984,90.0,0.847
sample_7985,91.3,0.851
sample_7986,92.0,0.859
sample_7987,91.0,0.841
sample_7988,90.9,0.845
sample_7989,91.5,0.852
sample_7990,91.7,0.855
sample_7991,90.5,0.848
sample_7992,91.1,0.841
sample_7993,91.0,0.842
sample_7994,91.6,0.855
sample_7995,92.0,0.862
sample_7996,91.4,0.854
sample_7997,91.8,0.860
sample_7998,91.4,0.859
sample_7999,90.1,0.839
sample_8000,92.4,0.851
sample_8001,91.9,0.858
sample_8002,91.1,0.849
sample_8003,90.3,0.858
sample_8004,90.7,0.848
sample_8005,91.0,0.849
sample_8006,91.7,0.858
sample_8007,90.6,0.844
sample_8008,92.0,0.862
sample_8009,92.3,0.864
sample_8010,91.4,0.849
sample_8011,90.8,0.839
sample_8012,91.7,0.860
sample_8013,90.8,0.843
sample_8014,90.2,0.832
sample_8015,91.6,0.856
sample_8016,91.4,0.849
sample_8017,91.2,0.850
sample_8018,91.6,0.855
sample_8019,90.4,0.848
sample_8020,92.0,0.852
sample_8021,90.0,0.842
sample_8022,91.1,0.845
sample_8023,92.4,0.856
sample_8024,90.3,0.845
sample_8025,91.2,0.845
sample_8026,92.2,0.856
sample_8027,90.6,0.848
sample_8028,91.6,0.855
sample_8029,92.0,0.853
sample_8030,91.9,0.857
sample_8031,91.9,0.854
sample_8032,91.5,0.852
sample_8033,91.3,0.855
sample_8034,91.7,0.854
sample_8035,91.6,0.853
sample_8036,90.7,0.851
sample_8037,92.6,0.858
sample_8038,90.3,0.841
sample_8039,91.1,0.849
sample_8040,91.2,0.841
sample_8041,90.3,0.847
sample_8042,91.8,0.851
sample_8043,91.0,0.849
sample_8044,90.2,0.853
sample_8045,91.4,0.836
sample_8046,89.9,0.842
sample_8047,90.9,0.850
sample_8048,91.1,0.846
sample_8049,91.2,0.847
sample_8050,91.0,0.846
sample_8051,90.5,0.843
sample_8052,91.3,0.836
sample_8053,91.3,0.840
sample_8054,91.5,0.854
sample_8055,91.7,0.851
sample_8056,91.1,0.847
sample_8057,92.7,0.858
sample_8058,91.4,0.849
sample_8059,92.3,0.852
sample_8060,91.5,0.857
sample_8061,90.1,0.842
sample_8062,91.4,0.854
sample_8063,91.8,0.860
sample_8064,91.5,0.849
sample_8065,91.4,0.851
sample_8066,91.6,0.859
sample_8067,90.7,0.840
sample_8068,89.8,0.829
sample_8069,91.4,0.851
sample_8070,91.4,0.854
sample_8071,90.2,0.837
sample_8072,89.8,0.840
sample_8073,91.6,0.850
sample_8074,90.3,0.846
sample_8075,91.2,0.859
sample_8076,91.2,0.852
sample_8077,91.3,0.848
sample_8078,90.9,0.847
sample_8079,91.8,0.858
sample_8080,90.8,0.844
sample_8081,90.2,0.846
sample_8082,92.2,0.864
sample_8083,91.9,0.854
sample_8084,91.7,0.845
sample_8085,89.8,0.840
sample_8086,90.5,0.850
sample_8087,92.0,0.848
sample_8088,91.5,0.858
sample_8089,91.3,0.851
sample_8090,92.0,0.855
sample_8091,92.6,0.861
sample_8092,90.7,0.830
sample_8093,91.2,0.857
sample_8094,89.3,0.841
sample_8095,90.6,0.847
sample_8096,91.1,0.845
sample_8097,90.2,0.842
sample_8098,91.2,0.849
sample_8099,91.5,0.849
sample_8100,90.8,0.838
sample_8101,91.6,0.856
sample_8102,91.5,0.843
sample_8103,91.1,0.855
sample_8104,90.7,0.845
sample_8105,92.0,0.851
sample_8106,90.5,0.846
sample_8107,91.8,0.858
sample_8108,90.2,0.837
sample_8109,90.6,0.846
sample_8110,90.3,0.844
sample_8111,91.6,0.846
sample_8112,89.9,0.843
sample_8113,91.3,0.852
sample_8114,92.3,0.859
sample_8115,90.4,0.835
sample_8116,90.9,0.845
sample_8117,90.1,0.840
sample_8118,90.7,0.842
sample_8119,91.3,0.848
sample_8120,92.0,0.851
sample_8121,91.7,0.853
sample_8122,91.3,0.856
sample_8123,90.7,0.836
sample_8124,91.0,0.852
sample_8125,91.6,0.846
sample_8126,91.0,0.844
sample_8127,91.0,0.850
sample_8128,91.3,0.850
sample_8129,91.2,0.839
sample_8130,90.5,0.841
sample_8131,91.0,0.853
sample_8132,91.3,0.853
sample_8133,92.1,0.852
sample_8134,91.5,0.848
sample_8135,90.9,0.849
sample_8136,90.9,0.854
sample_8137,90.6,0.842
sample_8138,90.8,0.846
sample_8139,90.7,0.840
sample_8140,91.0,0.845
sample_8141,92.0,0.860
sample_8142,91.1,0.840
sample_8143,92.5,0.855
sample_8144,91.3,0.853
sample_8145,91.7,0.852
sample_8146,91.6,0.850
sample_8147,90.4,0.844
sample_8148,91.0,0.847
sample_8149,91.1,0.851
sample_8150,90.0,0.838
sample_8151,90.5,0.849
sample_8152,90.4,0.845
sample_8153,90.3,0.850
sample_8154,91.2,0.849
sample_8155,92.0,0.862
sample_8156,93.0,0.853
sample_8157,90.7,0.839
sample_8158,91.0,0.854
sample_8159,92.9,0.864
sample_8160,90.8,0.830
sample_8161,90.6,0.843
sample_8162,91.7,0.858
sample_8163,90.8,0.841
sample_8164,91.8,0.848
sample_8165,90.3,0.841
sample_8166,91.4,0.852
sample_8167,91.4,0.843
sample_8168,90.9,0.856
sample_8169,91.3,0.850
sample_8170,91.6,0.853
sample_8171,92.0,0.855
sample_8172,92.5,0.858
sample_8173,91.2,0.845
sample_8174,91.4,0.845
sample_8175,91.0,0.854
sample_8176,90.6,0.846
sample_8177,91.8,0.848
sample_8178,91.6,0.853
sample_8179,91.7,0.849
sample_8180,91.6,0.855
sample_8181,92.0,0.860
sample_8182,89.6,0.842
sample_8183,90.5,0.836
sample_8184,92.3,0.851
sample_8185,90.4,0.839
sample_8186,90.6,0.836
sample_8187,92.5,0.860
sample_8188,90.9,0.845
sample_8189,91.7,0.854
sample_8190,92.1,0.852
sample_8191,91.2,0.846
sample_8192,91.4,0.859
sample_8193,90.7,0.838
sample_8194,90.6,0.846
sample_8195,92.5,0.862
sample_8196,91.2,0.845
sample_8197,90.8,0.848
sample_8198,91.7,0.858
sample_8199,90.4,0.844
sample_8200,91.0,0.856
sample_8201,90.0,0.841
sample_8202,91.4,0.859
sample_8203,90.6,0.836
sample_8204,91.5,0.857
sample_8205,92.1,0.853
sample_8206,90.6,0.844
sample_8207,91.1,0.846
sample_8208,91.8,0.854
sample_8209,90.1,0.834
sample_8210,90.6,0.843
sample_8211,91.8,0.852
sample_8212,90.6,0.843
sample_8213,91.8,0.860
sample_8214,91.9,0.850
sample_8215,92.3,0.859
sample_8216,91.8,0.856
sample_8217,91.1,0.852
sample_8218,89.9,0.843
sample_8219,90.0,0.846
sample_8220,91.0,0.840
sample_8221,91.4,0.851
sample_8222,90.9,0.845
sample_8223,92.3,0.845
sample_8224,91.3,0.854
sample_8225,91.2,0.850
sample_8226,92.2,0.856
sample_8227,90.0,0.838
sample_8228,90.9,0.841
sample_8229,90.3,0.843
sample_8230,90.6,0.841
sample_8231,90.7,0.849
sample_8232,91.6,0.856
sample_8233,91.1,0.851
sample_8234,91.2,0.839
sample_8235,91.5,0.850
sample_8236,90.7,0.847
sample_8237,91.6,0.854
sample_8238,90.4,0.844
sample_8239,91.2,0.850
sample_8240,92.3,0.859
sample_8241,91.7,0.854
sample_8242,91.3,0.851
sample_8243,91.4,0.856
sample_8244,91.6,0.847
sample_8245,92.3,0.857
sample_8246,90.3,0.841
sample_8247,91.5,0.850
sample_8248,91.8,0.856
sample_8249,92.0,0.859
sample_8250,91.5,0.844
sample_8251,90.7,0.851
sample_8252,91.3,0.852
sample_8253,91.2,0.855
sample_8254,90.1,0.841
sample_8255,91.5,0.858
sample_8256,91.5,0.856
sample_8257,91.9,0.856
sample_8258,90.6,0.851
sample_8259,91.8,0.852
sample_8260,89.9,0.845
sample_8261,91.8,0.852
sample_8262,92.0,0.859
sample_8263,93.0,0.856
sample_8264,90.9,0.844
sample_8265,89.5,0.829
sample_8266,90.6,0.841
sample_8267,91.6,0.854
sample_8268,90.6,0.835
sample_8269,90.9,0.842
sample_8270,90.8,0.849
sample_8271,91.4,0.846
sample_8272,90.3,0.840
sample_8273,90.9,0.846
sample_8274,90.1,0.826
sample_8275,90.6,0.843
sample_8276,90.9,0.842
sample_8277,91.7,0.856
sample_8278,90.3,0.836
sample_8279,91.4,0.855
sample_8280,91.4,0.844
sample_8281,91.7,0.848
sample_8282,90.3,0.846
sample_8283,90.1,0.811
sample_8284,91.3,0.855
sample_8285,91.0,0.855
sample_8286,92.5,0.867
sample_8287,90.3,0.837
sample_8288,90.6,0.851
sample_8289,91.4,0.854
sample_8290,90.6,0.843
sample_8291,91.5,0.847
sample_8292,91.7,0.858
sample_8293,90.9,0.839
sample_8294,92.4,0.857
sample_8295,91.2,0.853
sample_8296,90.8,0.856
sample_8297,92.1,0.854
sample_8298,91.6,0.847
sample_8299,92.1,0.860
sample_8300,91.7,0.858
sample_8301,91.2,0.839
sample_8302,90.7,0.856
sample_8303,91.6,0.856
sample_8304,90.9,0.840
sample_8305,91.9,0.859
sample_8306,91.0,0.851
sample_8307,91.8,0.856
sample_8308,92.0,0.857
sample_8309,91.0,0.844
sample_8310,91.3,0.852
sample_8311,91.2,0.843
sample_8312,90.9,0.848
sample_8313,90.8,0.840
sample_8314,90.7,0.839
sample_8315,91.7,0.858
sample_8316,92.1,0.855
sample_8317,90.7,0.843
sample_8318,91.4,0.852
sample_8319,92.5,0.856
sample_8320,89.8,0.839
sample_8321,90.9,0.847
sample_8322,91.2,0.849
sample_8323,91.5,0.857
sample_8324,91.7,0.853
sample_8325,91.5,0.856
sample_8326,91.1,0.850
sample_8327,91.1,0.846
sample_8328,91.4,0.843
sample_8329,92.1,0.855
sample_8330,90.1,0.833
sample_8331,91.7,0.858
sample_8332,91.5,0.844
sample_8333,90.3,0.847
sample_8334,92.8,0.857
sample_8335,92.4,0.852
sample_8336,91.9,0.854
sample_8337,90.9,0.841
sample_8338,90.8,0.850
sample_8339,91.2,0.847
sample_8340,91.8,0.845
sample_8341,91.1,0.853
sample_8342,92.0,0.851
sample_8343,91.7,0.857
sample_8344,91.4,0.851
sample_8345,90.9,0.835
sample_8346,92.2,0.851
sample_8347,91.8,0.859
sample_8348,90.8,0.842
sample_8349,90.7,0.848
sample_8350,91.7,0.852
sample_8351,91.6,0.852
sample_8352,91.3,0.851
sample_8353,91.8,0.848
sample_8354,91.5,0.850
sample_8355,90.8,0.847
sample_8356,90.9,0.855
sample_8357,91.2,0.850
sample_8358,91.4,0.849
sample_8359,90.0,0.846
sample_8360,91.9,0.853
sample_8361,91.1,0.850
sample_8362,90.1,0.844
sample_8363,90.6,0.843
sample_8364,90.1,0.832
sample_8365,92.0,0.856
sample_8366,91.2,0.857
sample_8367,91.9,0.850
sample_8368,90.4,0.844
sample_8369,88.8,0.824
sample_8370,91.1,0.851
sample_8371,89.9,0.839
sample_8372,91.6,0.847
sample_8373,91.3,0.849
sample_8374,91.1,0.844
sample_8375,91.1,0.849
sample_8376,91.6,0.857
sample_8377,90.1,0.836
sample_8378,90.6,0.844
sample_8379,91.1,0.847
sample_8380,91.3,0.850
sample_8381,92.0,0.861
sample_8382,91.1,0.848
sample_8383,91.2,0.852
sample_8384,92.2,0.859
sample_8385,91.2,0.842
sample_8386,91.3,0.846
sample_8387,90.8,0.845
sample_8388,91.3,0.855
sample_8389,92.2,0.856
sample_8390,90.3,0.832
sample_8391,91.9,0.861
sample_8392,92.2,0.857
sample_8393,90.6,0.845
sample_8394,91.7,0.849
sample_8395,91.7,0.852
sample_8396,92.4,0.861
sample_8397,90.9,0.837
sample_8398,92.0,0.858
sample_8399,91.0,0.857
sample_8400,91.7,0.855
sample_8401,90.3,0.837
sample_8402,91.6,0.853
sample_8403,91.7,0.849
sample_8404,91.2,0.853
sample_8405,91.8,0.847
sample_8406,90.9,0.850
sample_8407,90.7,0.843
sample_8408,90.8,0.837
sample_8409,90.5,0.844
sample_8410,91.9,0.858
sample_8411,92.2,0.858
sample_8412,90.7,0.840
sample_8413,90.5,0.838
sample_8414,91.4,0.852
sample_8415,91.2,0.854
sample_8416,91.1,0.843
sample_8417,90.4,0.843
sample_8418,91.4,0.858
sample_8419,91.7,0.854
sample_8420,90.8,0.843
sample_8421,91.5,0.851
sample_8422,91.5,0.852
sample_8423,91.5,0.857
sample_8424,91.5,0.853
sample_8425,89.9,0.842
sample_8426,90.6,0.849
sample_8427,91.5,0.842
sample_8428,91.0,0.851
sample_8429,91.6,0.853
sample_8430,91.0,0.834
sample_8431,90.7,0.841
sample_8432,90.8,0.850
sample_8433,91.3,0.851
sample_8434,91.9,0.858
sample_8435,90.8,0.848
sample_8436,90.7,0.843
sample_8437,90.6,0.845
sample_8438,91.8,0.853
sample_8439,91.6,0.841
sample_8440,91.7,0.855
sample_8441,91.2,0.854
sample_8442,91.5,0.853
sample_8443,91.3,0.847
sample_8444,91.4,0.851
sample_8445,91.2,0.849
sample_8446,90.6,0.853
sample_8447,90.8,0.857
sample_8448,90.6,0.847
sample_8449,91.2,0.854
sample_8450,89.8,0.841
sample_8451,90.1,0.849
sample_8452,89.9,0.844
sample_8453,91.7,0.846
sample_8454,90.5,0.832
sample_8455,91.4,0.859
sample_8456,90.3,0.833
sample_8457,91.5,0.851
sample_8458,92.3,0.852
sample_8459,91.4,0.852
sample_8460,92.5,0.861
sample_8461,91.0,0.841
sample_8462,89.7,0.831
sample_8463,90.0,0.842
sample_8464,90.8,0.849
sample_8465,92.2,0.846
sample_8466,91.3,0.845
sample_8467,92.1,0.859
sample_8468,90.7,0.849
sample_8469,91.7,0.854
sample_8470,91.6,0.852
sample_8471,91.4,0.848
sample_8472,91.5,0.852
sample_8473,91.9,0.856
sample_8474,91.6,0.845
sample_8475,91.1,0.858
sample_8476,91.9,0.855
sample_8477,90.9,0.847
sample_8478,90.5,0.828
sample_8479,91.2,0.858
sample_8480,91.7,0.857
sample_8481,90.0,0.841
sample_8482,90.6,0.841
sample_8483,90.3,0.841
sample_8484,92.2,0.856
sample_8485,90.7,0.844
sample_8486,91.6,0.857
sample_8487,91.0,0.848
sample_8488,91.6,0.858
sample_8489,91.2,0.844
sample_8490,91.2,0.856
sample_8491,90.5,0.839
sample_8492,89.6,0.829
sample_8493,91.4,0.843
sample_8494,91.6,0.848
sample_8495,91.1,0.848
sample_8496,90.6,0.853
sample_8497,91.8,0.858
sample_8498,91.2,0.853
sample_8499,91.6,0.856
sample_8500,91.1,0.847
sample_8501,92.5,0.860
sample_8502,91.7,0.856
sample_8503,91.1,0.846
sample_8504,90.0,0.835
sample_8505,91.6,0.858
sample_8506,91.8,0.854
sample_8507,91.7,0.858
sample_8508,91.3,0.853
sample_8509,91.2,0.847
sample_8510,89.9,0.844
sample_8511,90.0,0.838
sample_8512,91.5,0.853
sample_8513,91.2,0.844
sample_8514,92.3,0.855
sample_8515,90.9,0.846
sample_8516,90.5,0.837
sample_8517,90.9,0.839
sample_8518,89.5,0.835
sample_8519,91.2,0.852
sample_8520,91.1,0.847
sample_8521,91.4,0.850
sample_8522,91.4,0.853
sample_8523,91.3,0.847
sample_8524,90.0,0.842
sample_8525,90.7,0.845
sample_8526,92.9,0.860
sample_8527,91.8,0.855
sample_8528,91.4,0.860
sample_8529,91.7,0.861
sample_8530,90.6,0.837
sample_8531,91.2,0.855
sample_8532,91.0,0.840
sample_8533,90.9,0.839
sample_8534,91.0,0.841
sample_8535,90.3,0.841
sample_8536,91.1,0.852
sample_8537,90.3,0.844
sample_8538,90.2,0.849
sample_8539,90.0,0.834
sample_8540,90.0,0.842
sample_8541,91.1,0.844
sample_8542,90.7,0.844
sample_8543,90.9,0.843
sample_8544,90.7,0.842
sample_8545,92.3,0.858
sample_8546,90.3,0.842
sample_8547,89.9,0.824
sample_8548,92.4,0.851
sample_8549,90.8,0.843
sample_8550,90.7,0.849
sample_8551,90.8,0.852
sample_8552,92.2,0.862
sample_8553,90.5,0.841
sample_8554,91.2,0.845
sample_8555,91.6,0.859
sample_8556,91.3,0.862
sample_8557,90.3,0.850
sample_8558,90.9,0.852
sample_8559,90.7,0.855
sample_8560,90.9,0.851
sample_8561,92.3,0.858
sample_8562,91.8,0.853
sample_8563,91.3,0.857
sample_8564,91.2,0.853
sample_8565,91.2,0.843
sample_8566,91.6,0.851
sample_8567,91.7,0.854
sample_8568,90.6,0.842
sample_8569,90.3,0.843
sample_8570,90.3,0.845
sample_8571,92.0,0.855
sample_8572,91.5,0.852
sample_8573,91.6,0.853
sample_8574,92.0,0.847
sample_8575,91.0,0.837
sample_8576,91.7,0.858
sample_8577,91.0,0.847
sample_8578,91.0,0.852
sample_8579,91.0,0.846
sample_8580,91.5,0.852
sample_8581,91.6,0.859
sample_8582,91.6,0.854
sample_8583,90.5,0.852
sample_8584,91.3,0.850
sample_8585,92.3,0.860
sample_8586,90.5,0.851
sample_8587,90.2,0.835
sample_8588,90.1,0.843
sample_8589,91.8,0.855
sample_8590,90.2,0.845
sample_8591,91.8,0.860
sample_8592,91.7,0.856
sample_8593,90.9,0.853
sample_8594,91.5,0.854
sample_8595,91.6,0.854
sample_8596,91.7,0.863
sample_8597,93.0,0.863
sample_8598,91.6,0.856
sample_8599,92.2,0.855
sample_8600,90.6,0.847
sample_8601,91.5,0.853
sample_8602,92.7,0.854
sample_8603,89.0,0.843
sample_8604,91.7,0.851
sample_8605,90.6,0.847
sample_8606,91.5,0.856
sample_8607,90.6,0.840
sample_8608,90.8,0.852
sample_8609,89.9,0.847
sample_8610,90.3,0.844
sample_8611,90.4,0.851
sample_8612,90.8,0.832
sample_8613,91.4,0.852
sample_8614,90.9,0.849
sample_8615,91.6,0.855
sample_8616,92.3,0.853
sample_8617,91.0,0.853
sample_8618,91.5,0.853
sample_8619,91.9,0.854
sample_8620,91.0,0.833
sample_8621,92.7,0.860
sample_8622,91.0,0.857
sample_8623,91.1,0.847
sample_8624,91.3,0.853
sample_8625,91.1,0.845
sample_8626,91.2,0.849
sample_8627,91.5,0.853
sample_8628,90.9,0.846
sample_8629,91.0,0.838
sample_8630,91.5,0.856
sample_8631,91.9,0.860
sample_8632,92.1,0.847
sample_8633,91.8,0.851
sample_8634,91.9,0.854
sample_8635,91.4,0.853
sample_8636,91.8,0.855
sample_8637,90.5,0.846
sample_8638,90.3,0.843
sample_8639,90.5,0.846
sample_8640,90.8,0.844
sample_8641,91.2,0.847
sample_8642,90.8,0.847
sample_8643,91.8,0.845
sample_8644,90.5,0.832
sample_8645,91.7,0.850
sample_8646,91.2,0.855
sample_8647,90.6,0.849
sample_8648,91.0,0.850
sample_8649,91.1,0.858
sample_8650,91.1,0.846
sample_8651,90.7,0.843
sample_8652,90.7,0.842
sample_8653,90.3,0.838
sample_8654,91.8,0.858
sample_8655,92.7,0.864
sample_8656,92.0,0.849
sample_8657,91.9,0.852
sample_8658,91.0,0.851
sample_8659,91.7,0.849
sample_8660,92.4,0.863
sample_8661,91.8,0.853
sample_8662,91.3,0.847
sample_8663,91.8,0.853
sample_8664,91.9,0.852
sample_8665,92.7,0.854
sample_8666,91.3,0.842
sample_8667,90.3,0.852
sample_8668,90.7,0.837
sample_8669,90.6,0.846
sample_8670,92.0,0.859
sample_8671,91.3,0.855
sample_8672,90.9,0.849
sample_8673,92.5,0.865
sample_8674,90.6,0.848
sample_8675,92.8,0.856
sample_8676,91.7,0.857
sample_8677,91.3,0.853
sample_8678,91.7,0.854
sample_8679,91.3,0.854
sample_8680,89.9,0.837
sample_8681,90.6,0.843
sample_8682,91.2,0.834
sample_8683,92.2,0.851
sample_8684,90.7,0.846
sample_8685,91.2,0.852
sample_8686,92.6,0.852
sample_8687,90.8,0.855
sample_8688,91.2,0.851
sample_8689,91.7,0.849
sample_8690,91.5,0.850
sample_8691,90.2,0.840
sample_8692,91.9,0.849
sample_8693,91.6,0.851
sample_8694,91.2,0.844
sample_8695,90.9,0.849
sample_8696,89.9,0.839
sample_8697,90.7,0.844
sample_8698,91.8,0.850
sample_8699,92.1,0.857
sample_8700,90.5,0.840
sample_8701,91.4,0.843
sample_8702,91.5,0.852
sample_8703,91.7,0.845
sample_8704,91.3,0.846
sample_8705,92.3,0.851
sample_8706,92.4,0.857
sample_8707,91.1,0.854
sample_8708,89.1,0.839
sample_8709,89.9,0.839
sample_8710,91.5,0.847
sample_8711,91.5,0.851
sample_8712,91.2,0.847
sample_8713,92.0,0.859
sample_8714,90.8,0.849
sample_8715,89.5,0.834
sample_8716,91.4,0.855
sample_8717,90.4,0.839
sample_8718,91.0,0.854
sample_8719,89.8,0.843
sample_8720,91.8,0.854
sample_8721,89.3,0.834
sample_8722,91.5,0.857
sample_8723,91.2,0.845
sample_8724,89.8,0.839
sample_8725,91.6,0.849
sample_8726,92.1,0.853
sample_8727,90.6,0.833
sample_8728,92.0,0.856
sample_8729,91.8,0.857
sample_8730,91.9,0.862
sample_8731,91.2,0.849
sample_8732,90.4,0.848
sample_8733,91.3,0.847
sample_8734,90.0,0.839
sample_8735,90.7,0.848
sample_8736,91.1,0.841
sample_8737,91.2,0.839
sample_8738,91.4,0.846
sample_8739,90.9,0.840
sample_8740,91.2,0.848
sample_8741,92.5,0.861
sample_8742,92.3,0.859
sample_8743,91.8,0.853
sample_8744,91.2,0.854
sample_8745,91.6,0.845
sample_8746,92.0,0.856
sample_8747,91.0,0.853
sample_8748,92.1,0.858
sample_8749,91.3,0.853
sample_8750,92.4,0.863
sample_8751,91.5,0.853
sample_8752,91.0,0.853
sample_8753,92.2,0.853
sample_8754,90.2,0.844
sample_8755,91.3,0.855
sample_8756,90.7,0.842
sample_8757,90.6,0.845
sample_8758,90.8,0.848
sample_8759,91.8,0.850
sample_8760,91.1,0.836
sample_8761,90.2,0.845
sample_8762,91.0,0.856
sample_8763,91.6,0.855
sample_8764,91.0,0.853
sample_8765,92.2,0.852
sample_8766,90.9,0.855
sample_8767,90.9,0.849
sample_8768,91.3,0.848
sample_8769,91.5,0.853
sample_8770,90.9,0.848
sample_8771,91.7,0.852
sample_8772,91.3,0.856
sample_8773,92.1,0.857
sample_8774,91.2,0.860
sample_8775,90.8,0.849
sample_8776,91.8,0.857
sample_8777,91.9,0.853
sample_8778,91.0,0.854
sample_8779,91.7,0.852
sample_8780,89.9,0.836
sample_8781,92.3,0.854
sample_8782,91.0,0.854
sample_8783,90.8,0.846
sample_8784,90.4,0.838
sample_8785,90.7,0.843
sample_8786,92.0,0.857
sample_8787,92.4,0.858
sample_8788,91.1,0.857
sample_8789,90.5,0.852
sample_8790,91.7,0.853
sample_8791,90.9,0.857
sample_8792,90.8,0.846
sample_8793,91.5,0.849
sample_8794,89.6,0.841
sample_8795,92.5,0.859
sample_8796,89.7,0.830
sample_8797,90.6,0.856
sample_8798,91.7,0.854
sample_8799,91.4,0.843
sample_8800,91.4,0.861
sample_8801,90.3,0.845
sample_8802,90.7,0.846
sample_8803,91.2,0.849
sample_8804,90.2,0.842
sample_8805,90.8,0.850
sample_8806,91.0,0.843
sample_8807,91.3,0.850
sample_8808,92.2,0.854
sample_8809,91.5,0.849
sample_8810,90.7,0.839
sample_8811,91.7,0.852
sample_8812,90.9,0.838
sample_8813,92.6,0.857
sample_8814,90.2,0.844
sample_8815,91.0,0.846
sample_8816,92.2,0.859
sample_8817,91.6,0.856
sample_8818,91.0,0.845
sample_8819,89.8,0.844
sample_8820,91.6,0.858
sample_8821,91.7,0.849
sample_8822,91.8,0.855
sample_8823,91.0,0.847
sample_8824,90.4,0.838
sample_8825,90.0,0.822
sample_8826,92.2,0.856
sample_8827,92.0,0.860
sample_8828,90.9,0.843
sample_8829,91.1,0.849
sample_8830,91.0,0.850
sample_8831,92.3,0.848
sample_8832,91.8,0.850
sample_8833,92.6,0.867
sample_8834,90.7,0.852
sample_8835,91.5,0.852
sample_8836,91.6,0.849
sample_8837,91.6,0.852
sample_8838,90.3,0.846
sample_8839,89.5,0.839
sample_8840,90.4,0.851
sample_8841,91.2,0.849
sample_8842,92.0,0.853
sample_8843,92.3,0.863
sample_8844,91.6,0.850
sample_8845,91.0,0.855
sample_8846,91.3,0.851
sample_8847,91.6,0.853
sample_8848,91.9,0.856
sample_8849,90.8,0.842
sample_8850,91.8,0.849
sample_8851,91.6,0.851
sample_8852,90.7,0.839
sample_8853,91.8,0.844
sample_8854,89.3,0.829
sample_8855,91.1,0.853
sample_8856,91.2,0.850
sample_8857,90.0,0.845
sample_8858,91.1,0.849
sample_8859,91.4,0.850
sample_8860,90.9,0.850
sample_8861,91.5,0.846
sample_8862,91.2,0.852
sample_8863,90.7,0.849
sample_8864,90.6,0.847
sample_8865,90.0,0.840
sample_8866,90.2,0.833
sample_8867,92.1,0.859
sample_8868,92.1,0.847
sample_8869,92.0,0.848
sample_8870,91.7,0.856
sample_8871,91.7,0.846
sample_8872,92.3,0.850
sample_8873,92.1,0.853
sample_8874,90.0,0.839
sample_8875,91.8,0.859
sample_8876,91.5,0.855
sample_8877,90.1,0.852
sample_8878,91.4,0.850
sample_8879,91.1,0.856
sample_8880,92.4,0.854
sample_8881,91.8,0.857
sample_8882,91.0,0.843
sample_8883,91.4,0.849
sample_8884,92.6,0.860
sample_8885,91.3,0.850
sample_8886,91.7,0.860
sample_8887,91.0,0.847
sample_8888,90.4,0.838
sample_8889,91.9,0.861
sample_8890,90.4,0.841
sample_8891,91.4,0.842
sample_8892,91.9,0.858
sample_8893,91.1,0.850
sample_8894,91.2,0.847
sample_8895,91.5,0.842
sample_8896,90.6,0.844
sample_8897,90.8,0.850
sample_8898,92.0,0.850
sample_8899,92.1,0.858
sample_8900,91.2,0.848
sample_8901,91.0,0.842
sample_8902,90.8,0.839
sample_8903,90.0,0.850
sample_8904,91.4,0.850
sample_8905,91.0,0.845
sample_8906,91.9,0.854
sample_8907,91.1,0.846
sample_8908,91.0,0.849
sample_8909,91.0,0.847
sample_8910,90.0,0.847
sample_8911,90.9,0.849
sample_8912,90.9,0.840
sample_8913,92.5,0.853
sample_8914,91.2,0.853
sample_8915,90.8,0.846
sample_8916,90.1,0.843
sample_8917,92.2,0.862
sample_8918,92.7,0.850
sample_8919,91.5,0.851
sample_8920,90.9,0.853
sample_8921,91.9,0.856
sample_8922,91.6,0.857
sample_8923,91.5,0.856
sample_8924,91.4,0.843
sample_8925,91.7,0.850
sample_8926,90.5,0.839
sample_8927,90.9,0.847
sample_8928,90.5,0.834
sample_8929,91.8,0.851
sample_8930,90.0,0.839
sample_8931,91.8,0.854
sample_8932,90.2,0.843
sample_8933,91.1,0.857
sample_8934,91.9,0.864
sample_8935,91.7,0.854
sample_8936,91.7,0.852
sample_8937,91.7,0.851
sample_8938,90.1,0.854
sample_8939,90.5,0.843
sample_8940,90.3,0.843
sample_8941,90.1,0.848
sample_8942,91.9,0.854
sample_8943,91.9,0.859
sample_8944,91.4,0.841
sample_8945,91.4,0.847
sample_8946,91.7,0.850
sample_8947,89.9,0.837
sample_8948,90.0,0.843
sample_8949,91.5,0.848
sample_8950,91.5,0.843
sample_8951,90.8,0.842
sample_8952,92.7,0.855
sample_8953,90.8,0.842
sample_8954,91.2,0.853
sample_8955,90.2,0.843
sample_8956,89.8,0.838
sample_8957,92.7,0.858
sample_8958,91.5,0.855
sample_8959,92.8,0.863
sample_8960,90.1,0.825
sample_8961,92.1,0.855
sample_8962,90.5,0.838
sample_8963,91.5,0.842
sample_8964,91.5,0.854
sample_8965,90.8,0.856
sample_8966,92.3,0.861
sample_8967,90.9,0.844
sample_8968,89.6,0.836
sample_8969,90.6,0.845
sample_8970,89.8,0.841
sample_8971,90.5,0.838
sample_8972,90.9,0.848
sample_8973,91.7,0.854
sample_8974,91.8,0.854
sample_8975,91.6,0.851
sample_8976,92.5,0.860
sample_8977,91.9,0.855
sample_8978,92.4,0.858
sample_8979,90.7,0.836
sample_8980,90.2,0.828
sample_8981,90.8,0.853
sample_8982,90.7,0.848
sample_8983,90.5,0.824
sample_8984,91.9,0.857
sample_8985,91.1,0.844
sample_8986,90.9,0.851
sample_8987,92.5,0.863
sample_8988,90.8,0.847
sample_8989,91.5,0.849
sample_8990,90.6,0.852
sample_8991,90.5,0.853
sample_8992,89.6,0.827
sample_8993,91.4,0.854
sample_8994,92.7,0.862
sample_8995,92.2,0.849
sample_8996,90.5,0.845
sample_8997,91.9,0.848
sample_8998,91.1,0.851
sample_8999,90.6,0.836
sample_9000,90.0,0.842
sample_9001,90.9,0.850
sample_9002,90.3,0.829
sample_9003,91.0,0.849
sample_9004,91.7,0.853
sample_9005,92.4,0.852
sample_9006,92.1,0.859
sample_9007,90.4,0.845
sample_9008,91.7,0.853
sample_9009,91.6,0.856
sample_9010,90.4,0.830
sample_9011,89.3,0.840
sample_9012,92.0,0.856
sample_9013,91.6,0.847
sample_9014,92.5,0.857
sample_9015,91.4,0.848
sample_9016,91.5,0.847
sample_9017,89.9,0.844
sample_9018,91.4,0.854
sample_9019,91.8,0.853
sample_9020,91.0,0.859
sample_9021,90.7,0.839
sample_9022,90.1,0.830
sample_9023,90.9,0.837
sample_9024,90.9,0.852
sample_9025,91.1,0.850
sample_9026,92.6,0.853
sample_9027,91.6,0.851
sample_9028,91.2,0.845
sample_9029,91.4,0.848
sample_9030,91.6,0.856
sample_9031,92.4,0.860
sample_9032,90.4,0.848
sample_9033,90.9,0.845
sample_9034,90.3,0.851
sample_9035,91.9,0.857
sample_9036,91.2,0.845
sample_9037,91.3,0.853
sample_9038,91.4,0.855
sample_9039,90.2,0.841
sample_9040,92.2,0.862
sample_9041,92.6,0.858
sample_9042,90.3,0.836
sample_9043,92.2,0.856
sample_9044,91.4,0.852
sample_9045,90.7,0.847
sample_9046,89.9,0.832
sample_9047,90.8,0.854
sample_9048,92.0,0.853
sample_9049,90.2,0.841
sample_9050,90.0,0.844
sample_9051,91.3,0.851
sample_9052,91.3,0.841
sample_9053,91.9,0.860
sample_9054,91.8,0.850
sample_9055,91.3,0.855
sample_9056,91.7,0.857
sample_9057,91.3,0.853
sample_9058,91.6,0.852
sample_9059,91.2,0.844
sample_9060,90.9,0.856
sample_9061,91.3,0.851
sample_9062,92.2,0.854
sample_9063,91.1,0.845
sample_9064,91.8,0.852
sample_9065,91.4,0.844
sample_9066,92.2,0.860
sample_9067,91.8,0.854
sample_9068,91.9,0.856
sample_9069,92.1,0.850
sample_9070,90.2,0.825
sample_9071,90.7,0.838
sample_9072,91.8,0.853
sample_9073,91.5,0.848
sample_9074,91.9,0.850
sample_9075,92.3,0.859
sample_9076,91.2,0.851
sample_9077,92.5,0.861
sample_9078,91.3,0.852
sample_9079,91.6,0.851
sample_9080,91.6,0.855
sample_9081,92.1,0.851
sample_9082,91.1,0.848
sample_9083,91.6,0.845
sample_9084,90.9,0.849
sample_9085,91.4,0.849
sample_9086,92.6,0.860
sample_9087,91.6,0.861
sample_9088,91.8,0.852
sample_9089,92.1,0.847
sample_9090,92.0,0.843
sample_9091,92.0,0.856
sample_9092,91.8,0.856
sample_9093,91.9,0.859
sample_9094,89.8,0.839
sample_9095,89.7,0.833
sample_9096,90.5,0.847
sample_9097,92.7,0.857
sample_9098,91.0,0.847
sample_9099,92.4,0.853
sample_9100,91.8,0.854
sample_9101,90.6,0.852
sample_9102,90.9,0.850
sample_9103,90.8,0.849
sample_9104,91.3,0.853
sample_9105,91.6,0.859
sample_9106,91.4,0.851
sample_9107,90.9,0.851
sample_9108,91.2,0.853
sample_9109,92.0,0.860
sample_9110,91.8,0.855
sample_9111,91.8,0.856
sample_9112,91.5,0.858
sample_9113,91.4,0.858
sample_9114,91.3,0.849
sample_9115,90.9,0.855
sample_9116,91.2,0.853
sample_9117,91.6,0.857
sample_9118,90.9,0.842
sample_9119,92.3,0.858
sample_9120,91.8,0.843
sample_9121,93.2,0.862
sample_9122,92.1,0.852
sample_9123,90.7,0.844
sample_9124,90.9,0.853
sample_9125,89.8,0.842
sample_9126,91.3,0.846
sample_9127,90.6,0.845
sample_9128,90.1,0.843
sample_9129,91.3,0.850
sample_9130,91.0,0.855
sample_9131,91.3,0.847
sample_9132,90.7,0.842
sample_9133,93.0,0.854
sample_9134,90.9,0.851
sample_9135,91.6,0.854
sample_9136,90.9,0.843
sample_9137,90.6,0.847
sample_9138,91.2,0.840
sample_9139,91.8,0.852
sample_9140,91.0,0.850
sample_9141,91.5,0.857
sample_9142,90.0,0.846
sample_9143,90.2,0.835
sample_9144,92.0,0.858
sample_9145,91.3,0.851
sample_9146,91.5,0.856
sample_9147,90.7,0.835
sample_9148,91.3,0.854
sample_9149,93.3,0.863
sample_9150,91.0,0.859
sample_9151,92.0,0.859
sample_9152,91.8,0.855
sample_9153,92.0,0.859
sample_9154,91.3,0.855
sample_9155,91.4,0.851
sample_9156,91.7,0.851
sample_9157,91.0,0.844
sample_9158,91.2,0.848
sample_9159,91.3,0.856
sample_9160,90.5,0.853
sample_9161,92.5,0.859
sample_9162,91.7,0.853
sample_9163,91.0,0.850
sample_9164,91.0,0.853
sample_9165,91.5,0.857
sample_9166,91.5,0.857
sample_9167,90.8,0.848
sample_9168,91.8,0.853
sample_9169,90.6,0.838
sample_9170,90.2,0.844
sample_9171,93.6,0.864
sample_9172,92.3,0.862
sample_9173,92.1,0.856
sample_9174,91.1,0.853
sample_9175,90.7,0.848
sample_9176,91.0,0.853
sample_9177,89.5,0.838
sample_9178,90.9,0.844
sample_9179,91.1,0.848
sample_9180,89.4,0.846
sample_9181,91.8,0.855
sample_9182,91.4,0.854
sample_9183,91.2,0.846
sample_9184,92.0,0.861
sample_9185,89.7,0.838
sample_9186,91.0,0.852
sample_9187,90.7,0.846
sample_9188,91.2,0.856
sample_9189,91.5,0.858
sample_9190,90.2,0.852
sample_9191,90.0,0.847
sample_9192,92.3,0.855
sample_9193,90.5,0.843
sample_9194,91.6,0.856
sample_9195,91.1,0.842
sample_9196,91.7,0.856
sample_9197,91.9,0.857
sample_9198,92.1,0.846
sample_9199,91.9,0.853
sample_9200,91.3,0.853
sample_9201,90.3,0.833
sample_9202,90.8,0.855
sample_9203,90.2,0.837
sample_9204,92.0,0.853
sample_9205,91.2,0.857
sample_9206,91.0,0.849
sample_9207,91.5,0.846
sample_9208,91.9,0.862
sample_9209,90.7,0.840
sample_9210,90.9,0.852
sample_9211,91.5,0.860
sample_9212,90.9,0.842
sample_9213,91.8,0.848
sample_9214,91.0,0.844
sample_9215,92.3,0.858
sample_9216,90.9,0.841
sample_9217,90.7,0.843
sample_9218,92.0,0.851
sample_9219,91.7,0.854
sample_9220,90.8,0.841
sample_9221,91.2,0.851
sample_9222,90.8,0.845
sample_9223,91.3,0.854
sample_9224,91.0,0.848
sample_9225,90.9,0.839
sample_9226,90.8,0.832
sample_9227,91.1,0.850
sample_9228,91.7,0.853
sample_9229,91.5,0.860
sample_9230,91.5,0.857
sample_9231,93.1,0.862
sample_9232,91.7,0.847
sample_9233,91.1,0.846
sample_9234,90.6,0.842
sample_9235,91.3,0.853
sample_9236,91.7,0.850
sample_9237,90.6,0.845
sample_9238,91.0,0.850
sample_9239,91.8,0.858
sample_9240,91.6,0.856
sample_9241,91.7,0.857
sample_9242,90.7,0.842
sample_9243,92.0,0.853
sample_9244,92.6,0.860
sample_9245,91.2,0.846
sample_9246,90.6,0.856
sample_9247,90.6,0.846
sample_9248,91.6,0.857
sample_9249,91.0,0.855
sample_9250,91.6,0.854
sample_9251,90.7,0.841
sample_9252,91.3,0.849
sample_9253,91.7,0.859
sample_9254,90.9,0.858
sample_9255,91.8,0.851
sample_9256,91.2,0.850
sample_9257,91.1,0.849
sample_9258,90.8,0.838
sample_9259,90.6,0.846
sample_9260,91.7,0.848
sample_9261,90.0,0.844
sample_9262,90.6,0.848
sample_9263,91.9,0.848
sample_9264,91.1,0.850
sample_9265,91.8,0.852
sample_9266,90.2,0.834
sample_9267,91.4,0.852
sample_9268,90.5,0.849
sample_9269,91.1,0.854
sample_9270,90.4,0.852
sample_9271,92.3,0.859
sample_9272,91.9,0.855
sample_9273,91.8,0.853
sample_9274,90.8,0.844
sample_9275,91.2,0.851
sample_9276,91.4,0.850
sample_9277,90.9,0.847
sample_9278,92.5,0.862
sample_9279,90.2,0.841
sample_9280,91.3,0.853
sample_9281,91.4,0.844
sample_9282,90.0,0.823
sample_9283,90.8,0.853
sample_9284,91.1,0.845
sample_9285,89.7,0.841
sample_9286,90.0,0.833
sample_9287,90.7,0.840
sample_9288,92.4,0.855
sample_9289,90.5,0.844
sample_9290,92.1,0.853
sample_9291,91.8,0.857
sample_9292,92.0,0.858
sample_9293,90.6,0.850
sample_9294,90.7,0.846
sample_9295,91.3,0.844
sample_9296,90.8,0.848
sample_9297,89.7,0.835
sample_9298,91.7,0.855
sample_9299,90.6,0.846
sample_9300,91.4,0.838
sample_9301,92.2,0.859
sample_9302,91.2,0.848
sample_9303,91.9,0.856
sample_9304,91.8,0.849
sample_9305,91.3,0.853
sample_9306,92.0,0.855
sample_9307,90.8,0.847
sample_9308,91.0,0.848
sample_9309,91.1,0.851
sample_9310,91.7,0.841
sample_9311,90.8,0.843
sample_9312,90.4,0.852
sample_9313,90.9,0.846
sample_9314,91.8,0.847
sample_9315,91.9,0.857
sample_9316,92.1,0.861
sample_9317,90.8,0.842
sample_9318,91.4,0.843
sample_9319,91.8,0.845
sample_9320,92.6,0.860
sample_9321,91.3,0.856
sample_9322,91.7,0.845
sample_9323,91.7,0.854
sample_9324,92.5,0.862
sample_9325,92.0,0.858
sample_9326,91.9,0.852
sample_9327,90.1,0.834
sample_9328,91.1,0.857
sample_9329,91.3,0.852
sample_9330,90.9,0.852
sample_9331,90.4,0.852
sample_9332,90.2,0.844
sample_9333,91.8,0.854
sample_9334,91.8,0.859
sample_9335,90.7,0.847
sample_9336,91.0,0.853
sample_9337,90.0,0.841
sample_9338,91.1,0.843
sample_9339,90.8,0.847
sample_9340,91.3,0.850
sample_9341,92.2,0.850
sample_9342,91.4,0.846
sample_9343,91.1,0.853
sample_9344,91.2,0.853
sample_9345,91.7,0.851
sample_9346,92.5,0.860
sample_9347,91.1,0.849
sample_9348,89.9,0.847
sample_9349,91.1,0.857
sample_9350,92.6,0.854
sample_9351,91.0,0.847
sample_9352,91.3,0.850
sample_9353,91.9,0.856
sample_9354,91.6,0.851
sample_9355,90.9,0.839
sample_9356,90.7,0.847
sample_9357,91.7,0.858
sample_9358,92.0,0.857
sample_9359,91.2,0.849
sample_9360,90.0,0.844
sample_9361,91.8,0.853
sample_9362,90.1,0.836
sample_9363,90.7,0.843
sample_9364,89.2,0.820
sample_9365,90.3,0.843
sample_9366,92.7,0.853
sample_9367,91.8,0.842
sample_9368,91.6,0.853
sample_9369,91.1,0.851
sample_9370,91.8,0.851
sample_9371,90.2,0.833
sample_9372,91.2,0.852
sample_9373,91.5,0.850
sample_9374,91.3,0.855
sample_9375,91.1,0.846
sample_9376,91.2,0.853
sample_9377,91.4,0.849
sample_9378,91.4,0.847
sample_9379,91.7,0.853
sample_9380,91.4,0.845
sample_9381,90.9,0.841
sample_9382,91.0,0.851
sample_9383,91.8,0.857
sample_9384,91.2,0.852
sample_9385,91.3,0.845
sample_9386,91.6,0.846
sample_9387,91.4,0.844
sample_9388,91.4,0.849
sample_9389,90.6,0.850
sample_9390,91.4,0.854
sample_9391,91.1,0.850
sample_9392,91.4,0.853
sample_9393,91.1,0.845
sample_9394,92.3,0.856
sample_9395,91.0,0.855
sample_9396,91.8,0.855
sample_9397,91.2,0.846
sample_9398,91.6,0.848
sample_9399,91.8,0.857
sample_9400,90.9,0.852
sample_9401,89.3,0.844
sample_9402,91.6,0.853
sample_9403,90.0,0.842
sample_9404,91.4,0.848
sample_9405,90.3,0.840
sample_9406,91.6,0.859
sample_9407,90.7,0.844
sample_9408,92.3,0.856
sample_9409,90.8,0.846
sample_9410,91.6,0.854
sample_9411,91.4,0.857
sample_9412,91.4,0.849
sample_9413,91.2,0.847
sample_9414,91.1,0.850
sample_9415,91.6,0.851
sample_9416,91.2,0.851
sample_9417,92.1,0.860
sample_9418,90.9,0.836
sample_9419,90.8,0.847
sample_9420,91.5,0.852
sample_9421,91.9,0.859
sample_9422,91.7,0.856
sample_9423,90.7,0.851
sample_9424,91.0,0.857
sample_9425,91.7,0.857
sample_9426,92.4,0.856
sample_9427,91.7,0.842
sample_9428,91.0,0.843
sample_9429,92.2,0.858
sample_9430,91.8,0.854
sample_9431,91.7,0.856
sample_9432,91.9,0.854
sample_9433,90.5,0.835
sample_9434,90.0,0.846
sample_9435,92.1,0.852
sample_9436,91.5,0.853
sample_9437,91.1,0.851
sample_9438,90.8,0.851
sample_9439,91.3,0.850
sample_9440,91.6,0.848
sample_9441,91.3,0.845
sample_9442,90.9,0.854
sample_9443,92.6,0.861
sample_9444,91.1,0.853
sample_9445,92.0,0.857
sample_9446,91.1,0.854
sample_9447,91.0,0.848
sample_9448,92.0,0.850
sample_9449,90.5,0.840
sample_9450,91.9,0.853
sample_9451,90.5,0.856
sample_9452,91.0,0.855
sample_9453,90.9,0.853
sample_9454,91.8,0.857
sample_9455,92.3,0.850
sample_9456,91.7,0.854
sample_9457,91.3,0.842
sample_9458,92.2,0.865
sample_9459,91.6,0.849
sample_9460,91.4,0.850
sample_9461,90.7,0.839
sample_9462,92.0,0.859
sample_9463,91.1,0.855
sample_9464,92.3,0.860
sample_9465,91.0,0.857
sample_9466,92.3,0.853
sample_9467,90.7,0.849
sample_9468,90.2,0.844
sample_9469,91.8,0.853
sample_9470,89.4,0.830
sample_9471,91.2,0.847
sample_9472,91.4,0.848
sample_9473,91.5,0.856
sample_9474,90.4,0.842
sample_9475,91.4,0.858
sample_9476,91.0,0.849
sample_9477,90.9,0.859
sample_9478,92.0,0.857
sample_9479,91.0,0.842
sample_9480,91.7,0.846
sample_9481,90.4,0.837
sample_9482,91.8,0.860
sample_9483,91.6,0.852
sample_9484,90.9,0.842
sample_9485,92.0,0.855
sample_9486,91.7,0.852
sample_9487,90.9,0.846
sample_9488,91.1,0.845
sample_9489,91.7,0.855
sample_9490,91.4,0.853
sample_9491,90.1,0.833
sample_9492,90.3,0.843
sample_9493,90.8,0.850
sample_9494,91.5,0.844
sample_9495,90.4,0.847
sample_9496,90.8,0.850
sample_9497,91.9,0.848
sample_9498,90.6,0.845
sample_9499,90.7,0.843
sample_9500,91.0,0.844
sample_9501,91.1,0.859
sample_9502,90.3,0.850
sample_9503,90.5,0.845
sample_9504,92.5,0.859
sample_9505,90.8,0.836
sample_9506,91.9,0.860
sample_9507,91.7,0.858
sample_9508,91.5,0.855
sample_9509,91.5,0.854
sample_9510,90.1,0.844
sample_9511,91.4,0.853
sample_9512,92.1,0.855
sample_9513,92.3,0.859
sample_9514,90.3,0.845
sample_9515,91.5,0.856
sample_9516,90.7,0.845
sample_9517,92.0,0.854
sample_9518,91.7,0.853
sample_9519,92.0,0.861
sample_9520,91.9,0.858
sample_9521,90.6,0.844
sample_9522,91.0,0.852
sample_9523,91.7,0.858
sample_9524,90.0,0.839
sample_9525,90.5,0.847
sample_9526,91.1,0.846
sample_9527,91.7,0.857
sample_9528,90.3,0.838
sample_9529,90.9,0.854
sample_9530,90.8,0.842
sample_9531,92.3,0.858
sample_9532,89.4,0.829
sample_9533,91.2,0.850
sample_9534,92.0,0.856
sample_9535,92.3,0.856
sample_9536,91.0,0.840
sample_9537,90.7,0.845
sample_9538,89.9,0.837
sample_9539,91.0,0.853
sample_9540,92.3,0.854
sample_9541,91.8,0.861
sample_9542,91.5,0.846
sample_9543,91.5,0.855
sample_9544,90.6,0.837
sample_9545,91.8,0.857
sample_9546,91.3,0.857
sample_9547,91.4,0.864
sample_9548,91.1,0.854
sample_9549,91.4,0.861
sample_9550,91.3,0.856
sample_9551,92.1,0.860
sample_9552,91.3,0.854
sample_9553,91.3,0.856
sample_9554,92.6,0.857
sample_9555,91.8,0.855
sample_9556,92.1,0.854
sample_9557,90.1,0.847
sample_9558,92.1,0.859
sample_9559,90.3,0.840
sample_9560,92.6,0.851
sample_9561,91.7,0.858
sample_9562,91.9,0.860
sample_9563,91.1,0.845
sample_9564,92.1,0.855
sample_9565,91.6,0.860
sample_9566,92.3,0.857
sample_9567,90.7,0.846
sample_9568,90.8,0.850
sample_9569,91.8,0.850
sample_9570,91.4,0.853
sample_9571,90.5,0.848
sample_9572,90.0,0.845
sample_9573,91.0,0.848
sample_9574,91.5,0.845
sample_9575,90.9,0.845
sample_9576,91.4,0.851
sample_9577,91.6,0.859
sample_9578,91.3,0.848
sample_9579,91.8,0.850
sample_9580,91.1,0.850
sample_9581,90.7,0.849
sample_9582,91.2,0.848
sample_9583,90.6,0.838
sample_9584,90.5,0.843
sample_9585,91.7,0.844
sample_9586,91.8,0.854
sample_9587,90.9,0.853
sample_9588,92.0,0.855
sample_9589,91.5,0.860
sample_9590,91.9,0.859
sample_9591,90.4,0.846
sample_9592,91.8,0.854
sample_9593,91.0,0.845
sample_9594,90.5,0.833
sample_9595,92.0,0.850
sample_9596,91.7,0.854
sample_9597,91.2,0.850
sample_9598,92.2,0.855
sample_9599,90.7,0.847
sample_9600,91.3,0.862
sample_9601,91.3,0.857
sample_9602,90.1,0.843
sample_9603,90.6,0.848
sample_9604,91.3,0.846
sample_9605,91.2,0.854
sample_9606,90.8,0.840
sample_9607,92.5,0.860
sample_9608,91.2,0.848
sample_9609,91.0,0.853
sample_9610,89.6,0.850
sample_9611,91.6,0.857
sample_9612,91.1,0.853
sample_9613,90.2,0.840
sample_9614,90.9,0.843
sample_9615,90.4,0.837
sample_9616,91.0,0.853
sample_9617,90.7,0.848
sample_9618,91.4,0.855
sample_9619,91.7,0.854
sample_9620,92.1,0.861
sample_9621,91.0,0.856
sample_9622,90.9,0.847
sample_9623,91.5,0.848
sample_9624,91.9,0.846
sample_9625,90.5,0.843
sample_9626,90.5,0.839
sample_9627,91.5,0.848
sample_9628,90.7,0.847
sample_9629,90.9,0.844
sample_9630,91.2,0.844
sample_9631,90.4,0.840
sample_9632,91.0,0.853
sample_9633,90.8,0.847
sample_9634,90.2,0.836
sample_9635,91.6,0.845
sample_9636,90.7,0.831
sample_9637,92.3,0.855
sample_9638,91.5,0.856
sample_9639,91.0,0.856
sample_9640,90.9,0.847
sample_9641,90.7,0.840
sample_9642,91.5,0.846
sample_9643,91.2,0.854
sample_9644,92.3,0.860
sample_9645,91.2,0.848
sample_9646,91.9,0.850
sample_9647,90.5,0.845
sample_9648,92.1,0.854
sample_9649,91.2,0.854
sample_9650,91.5,0.847
sample_9651,91.3,0.853
sample_9652,91.2,0.843
sample_9653,91.4,0.853
sample_9654,92.0,0.851
sample_9655,90.9,0.846
sample_9656,91.2,0.854
sample_9657,91.7,0.853
sample_9658,91.3,0.852
sample_9659,92.1,0.858
sample_9660,90.7,0.847
sample_9661,91.3,0.848
sample_9662,92.1,0.854
sample_9663,91.0,0.854
sample_9664,89.7,0.812
sample_9665,92.0,0.851
sample_9666,90.9,0.853
sample_9667,90.8,0.857
sample_9668,91.6,0.855
sample_9669,90.5,0.841
sample_9670,91.2,0.843
sample_9671,90.4,0.839
sample_9672,90.0,0.836
sample_9673,91.4,0.852
sample_9674,91.9,0.855
sample_9675,90.7,0.843
sample_9676,92.3,0.864
sample_9677,90.9,0.848
sample_9678,92.8,0.858
sample_9679,92.3,0.852
sample_9680,91.7,0.856
sample_9681,93.6,0.866
sample_9682,90.4,0.846
sample_9683,91.1,0.854
sample_9684,90.5,0.843
sample_9685,92.0,0.854
sample_9686,91.1,0.841
sample_9687,90.5,0.843
sample_9688,91.0,0.847
sample_9689,91.2,0.849
sample_9690,90.6,0.844
sample_9691,90.4,0.842
sample_9692,91.0,0.846
sample_9693,91.3,0.854
sample_9694,91.0,0.853
sample_9695,91.3,0.861
sample_9696,91.3,0.844
sample_9697,89.5,0.843
sample_9698,91.9,0.855
sample_9699,91.7,0.852
sample_9700,91.4,0.845
sample_9701,91.8,0.850
sample_9702,91.1,0.841
sample_9703,90.8,0.846
sample_9704,90.9,0.846
sample_9705,91.3,0.859
sample_9706,92.2,0.858
sample_9707,90.0,0.845
sample_9708,91.9,0.851
sample_9709,91.3,0.853
sample_9710,92.2,0.850
sample_9711,90.7,0.850
sample_9712,91.2,0.852
sample_9713,91.5,0.842
sample_9714,91.5,0.861
sample_9715,91.3,0.854
sample_9716,91.2,0.839
sample_9717,91.1,0.851
sample_9718,91.8,0.858
sample_9719,89.6,0.841
sample_9720,90.3,0.842
sample_9721,91.2,0.853
sample_9722,91.2,0.853
sample_9723,91.3,0.853
sample_9724,92.7,0.856
sample_9725,90.3,0.848
sample_9726,90.6,0.852
sample_9727,89.9,0.852
sample_9728,90.1,0.829
sample_9729,91.6,0.844
sample_9730,91.9,0.857
sample_9731,91.8,0.847
sample_9732,91.2,0.858
sample_9733,91.4,0.853
sample_9734,90.8,0.840
sample_9735,91.2,0.855
sample_9736,89.7,0.819
sample_9737,91.0,0.849
sample_9738,92.2,0.860
sample_9739,90.2,0.849
sample_9740,91.6,0.860
sample_9741,90.8,0.857
sample_9742,92.5,0.848
sample_9743,91.3,0.841
sample_9744,91.5,0.859
sample_9745,90.9,0.847
sample_9746,91.3,0.841
sample_9747,91.0,0.847
sample_9748,92.1,0.862
sample_9749,90.4,0.852
sample_9750,89.8,0.828
sample_9751,91.6,0.854
sample_9752,90.7,0.845
sample_9753,91.2,0.847
sample_9754,91.3,0.850
sample_9755,91.6,0.852
sample_9756,91.5,0.856
sample_9757,91.1,0.859
sample_9758,90.8,0.847
sample_9759,92.2,0.858
sample_9760,91.5,0.852
sample_9761,91.0,0.854
sample_9762,90.7,0.843
sample_9763,91.3,0.851
sample_9764,90.1,0.838
sample_9765,90.5,0.850
sample_9766,91.5,0.859
sample_9767,91.1,0.848
sample_9768,91.2,0.850
sample_9769,90.7,0.842
sample_9770,91.7,0.850
sample_9771,92.0,0.858
sample_9772,91.6,0.860
sample_9773,90.6,0.845
sample_9774,90.8,0.849
sample_9775,90.8,0.847
sample_9776,92.1,0.859
sample_9777,91.5,0.856
sample_9778,91.1,0.852
sample_9779,90.8,0.843
sample_9780,92.2,0.856
sample_9781,92.2,0.860
sample_9782,91.5,0.845
sample_9783,90.7,0.848
sample_9784,92.2,0.852
sample_9785,91.6,0.855
sample_9786,92.7,0.864
sample_9787,89.8,0.827
sample_9788,91.6,0.848
sample_9789,90.8,0.847
sample_9790,92.4,0.859
sample_9791,92.2,0.856
sample_9792,90.2,0.848
sample_9793,91.0,0.840
sample_9794,92.1,0.848
sample_9795,92.7,0.859
sample_9796,91.9,0.853
sample_9797,91.5,0.853
sample_9798,90.7,0.837
sample_9799,91.6,0.848
sample_9800,91.2,0.842
sample_9801,91.4,0.850
sample_9802,91.2,0.849
sample_9803,92.1,0.854
sample_9804,91.0,0.841
sample_9805,92.5,0.853
sample_9806,92.3,0.855
sample_9807,92.0,0.854
sample_9808,90.2,0.845
sample_9809,91.9,0.849
sample_9810,91.8,0.860
sample_9811,91.5,0.853
sample_9812,91.4,0.846
sample_9813,91.7,0.851
sample_9814,91.8,0.856
sample_9815,91.2,0.858
sample_9816,90.6,0.835
sample_9817,91.3,0.850
sample_9818,90.0,0.842
sample_9819,91.7,0.859
sample_9820,90.6,0.843
sample_9821,91.9,0.853
sample_9822,90.8,0.839
sample_9823,92.1,0.856
sample_9824,90.9,0.847
sample_9825,90.6,0.843
sample_9826,91.1,0.847
sample_9827,90.9,0.857
sample_9828,90.4,0.844
sample_9829,90.0,0.841
sample_9830,91.0,0.844
sample_9831,91.6,0.853
sample_9832,89.8,0.850
sample_9833,90.9,0.845
sample_9834,91.1,0.855
sample_9835,91.8,0.855
sample_9836,91.0,0.846
sample_9837,90.2,0.847
sample_9838,92.6,0.861
sample_9839,92.0,0.861
sample_9840,91.1,0.850
sample_9841,90.7,0.848
sample_9842,92.6,0.851
sample_9843,92.1,0.858
sample_9844,90.9,0.847
sample_9845,91.3,0.852
sample_9846,91.5,0.854
sample_9847,90.1,0.845
sample_9848,90.7,0.854
sample_9849,90.6,0.833
sample_9850,91.6,0.853
sample_9851,91.5,0.847
sample_9852,91.6,0.854
sample_9853,91.4,0.847
sample_9854,91.2,0.839
sample_9855,91.4,0.851
sample_9856,90.5,0.846
sample_9857,91.4,0.848
sample_9858,91.8,0.858
sample_9859,90.5,0.837
sample_9860,91.4,0.847
sample_9861,90.7,0.838
sample_9862,91.3,0.847
sample_9863,91.6,0.849
sample_9864,91.1,0.846
sample_9865,91.8,0.854
sample_9866,91.7,0.849
sample_9867,90.8,0.843
sample_9868,90.4,0.838
sample_9869,90.5,0.849
sample_9870,91.4,0.853
sample_9871,90.8,0.849
sample_9872,90.2,0.840
sample_9873,91.4,0.851
sample_9874,90.6,0.842
sample_9875,91.2,0.857
sample_9876,91.1,0.851
sample_9877,92.2,0.854
sample_9878,91.1,0.854
sample_9879,91.7,0.856
sample_9880,91.8,0.857
sample_9881,90.1,0.829
sample_9882,91.0,0.839
sample_9883,91.2,0.850
sample_9884,91.3,0.851
sample_9885,91.3,0.859
sample_9886,92.2,0.852
sample_9887,91.0,0.846
sample_9888,91.0,0.840
sample_9889,90.8,0.849
sample_9890,91.4,0.855
sample_9891,91.4,0.854
sample_9892,91.5,0.848
sample_9893,91.0,0.847
sample_9894,90.6,0.838
sample_9895,91.3,0.849
sample_9896,92.3,0.860
sample_9897,91.1,0.850
sample_9898,91.1,0.851
sample_9899,90.9,0.843
sample_9900,90.9,0.835
sample_9901,91.6,0.863
sample_9902,90.7,0.857
sample_9903,90.7,0.858
sample_9904,92.1,0.846
sample_9905,89.6,0.840
sample_9906,91.1,0.843
sample_9907,91.1,0.857
sample_9908,91.5,0.852
sample_9909,91.3,0.853
sample_9910,91.3,0.846
sample_9911,92.3,0.859
sample_9912,90.7,0.841
sample_9913,92.4,0.856
sample_9914,92.5,0.855
sample_9915,90.0,0.850
sample_9916,91.2,0.852
sample_9917,90.7,0.846
sample_9918,91.7,0.856
sample_9919,92.3,0.854
sample_9920,92.4,0.855
sample_9921,90.5,0.848
sample_9922,91.2,0.854
sample_9923,91.3,0.844
sample_9924,91.8,0.849
sample_9925,91.2,0.852
sample_9926,91.0,0.846
sample_9927,91.7,0.849
sample_9928,91.6,0.859
sample_9929,91.3,0.863
sample_9930,92.1,0.856
sample_9931,90.8,0.851
sample_9932,89.1,0.842
sample_9933,92.4,0.862
sample_9934,90.6,0.841
sample_9935,91.5,0.846
sample_9936,91.2,0.850
sample_9937,91.5,0.855
sample_9938,91.8,0.861
sample_9939,89.4,0.839
sample_9940,91.6,0.859
sample_9941,91.8,0.849
sample_9942,92.1,0.858
sample_9943,92.4,0.859
sample_9944,90.1,0.832
sample_9945,91.2,0.846
sample_9946,91.9,0.854
sample_9947,90.7,0.850
sample_9948,92.6,0.858
sample_9949,91.6,0.847
sample_9950,91.1,0.846
sample_9951,92.3,0.857
sample_9952,91.8,0.855
sample_9953,91.5,0.859
sample_9954,91.4,0.847
sample_9955,92.1,0.864
sample_9956,91.0,0.849
sample_9957,91.1,0.850
sample_9958,91.7,0.853
sample_9959,92.1,0.859
sample_9960,91.9,0.852
sample_9961,90.8,0.847
sample_9962,90.7,0.845
sample_9963,91.5,0.863
sample_9964,90.0,0.825
sample_9965,91.1,0.854
sample_9966,91.3,0.857
sample_9967,90.6,0.845
sample_9968,91.8,0.848
sample_9969,91.8,0.845
sample_9970,92.2,0.851
sample_9971,90.3,0.843
sample_9972,90.2,0.834
sample_9973,90.7,0.846
sample_9974,91.2,0.845
sample_9975,90.4,0.833
sample_9976,90.8,0.844
sample_9977,89.8,0.839
sample_9978,91.0,0.849
sample_9979,91.2,0.853
sample_9980,91.5,0.850
sample_9981,89.9,0.827
sample_9982,90.3,0.841
sample_9983,91.8,0.848
sample_9984,92.0,0.857
sample_9985,91.3,0.842
sample_9986,91.7,0.851
sample_9987,91.7,0.852
sample_9988,90.8,0.843
sample_9989,90.9,0.843
sample_9990,92.2,0.860
sample_9991,91.6,0.856
sample_9992,90.6,0.849
sample_9993,90.2,0.833
sample_9994,91.8,0.853
sample_9995,90.8,0.853
sample_9996,90.2,0.839
sample_9997,90.7,0.850
sample_9998,90.2,0.835
sample_9999,90.8,0.848
sample_10000,91.1,0.847
