sample_id	score	global_score	seq_recovery
N/A	1.4585	1.5042	N/A
1	0.7245	0.8066	0.5205
2	0.7180	0.8091	0.5342
3	0.6937	0.7878	0.4932
4	0.7068	0.7888	0.4795
5	0.7037	0.7823	0.5205
6	0.7419	0.8248	0.5753
7	0.6960	0.7789	0.4795
8	0.7284	0.8103	0.5205
9	0.7215	0.8017	0.4795
10	0.7161	0.7965	0.5342
11	0.7126	0.8021	0.5342
12	0.7091	0.7881	0.4658
13	0.7046	0.7868	0.5205
14	0.6903	0.7705	0.5205
15	0.6863	0.7697	0.4932
16	0.7246	0.8046	0.4932
17	0.7201	0.8041	0.4932
18	0.7048	0.7872	0.5479
19	0.7031	0.7939	0.4795
20	0.7269	0.8191	0.5616
21	0.7166	0.7982	0.5479
22	0.6970	0.7833	0.4795
23	0.7281	0.8199	0.5205
24	0.7119	0.7965	0.5068
25	0.7143	0.8078	0.4932
26	0.6904	0.7746	0.4795
27	0.6594	0.7474	0.5068
28	0.6651	0.7576	0.5479
29	0.6849	0.7783	0.5205
30	0.7378	0.8214	0.5616
31	0.7241	0.8079	0.4932
32	0.6960	0.7797	0.5205
33	0.7186	0.8068	0.5479
34	0.6943	0.7807	0.5342
35	0.7095	0.7885	0.4795
36	0.7201	0.8042	0.4521
37	0.7133	0.8034	0.4795
38	0.7031	0.7853	0.5205
39	0.7255	0.8101	0.5205
40	0.7049	0.7842	0.4932
41	0.6903	0.7743	0.4932
42	0.6980	0.7838	0.4795
43	0.7187	0.8108	0.5205
44	0.7159	0.8057	0.4384
45	0.6944	0.7808	0.5068
46	0.7216	0.8127	0.5068
47	0.7238	0.8151	0.5068
48	0.6921	0.7834	0.4932
49	0.7065	0.7907	0.5479
50	0.7369	0.8282	0.5205
51	0.7026	0.7862	0.4795
52	0.7310	0.8127	0.4795
53	0.7025	0.7927	0.5342
54	0.7499	0.8295	0.5068
55	0.7049	0.7906	0.5205
56	0.7306	0.8082	0.5068
57	0.7288	0.8207	0.4384
58	0.6866	0.7703	0.5479
59	0.7320	0.8224	0.5479
60	0.7035	0.7848	0.5205
61	0.6475	0.7367	0.5205
62	0.6947	0.7880	0.5342
63	0.6798	0.7638	0.5205
64	0.7166	0.7977	0.4932
65	0.6946	0.7893	0.5205
66	0.6781	0.7649	0.4795
67	0.7122	0.7905	0.5342
68	0.6995	0.7817	0.4795
69	0.7174	0.7991	0.5342
70	0.7102	0.8004	0.4932
71	0.7146	0.7961	0.5205
72	0.7018	0.7916	0.4932
73	0.7170	0.8053	0.5205
74	0.6865	0.7800	0.5342
75	0.7210	0.8051	0.5068
76	0.7011	0.7843	0.5068
77	0.6772	0.7686	0.5068
78	0.7028	0.7925	0.4658
79	0.6958	0.7813	0.5068
80	0.7253	0.8161	0.5068
81	0.6990	0.7934	0.5068
82	0.7045	0.7955	0.5205
83	0.7179	0.8075	0.4932
84	0.6595	0.7417	0.4932
85	0.6610	0.7429	0.4658
86	0.7061	0.8001	0.4795
87	0.7060	0.7983	0.4932
88	0.7091	0.7899	0.5205
89	0.6891	0.7792	0.5068
90	0.6998	0.7921	0.5342
91	0.7062	0.7904	0.5479
92	0.7169	0.8018	0.5068
93	0.7014	0.7860	0.5068
94	0.7347	0.8232	0.5342
95	0.7042	0.7964	0.4932
96	0.7127	0.8024	0.5068
97	0.7094	0.8033	0.5205
98	0.6958	0.7865	0.5068
99	0.6932	0.7750	0.5205
100	0.7018	0.7962	0.5205
101	0.6643	0.7460	0.5479
102	0.7401	0.8279	0.4658
103	0.7240	0.8131	0.5205
104	0.7021	0.7929	0.4932
105	0.6956	0.7869	0.5068
106	0.6943	0.7743	0.5342
107	0.7300	0.8105	0.5068
108	0.6912	0.7780	0.5068
109	0.7243	0.8026	0.4795
110	0.7011	0.7954	0.5342
111	0.6809	0.7727	0.5342
112	0.7529	0.8286	0.5342
113	0.6959	0.7897	0.4932
114	0.6961	0.7890	0.4795
115	0.7041	0.7970	0.5342
116	0.7217	0.8118	0.4795
117	0.6965	0.7791	0.5342
118	0.7045	0.7896	0.5342
119	0.6952	0.7852	0.5068
120	0.6782	0.7729	0.5342
121	0.7020	0.7817	0.5205
122	0.7075	0.8008	0.5205
123	0.7398	0.8273	0.4932
124	0.7138	0.7991	0.5342
125	0.7233	0.8124	0.5342
126	0.6937	0.7737	0.4932
127	0.6912	0.7835	0.4795
128	0.7267	0.8087	0.4932
129	0.6796	0.7719	0.4932
130	0.7080	0.7981	0.5342
131	0.6993	0.7932	0.5205
132	0.6818	0.7727	0.4795
133	0.6995	0.7812	0.5068
134	0.6978	0.7778	0.5342
135	0.6747	0.7676	0.5205
136	0.7100	0.8000	0.5068
137	0.7072	0.7962	0.5342
138	0.7257	0.8139	0.4658
139	0.7589	0.8367	0.5068
140	0.6775	0.7702	0.5342
141	0.7052	0.7873	0.5205
142	0.7215	0.8028	0.5068
143	0.6881	0.7811	0.5068
144	0.7128	0.8028	0.4932
145	0.6991	0.7890	0.5068
146	0.7081	0.7913	0.4795
147	0.6962	0.7882	0.5205
148	0.7070	0.7972	0.4658
149	0.7349	0.8226	0.5205
150	0.7051	0.7846	0.4658
151	0.6904	0.7759	0.4932
152	0.7431	0.8320	0.5342
153	0.7090	0.7939	0.4932
154	0.7366	0.8133	0.4658
155	0.6848	0.7673	0.4932
156	0.7047	0.7879	0.5342
157	0.7310	0.8202	0.4932
158	0.7308	0.8230	0.4932
159	0.6754	0.7594	0.4795
160	0.7557	0.8379	0.5342
161	0.7049	0.7845	0.5205
162	0.7449	0.8217	0.5479
163	0.6950	0.7897	0.5205
164	0.7175	0.8064	0.5205
165	0.7194	0.7978	0.4932
166	0.6912	0.7773	0.4932
167	0.7336	0.8112	0.5205
168	0.7287	0.8102	0.5205
169	0.6932	0.7858	0.4932
170	0.7319	0.8218	0.5205
171	0.7137	0.7989	0.5205
172	0.7000	0.7929	0.5068
173	0.7277	0.8049	0.5068
174	0.7151	0.7966	0.4795
175	0.7240	0.8051	0.4795
176	0.6749	0.7593	0.5068
177	0.6861	0.7668	0.5342
178	0.7072	0.7974	0.4795
179	0.7242	0.8062	0.5068
180	0.7124	0.7980	0.4795
181	0.6915	0.7772	0.5068
182	0.7218	0.8103	0.4932
183	0.6894	0.7697	0.4932
184	0.6961	0.7881	0.4932
185	0.6560	0.7445	0.5205
186	0.7236	0.8156	0.5479
187	0.6798	0.7633	0.5068
188	0.7133	0.8065	0.5616
189	0.7144	0.7990	0.5205
190	0.6997	0.7933	0.5479
191	0.7051	0.7975	0.4658
192	0.7199	0.8091	0.5068
193	0.6736	0.7542	0.5068
194	0.7313	0.8089	0.5342
195	0.7092	0.7943	0.5616
196	0.6684	0.7611	0.4932
197	0.6850	0.7673	0.5479
198	0.6922	0.7779	0.5205
199	0.6812	0.7767	0.4795
200	0.6954	0.7784	0.5205
201	0.6922	0.7720	0.4658
202	0.7036	0.7883	0.5205
203	0.7187	0.8008	0.5342
204	0.7219	0.8021	0.4932
205	0.6867	0.7806	0.5479
206	0.7042	0.7885	0.5205
207	0.6902	0.7772	0.5205
208	0.7200	0.8044	0.4932
209	0.7487	0.8360	0.5342
210	0.6908	0.7852	0.4932
211	0.7094	0.7943	0.5205
212	0.7556	0.8385	0.5479
213	0.7150	0.8070	0.5205
214	0.7193	0.8028	0.5479
215	0.7259	0.8185	0.5205
216	0.7404	0.8307	0.4795
217	0.6904	0.7807	0.5205
218	0.6987	0.7844	0.5068
219	0.6959	0.7858	0.4795
220	0.6969	0.7825	0.5205
221	0.7219	0.8128	0.5616
222	0.7075	0.8000	0.5068
223	0.7226	0.8066	0.4932
224	0.6762	0.7679	0.5068
225	0.6951	0.7783	0.4932
226	0.6942	0.7800	0.4521
227	0.6985	0.7926	0.4658
228	0.6763	0.7705	0.4932
229	0.6989	0.7819	0.5068
230	0.6981	0.7916	0.5068
231	0.6819	0.7738	0.4932
232	0.6997	0.7815	0.5205
233	0.7375	0.8204	0.5205
234	0.6998	0.7834	0.4932
235	0.7398	0.8308	0.5068
236	0.7085	0.7933	0.4932
237	0.6752	0.7590	0.5205
238	0.7167	0.7952	0.5205
239	0.7407	0.8229	0.5479
240	0.7019	0.7835	0.5068
241	0.7240	0.8046	0.4658
242	0.6649	0.7533	0.5068
243	0.6889	0.7827	0.5342
244	0.7398	0.8210	0.5342
245	0.7002	0.7795	0.4932
246	0.7256	0.8177	0.4932
247	0.7261	0.8097	0.4932
248	0.6996	0.7858	0.5205
249	0.6868	0.7735	0.4932
250	0.7149	0.8052	0.4795
251	0.6746	0.7660	0.5342
252	0.7064	0.7878	0.5068
253	0.6802	0.7613	0.4932
254	0.7155	0.8057	0.4795
255	0.7076	0.8014	0.5205
256	0.6950	0.7753	0.5068
257	0.7123	0.7964	0.5205
258	0.6799	0.7666	0.4795
259	0.6802	0.7712	0.4795
260	0.6960	0.7882	0.4795
261	0.7259	0.8038	0.5205
262	0.7102	0.8041	0.5068
263	0.7040	0.7866	0.5205
264	0.7310	0.8228	0.5342
265	0.7000	0.7854	0.4932
266	0.7134	0.8067	0.4795
267	0.7072	0.7965	0.5479
268	0.7040	0.7898	0.4932
269	0.7294	0.8112	0.5342
270	0.6726	0.7672	0.4795
271	0.6954	0.7804	0.5205
272	0.7226	0.8154	0.5205
273	0.7112	0.8028	0.5068
274	0.6903	0.7808	0.5342
275	0.6709	0.7524	0.5205
276	0.7039	0.7832	0.4932
277	0.7242	0.8071	0.5068
278	0.7306	0.8143	0.5616
279	0.7280	0.8124	0.5205
280	0.7337	0.8256	0.5068
281	0.7160	0.8056	0.4658
282	0.7075	0.7892	0.5068
283	0.6983	0.7847	0.5342
284	0.7237	0.8038	0.5068
285	0.7289	0.8119	0.5205
286	0.7209	0.8017	0.5068
287	0.7239	0.8127	0.5342
288	0.6955	0.7897	0.5068
289	0.7105	0.8023	0.5205
290	0.6938	0.7864	0.5342
291	0.6798	0.7731	0.5479
292	0.7004	0.7799	0.4795
293	0.6923	0.7757	0.5479
294	0.7082	0.7977	0.5068
295	0.7013	0.7849	0.4795
296	0.7693	0.8549	0.5205
297	0.6899	0.7697	0.5068
298	0.6966	0.7795	0.5068
299	0.6956	0.7796	0.4795
300	0.6861	0.7809	0.4795
301	0.7153	0.7968	0.5205
302	0.6888	0.7692	0.5342
303	0.7169	0.8096	0.5342
304	0.6977	0.7819	0.5205
305	0.7182	0.8088	0.5068
306	0.7329	0.8137	0.4932
307	0.7192	0.8084	0.5068
308	0.7145	0.8068	0.5205
309	0.7330	0.8242	0.4795
310	0.7068	0.7983	0.5205
311	0.7253	0.8073	0.5068
312	0.7070	0.7964	0.5205
313	0.7038	0.7887	0.4932
314	0.6842	0.7761	0.5205
315	0.7308	0.8198	0.4932
316	0.6861	0.7794	0.4521
317	0.7127	0.7944	0.4932
318	0.6644	0.7531	0.4932
319	0.7066	0.7919	0.5068
320	0.7019	0.7808	0.5753
321	0.6973	0.7837	0.5342
322	0.7111	0.8042	0.4521
323	0.7379	0.8259	0.5068
324	0.6978	0.7827	0.4658
325	0.7035	0.7858	0.4795
326	0.7391	0.8265	0.5068
327	0.7199	0.7999	0.4521
328	0.7185	0.8023	0.5068
329	0.7020	0.7931	0.5068
330	0.6890	0.7721	0.5342
331	0.7243	0.8156	0.5479
332	0.7036	0.7962	0.5068
333	0.7602	0.8468	0.4932
334	0.6612	0.7485	0.5068
335	0.7154	0.8062	0.5342
336	0.7298	0.8179	0.5205
337	0.6825	0.7663	0.5205
338	0.7243	0.8137	0.4795
339	0.6993	0.7932	0.4795
340	0.6860	0.7791	0.4932
341	0.6682	0.7645	0.5205
342	0.6904	0.7842	0.5342
343	0.7050	0.7956	0.5068
344	0.6944	0.7764	0.5342
345	0.7296	0.8218	0.5479
346	0.6705	0.7557	0.4932
347	0.7092	0.7883	0.4932
348	0.6948	0.7851	0.5205
349	0.7138	0.8042	0.5342
350	0.6746	0.7704	0.5342
351	0.6951	0.7876	0.5479
352	0.6931	0.7871	0.5479
353	0.7088	0.7873	0.4932
354	0.7146	0.8075	0.4932
355	0.6972	0.7832	0.4521
356	0.6830	0.7783	0.4932
357	0.6895	0.7804	0.5342
358	0.7102	0.7952	0.4795
359	0.7577	0.8439	0.5616
360	0.7497	0.8317	0.4932
361	0.7107	0.8020	0.4932
362	0.6972	0.7765	0.5205
363	0.6513	0.7408	0.5479
364	0.6844	0.7790	0.5068
365	0.7478	0.8388	0.5068
366	0.6886	0.7823	0.5068
367	0.7094	0.7882	0.4932
368	0.7187	0.8085	0.5342
369	0.7093	0.7879	0.4932
370	0.6880	0.7824	0.5205
371	0.6895	0.7831	0.5479
372	0.7452	0.8328	0.5342
373	0.6853	0.7787	0.4932
374	0.6897	0.7805	0.4932
375	0.7106	0.7914	0.4932
376	0.7511	0.8378	0.5616
377	0.7066	0.7853	0.5205
378	0.6819	0.7760	0.5342
379	0.7061	0.7875	0.5479
380	0.6802	0.7639	0.5342
381	0.6601	0.7423	0.5205
382	0.7236	0.8140	0.5068
383	0.7204	0.8046	0.5479
384	0.7162	0.7945	0.4795
385	0.7217	0.8134	0.4658
386	0.7069	0.7898	0.4795
387	0.7023	0.7921	0.5342
388	0.6822	0.7735	0.5068
389	0.6743	0.7659	0.5479
390	0.6881	0.7832	0.5068
391	0.7119	0.7910	0.5342
392	0.7294	0.8218	0.4795
393	0.7097	0.8032	0.5068
394	0.6915	0.7862	0.5342
395	0.7254	0.8135	0.5342
396	0.7228	0.8110	0.4658
397	0.7164	0.8059	0.4932
398	0.7242	0.8083	0.5205
399	0.6894	0.7821	0.5068
400	0.7044	0.7950	0.4932
401	0.7245	0.8081	0.4932
402	0.6952	0.7811	0.5068
403	0.7427	0.8305	0.4658
404	0.7161	0.8066	0.5068
405	0.7438	0.8227	0.5205
406	0.7225	0.8070	0.5068
407	0.6897	0.7828	0.4521
408	0.7098	0.8032	0.5205
409	0.7240	0.8077	0.4932
410	0.7159	0.8073	0.4795
411	0.7454	0.8215	0.4932
412	0.6639	0.7600	0.4932
413	0.7040	0.7874	0.5342
414	0.7066	0.7859	0.4658
415	0.6726	0.7643	0.5205
416	0.6881	0.7811	0.5205
417	0.7513	0.8392	0.5068
418	0.7110	0.7926	0.4795
419	0.7478	0.8367	0.5753
420	0.7168	0.8062	0.5068
421	0.7005	0.7838	0.4932
422	0.6862	0.7765	0.5068
423	0.7362	0.8195	0.5205
424	0.7168	0.8015	0.4658
425	0.7119	0.8010	0.5342
426	0.7001	0.7907	0.5068
427	0.6859	0.7797	0.5068
428	0.7128	0.7966	0.5068
429	0.6737	0.7544	0.5205
430	0.6929	0.7831	0.5205
431	0.6790	0.7734	0.5205
432	0.7085	0.7903	0.5205
433	0.7003	0.7923	0.4658
434	0.7104	0.7946	0.5479
435	0.7174	0.7978	0.5205
436	0.7063	0.7884	0.5342
437	0.6901	0.7811	0.5068
438	0.7530	0.8392	0.5342
439	0.7301	0.8107	0.5342
440	0.6696	0.7542	0.4795
441	0.7035	0.7975	0.5068
442	0.6875	0.7732	0.5205
443	0.7286	0.8175	0.4932
444	0.6821	0.7658	0.5068
445	0.7381	0.8220	0.5479
446	0.7139	0.7988	0.5205
447	0.7058	0.7914	0.5205
448	0.6747	0.7588	0.4932
449	0.7404	0.8174	0.5342
450	0.6982	0.7888	0.4932
451	0.7151	0.8074	0.4932
452	0.7042	0.7867	0.5205
453	0.7121	0.8042	0.5616
454	0.6710	0.7593	0.5342
455	0.7326	0.8164	0.4658
456	0.7146	0.8080	0.4932
457	0.6933	0.7790	0.4795
458	0.7177	0.8065	0.4932
459	0.6891	0.7759	0.5342
460	0.7265	0.8044	0.5342
461	0.7347	0.8222	0.5205
462	0.7398	0.8191	0.5479
463	0.7204	0.8095	0.5205
464	0.7526	0.8329	0.5479
465	0.7155	0.8045	0.5068
466	0.7092	0.7992	0.4932
467	0.6927	0.7869	0.5068
468	0.7401	0.8280	0.4521
469	0.6930	0.7791	0.4932
470	0.7159	0.7976	0.5068
471	0.6990	0.7837	0.4932
472	0.7142	0.7949	0.5205
473	0.7267	0.8191	0.4932
474	0.6880	0.7818	0.4795
475	0.7104	0.8037	0.5342
476	0.7099	0.7939	0.5342
477	0.6759	0.7632	0.5205
478	0.6925	0.7855	0.5068
479	0.7194	0.8116	0.5342
480	0.7442	0.8323	0.5068
481	0.6840	0.7753	0.5068
482	0.7225	0.8036	0.4658
483	0.6688	0.7637	0.5068
484	0.6949	0.7894	0.5205
485	0.6902	0.7818	0.4384
486	0.6812	0.7657	0.5068
487	0.6933	0.7734	0.4932
488	0.7214	0.8123	0.5068
489	0.7228	0.8123	0.4795
490	0.7385	0.8280	0.5068
491	0.6773	0.7640	0.5068
492	0.6836	0.7707	0.5068
493	0.6822	0.7658	0.5068
494	0.6951	0.7858	0.5068
495	0.7008	0.7856	0.4932
496	0.7108	0.7962	0.4932
497	0.6961	0.7779	0.5068
498	0.6943	0.7799	0.5068
499	0.7077	0.7971	0.5068
500	0.6946	0.7806	0.5068
501	0.6963	0.7758	0.5068
502	0.7035	0.7832	0.4932
503	0.6854	0.7769	0.4932
504	0.6931	0.7870	0.5479
505	0.6968	0.7868	0.4932
506	0.6969	0.7831	0.5616
507	0.7323	0.8240	0.4932
508	0.7110	0.8042	0.5205
509	0.7294	0.8075	0.4795
510	0.7584	0.8343	0.4795
511	0.7169	0.8103	0.4932
512	0.7018	0.7870	0.5068
513	0.7111	0.7929	0.5068
514	0.6772	0.7691	0.4795
515	0.7322	0.8161	0.5342
516	0.6929	0.7839	0.5342
517	0.6864	0.7668	0.5068
518	0.7250	0.8030	0.5205
519	0.7490	0.8249	0.5479
520	0.7063	0.7906	0.5205
521	0.7286	0.8129	0.4795
522	0.6951	0.7811	0.5205
523	0.7587	0.8482	0.5342
524	0.7046	0.7868	0.5479
525	0.7013	0.7859	0.5068
526	0.6995	0.7847	0.4795
527	0.7322	0.8200	0.5068
528	0.6885	0.7824	0.5205
529	0.6990	0.7842	0.5205
530	0.7122	0.7962	0.5068
531	0.7193	0.8122	0.4932
532	0.7363	0.8237	0.5068
533	0.6732	0.7586	0.5342
534	0.7124	0.7912	0.5205
535	0.6994	0.7926	0.5342
536	0.7437	0.8321	0.5342
537	0.7185	0.7995	0.4932
538	0.6634	0.7519	0.5205
539	0.6965	0.7760	0.5342
540	0.7107	0.7964	0.4521
541	0.7005	0.7938	0.5342
542	0.7151	0.8005	0.5068
543	0.6935	0.7790	0.5342
544	0.6802	0.7744	0.4795
545	0.7322	0.8128	0.5616
546	0.7030	0.7957	0.4795
547	0.7347	0.8230	0.5342
548	0.6479	0.7452	0.5205
549	0.7111	0.8010	0.4658
550	0.7049	0.7952	0.4658
551	0.6564	0.7498	0.5205
552	0.7173	0.8088	0.5205
553	0.6839	0.7647	0.4658
554	0.6759	0.7673	0.4932
555	0.6956	0.7869	0.5342
556	0.6872	0.7714	0.4932
557	0.7056	0.7848	0.5068
558	0.7087	0.8025	0.4932
559	0.6804	0.7716	0.5068
560	0.6984	0.7909	0.4521
561	0.6920	0.7870	0.5479
562	0.7090	0.7901	0.5342
563	0.6741	0.7655	0.5068
564	0.6843	0.7667	0.5342
565	0.6870	0.7667	0.5342
566	0.7447	0.8313	0.5068
567	0.6797	0.7656	0.5205
568	0.6835	0.7641	0.5205
569	0.7243	0.8079	0.5068
570	0.6877	0.7811	0.5068
571	0.6716	0.7585	0.5342
572	0.7090	0.7877	0.4932
573	0.7513	0.8395	0.5205
574	0.7054	0.7967	0.4795
575	0.7018	0.7917	0.5342
576	0.7391	0.8203	0.5479
577	0.7395	0.8230	0.5205
578	0.7221	0.8054	0.4932
579	0.7020	0.7942	0.4932
580	0.6642	0.7463	0.5068
581	0.6955	0.7862	0.5342
582	0.7010	0.7916	0.4932
583	0.6900	0.7809	0.5205
584	0.6923	0.7752	0.4658
585	0.7100	0.7895	0.5205
586	0.6832	0.7782	0.5068
587	0.6860	0.7774	0.5068
588	0.7010	0.7953	0.5205
589	0.7381	0.8186	0.5342
590	0.7559	0.8385	0.4932
591	0.6944	0.7848	0.4658
592	0.6872	0.7733	0.5205
593	0.7299	0.8071	0.5068
594	0.7299	0.8205	0.4795
595	0.7340	0.8248	0.4932
596	0.6666	0.7483	0.5205
597	0.7012	0.7906	0.5068
598	0.7314	0.8158	0.4658
599	0.6980	0.7876	0.5205
600	0.7476	0.8242	0.4795
601	0.6864	0.7799	0.4932
602	0.6865	0.7722	0.4932
603	0.7135	0.7988	0.4932
604	0.7134	0.7958	0.4795
605	0.7060	0.7921	0.4932
606	0.7266	0.8150	0.5068
607	0.7060	0.7907	0.4795
608	0.7529	0.8395	0.4932
609	0.6944	0.7800	0.4795
610	0.7171	0.8059	0.5068
611	0.7247	0.8149	0.5068
612	0.6887	0.7793	0.5068
613	0.7103	0.8036	0.5068
614	0.6960	0.7791	0.5068
615	0.7290	0.8180	0.4932
616	0.7193	0.7997	0.4795
617	0.7107	0.7893	0.4521
618	0.6958	0.7789	0.4795
619	0.7182	0.7966	0.5616
620	0.7013	0.7839	0.4521
621	0.7099	0.7941	0.4932
622	0.7291	0.8176	0.5068
623	0.7190	0.8102	0.4795
624	0.6943	0.7851	0.5205
625	0.6887	0.7754	0.4932
626	0.7173	0.7958	0.4795
627	0.6670	0.7607	0.4932
628	0.7086	0.7977	0.4795
629	0.7182	0.7999	0.4932
630	0.7091	0.8029	0.5205
631	0.7112	0.8027	0.5479
632	0.6889	0.7825	0.5068
633	0.6930	0.7877	0.5205
634	0.7069	0.8006	0.5068
635	0.7213	0.8063	0.4932
636	0.7045	0.7985	0.5068
637	0.7170	0.8013	0.5342
638	0.7183	0.8071	0.5068
639	0.7447	0.8361	0.5616
640	0.6850	0.7791	0.5068
641	0.6933	0.7872	0.5068
642	0.7141	0.8048	0.4932
643	0.6935	0.7843	0.5342
644	0.6853	0.7716	0.5342
645	0.7034	0.7857	0.4795
646	0.6841	0.7755	0.5479
647	0.6932	0.7774	0.5342
648	0.7289	0.8170	0.4658
649	0.7012	0.7944	0.5068
650	0.7202	0.7986	0.4932
651	0.7167	0.8085	0.4932
652	0.6917	0.7830	0.5753
653	0.7125	0.8030	0.5205
654	0.7156	0.8049	0.5479
655	0.6844	0.7645	0.5342
656	0.7124	0.8046	0.4658
657	0.6834	0.7745	0.5342
658	0.6857	0.7659	0.5342
659	0.7365	0.8155	0.4795
660	0.7370	0.8181	0.5068
661	0.7308	0.8188	0.5068
662	0.6899	0.7765	0.5068
663	0.6760	0.7673	0.5342
664	0.6887	0.7836	0.4932
665	0.6924	0.7754	0.5342
666	0.6923	0.7785	0.5342
667	0.6902	0.7807	0.5342
668	0.6996	0.7920	0.5342
669	0.6777	0.7640	0.4932
670	0.7053	0.7972	0.5342
671	0.7036	0.7830	0.4932
672	0.7104	0.7896	0.5205
673	0.6755	0.7566	0.5068
674	0.7080	0.7899	0.5068
675	0.6926	0.7783	0.5205
676	0.6997	0.7826	0.4932
677	0.7228	0.8114	0.4932
678	0.7171	0.8086	0.4932
679	0.6840	0.7780	0.5068
680	0.7434	0.8308	0.5068
681	0.6989	0.7815	0.5479
682	0.7458	0.8253	0.5068
683	0.7018	0.7954	0.5068
684	0.6713	0.7553	0.4932
685	0.7323	0.8095	0.5479
686	0.6832	0.7781	0.4932
687	0.7731	0.8481	0.4932
688	0.7264	0.8176	0.4658
689	0.6955	0.7864	0.5205
690	0.7152	0.8080	0.5342
691	0.7115	0.7898	0.5068
692	0.7458	0.8362	0.5205
693	0.7081	0.7940	0.4932
694	0.7532	0.8293	0.5205
695	0.6814	0.7624	0.5342
696	0.7133	0.7979	0.4795
697	0.6769	0.7639	0.5205
698	0.7266	0.8108	0.5342
699	0.7083	0.7903	0.5205
700	0.7296	0.8171	0.4795
701	0.7319	0.8095	0.5342
702	0.6778	0.7646	0.5342
703	0.7326	0.8129	0.5342
704	0.6900	0.7831	0.5342
705	0.7186	0.8094	0.5479
706	0.6982	0.7923	0.5479
707	0.6851	0.7755	0.5342
708	0.6994	0.7922	0.4658
709	0.6964	0.7899	0.4795
710	0.6777	0.7656	0.5616
711	0.6851	0.7659	0.5205
712	0.6870	0.7736	0.5205
713	0.6853	0.7800	0.4795
714	0.6882	0.7715	0.5205
715	0.6889	0.7729	0.4932
716	0.7516	0.8382	0.5068
717	0.7246	0.8128	0.5342
718	0.7158	0.8047	0.5068
719	0.7650	0.8540	0.5890
720	0.7061	0.7987	0.4932
721	0.7200	0.8117	0.5068
722	0.6935	0.7855	0.5068
723	0.6944	0.7774	0.5205
724	0.7071	0.7880	0.4658
725	0.7031	0.7929	0.5068
726	0.7135	0.8058	0.5068
727	0.6831	0.7638	0.4795
728	0.7021	0.7963	0.5068
729	0.6877	0.7710	0.5205
730	0.6865	0.7729	0.5205
731	0.7171	0.8063	0.5068
732	0.6941	0.7848	0.5205
733	0.6803	0.7731	0.5205
734	0.6778	0.7694	0.5616
735	0.7428	0.8306	0.5342
736	0.7037	0.7933	0.5205
737	0.6915	0.7735	0.5205
738	0.6779	0.7692	0.4932
739	0.7305	0.8225	0.5205
740	0.7133	0.8054	0.5342
741	0.7413	0.8177	0.5205
742	0.6683	0.7528	0.5068
743	0.7273	0.8108	0.5068
744	0.7217	0.8000	0.5479
745	0.7078	0.7868	0.5205
746	0.6935	0.7764	0.5205
747	0.7083	0.7983	0.5205
748	0.7161	0.8055	0.5068
749	0.7349	0.8142	0.4384
750	0.7576	0.8477	0.5342
751	0.6760	0.7600	0.5205
752	0.7216	0.7993	0.5205
753	0.6950	0.7869	0.5205
754	0.7374	0.8146	0.5068
755	0.6946	0.7814	0.4932
756	0.7259	0.8162	0.5068
757	0.6736	0.7580	0.5205
758	0.7352	0.8156	0.4795
759	0.7030	0.7948	0.4932
760	0.7145	0.7931	0.4932
761	0.6972	0.7882	0.5479
762	0.6940	0.7845	0.4932
763	0.7001	0.7819	0.4932
764	0.7475	0.8293	0.5068
765	0.7294	0.8127	0.4795
766	0.7111	0.8044	0.5068
767	0.7226	0.8138	0.5068
768	0.6904	0.7709	0.4932
769	0.7163	0.8061	0.5068
770	0.6930	0.7790	0.5068
771	0.6796	0.7752	0.4932
772	0.6851	0.7768	0.5068
773	0.7315	0.8156	0.5479
774	0.7393	0.8296	0.5068
775	0.7036	0.7861	0.4795
776	0.6865	0.7797	0.4795
777	0.7495	0.8311	0.4795
778	0.7018	0.7917	0.4795
779	0.7097	0.7886	0.4521
780	0.6918	0.7738	0.5479
781	0.7222	0.8132	0.5616
782	0.7225	0.8041	0.4795
783	0.6944	0.7878	0.5479
784	0.6785	0.7635	0.5205
785	0.7320	0.8164	0.4521
786	0.7296	0.8102	0.5068
787	0.7339	0.8245	0.5205
788	0.7011	0.7873	0.5342
789	0.7091	0.7985	0.5342
790	0.7094	0.7913	0.4932
791	0.6908	0.7813	0.5068
792	0.6875	0.7826	0.4932
793	0.6925	0.7834	0.5068
794	0.7237	0.8046	0.5616
795	0.7017	0.7834	0.5205
796	0.6980	0.7906	0.5068
797	0.6846	0.7760	0.4932
798	0.7312	0.8217	0.4795
799	0.6986	0.7913	0.5205
800	0.7414	0.8209	0.4521
801	0.6953	0.7855	0.4932
802	0.6938	0.7766	0.5068
803	0.6956	0.7874	0.5068
804	0.7133	0.8025	0.4521
805	0.6794	0.7665	0.4795
806	0.6889	0.7756	0.4795
807	0.7216	0.8027	0.5205
808	0.6741	0.7656	0.5205
809	0.6753	0.7682	0.5068
810	0.7459	0.8284	0.5479
811	0.7403	0.8285	0.4932
812	0.7039	0.7946	0.4795
813	0.7244	0.8045	0.5479
814	0.7003	0.7798	0.4795
815	0.7180	0.7995	0.5068
816	0.7229	0.8157	0.5068
817	0.6984	0.7880	0.4932
818	0.7242	0.8052	0.5205
819	0.7194	0.8088	0.5068
820	0.6845	0.7650	0.5205
821	0.7375	0.8188	0.5205
822	0.7327	0.8210	0.5068
823	0.6822	0.7777	0.5479
824	0.6909	0.7769	0.5068
825	0.7191	0.7974	0.5205
826	0.7110	0.8025	0.5205
827	0.7248	0.8126	0.5205
828	0.7521	0.8320	0.4932
829	0.7237	0.8116	0.4932
830	0.6841	0.7697	0.5068
831	0.6980	0.7814	0.5342
832	0.7482	0.8376	0.4932
833	0.7113	0.7968	0.5205
834	0.7365	0.8282	0.4932
835	0.7165	0.7991	0.4795
836	0.7379	0.8183	0.5068
837	0.6906	0.7818	0.5342
838	0.6662	0.7517	0.4795
839	0.7145	0.7996	0.4658
840	0.7042	0.7864	0.4795
841	0.7300	0.8224	0.4932
842	0.6842	0.7708	0.4658
843	0.7577	0.8335	0.5205
844	0.6827	0.7675	0.5205
845	0.6749	0.7703	0.4795
846	0.7061	0.7910	0.5205
847	0.7165	0.8017	0.4932
848	0.7006	0.7799	0.5479
849	0.7084	0.8003	0.4932
850	0.6801	0.7610	0.4795
851	0.7343	0.8245	0.5068
852	0.6605	0.7421	0.5342
853	0.7139	0.8075	0.5479
854	0.7022	0.7954	0.5479
855	0.7003	0.7903	0.4521
856	0.6928	0.7786	0.5068
857	0.6824	0.7624	0.5342
858	0.6943	0.7801	0.5753
859	0.7300	0.8071	0.5479
860	0.6953	0.7869	0.4795
861	0.6800	0.7667	0.5479
862	0.7008	0.7804	0.5342
863	0.6957	0.7866	0.4932
864	0.7155	0.8002	0.5068
865	0.6905	0.7846	0.5342
866	0.6655	0.7599	0.4932
867	0.7009	0.7948	0.5068
868	0.7352	0.8247	0.4932
869	0.6907	0.7741	0.5479
870	0.6742	0.7682	0.5205
871	0.7046	0.7861	0.5616
872	0.7046	0.7834	0.4932
873	0.7298	0.8185	0.5068
874	0.7092	0.7947	0.5342
875	0.6893	0.7831	0.5342
876	0.7385	0.8222	0.5205
877	0.7181	0.7966	0.5068
878	0.6921	0.7859	0.5205
879	0.7125	0.8017	0.5205
880	0.6993	0.7927	0.5068
881	0.7301	0.8179	0.5479
882	0.7068	0.7990	0.5205
883	0.6985	0.7929	0.4932
884	0.6907	0.7852	0.5342
885	0.7071	0.7993	0.5205
886	0.6903	0.7816	0.4932
887	0.6815	0.7726	0.5068
888	0.6941	0.7780	0.5068
889	0.7562	0.8432	0.4795
890	0.7276	0.8161	0.4932
891	0.6995	0.7843	0.5342
892	0.7068	0.7889	0.4521
893	0.7120	0.8010	0.5479
894	0.6940	0.7878	0.5479
895	0.6665	0.7548	0.4932
896	0.6715	0.7658	0.4932
897	0.7198	0.8118	0.5205
898	0.7374	0.8149	0.4932
899	0.7060	0.7852	0.5342
900	0.7382	0.8273	0.4795
901	0.6951	0.7896	0.5068
902	0.7413	0.8325	0.4795
903	0.7436	0.8245	0.5068
904	0.6793	0.7663	0.5205
905	0.7013	0.7928	0.4932
906	0.7301	0.8107	0.4795
907	0.7359	0.8235	0.4932
908	0.7021	0.7871	0.5068
909	0.7093	0.7920	0.5205
910	0.6886	0.7717	0.4795
911	0.7012	0.7929	0.4932
912	0.6891	0.7694	0.4795
913	0.6969	0.7903	0.4932
914	0.7343	0.8225	0.5068
915	0.7100	0.7945	0.5753
916	0.6817	0.7624	0.4932
917	0.7321	0.8149	0.5068
918	0.7249	0.8082	0.5479
919	0.6876	0.7810	0.5205
920	0.6712	0.7590	0.5205
921	0.7003	0.7798	0.4932
922	0.7040	0.7885	0.4932
923	0.7047	0.7892	0.4932
924	0.6949	0.7806	0.4932
925	0.6996	0.7912	0.4658
926	0.7167	0.7952	0.4795
927	0.7167	0.8003	0.5342
928	0.6783	0.7716	0.5068
929	0.7045	0.7869	0.5068
930	0.6875	0.7744	0.5342
931	0.6914	0.7827	0.4521
932	0.6976	0.7777	0.5068
933	0.7213	0.8049	0.5205
934	0.7092	0.8018	0.5205
935	0.7508	0.8323	0.4795
936	0.6890	0.7802	0.4795
937	0.7536	0.8445	0.5205
938	0.7004	0.7828	0.5068
939	0.7266	0.8076	0.4932
940	0.6605	0.7480	0.5205
941	0.7153	0.8084	0.4795
942	0.7171	0.8057	0.5342
943	0.6874	0.7678	0.5205
944	0.7174	0.7996	0.4932
945	0.6978	0.7904	0.5068
946	0.7380	0.8266	0.4795
947	0.7153	0.7980	0.4795
948	0.7114	0.8036	0.5342
949	0.6980	0.7893	0.4932
950	0.7011	0.7871	0.5068
951	0.7024	0.7818	0.4932
952	0.7175	0.8062	0.5068
953	0.7320	0.8099	0.5205
954	0.7101	0.7919	0.4795
955	0.6965	0.7906	0.5068
956	0.7224	0.8103	0.4795
957	0.6947	0.7879	0.4658
958	0.7123	0.7967	0.4932
959	0.7072	0.7884	0.5068
960	0.7118	0.8023	0.5342
961	0.7127	0.8019	0.5205
962	0.7258	0.8146	0.6027
963	0.6798	0.7749	0.5205
964	0.6988	0.7893	0.4932
965	0.7209	0.8101	0.5068
966	0.6877	0.7683	0.4795
967	0.7090	0.8026	0.4932
968	0.7031	0.7826	0.5068
969	0.6758	0.7635	0.5068
970	0.7066	0.7991	0.5342
971	0.7283	0.8208	0.4795
972	0.7387	0.8226	0.4795
973	0.6907	0.7709	0.4932
974	0.7063	0.7981	0.4795
975	0.7106	0.7956	0.5205
976	0.7201	0.8090	0.4932
977	0.7346	0.8153	0.5205
978	0.6986	0.7778	0.4795
979	0.7026	0.7964	0.4795
980	0.7007	0.7952	0.5205
981	0.7300	0.8207	0.4932
982	0.7054	0.7877	0.5342
983	0.7509	0.8328	0.5616
984	0.6939	0.7848	0.5068
985	0.6964	0.7823	0.4932
986	0.7260	0.8183	0.4932
987	0.7186	0.8106	0.5205
988	0.7221	0.8138	0.5068
989	0.7013	0.7927	0.5068
990	0.7447	0.8265	0.5068
991	0.6752	0.7558	0.4932
992	0.6914	0.7820	0.5068
993	0.7011	0.7908	0.5205
994	0.6970	0.7807	0.5342
995	0.7030	0.7961	0.5205
996	0.7197	0.8010	0.5068
997	0.6866	0.7775	0.5342
998	0.7136	0.8040	0.4658
999	0.7489	0.8377	0.4247
1000	0.6884	0.7816	0.4932
1001	0.6957	0.7875	0.5205
1002	0.7016	0.7934	0.5342
1003	0.7100	0.8031	0.4795
1004	0.7318	0.8088	0.5342
1005	0.7627	0.8413	0.5342
1006	0.7134	0.8066	0.5342
1007	0.6848	0.7787	0.4932
1008	0.6995	0.7795	0.4795
1009	0.7264	0.8184	0.5205
1010	0.6987	0.7900	0.5068
1011	0.7149	0.8068	0.4932
1012	0.7293	0.8101	0.4658
1013	0.6975	0.7801	0.4932
1014	0.7081	0.7904	0.5342
1015	0.6978	0.7768	0.5205
1016	0.7125	0.8049	0.4932
1017	0.7324	0.8119	0.5205
1018	0.7144	0.7972	0.5205
1019	0.7487	0.8320	0.4795
1020	0.6998	0.7938	0.5205
1021	0.7064	0.7975	0.4932
1022	0.7512	0.8301	0.5068
1023	0.7171	0.7985	0.4795
1024	0.7237	0.8146	0.4932
1025	0.7042	0.7934	0.4932
1026	0.7394	0.8272	0.5068
1027	0.6775	0.7646	0.5068
1028	0.7264	0.8111	0.4932
1029	0.6851	0.7798	0.4795
1030	0.7149	0.8074	0.5068
1031	0.7049	0.7842	0.5205
1032	0.6915	0.7748	0.5205
1033	0.7369	0.8289	0.5479
1034	0.7084	0.7869	0.4658
1035	0.6962	0.7899	0.5616
1036	0.7135	0.7981	0.5205
1037	0.7034	0.7963	0.5342
1038	0.7379	0.8255	0.5068
1039	0.6870	0.7821	0.4658
1040	0.7348	0.8116	0.4658
1041	0.6888	0.7837	0.5205
1042	0.6700	0.7571	0.5068
1043	0.7121	0.7909	0.5205
1044	0.7053	0.7847	0.5068
1045	0.6984	0.7822	0.4932
1046	0.7421	0.8219	0.4521
1047	0.7043	0.7941	0.4932
1048	0.7319	0.8205	0.5205
1049	0.7499	0.8394	0.5068
1050	0.7115	0.7925	0.5068
1051	0.7240	0.8073	0.4658
1052	0.6974	0.7824	0.5616
1053	0.7081	0.7903	0.5342
1054	0.7027	0.7853	0.5068
1055	0.7070	0.7930	0.4932
1056	0.7069	0.7973	0.4795
1057	0.7149	0.7967	0.4795
1058	0.7074	0.7926	0.5068
1059	0.6792	0.7739	0.5068
1060	0.6795	0.7645	0.5205
1061	0.6943	0.7848	0.5479
1062	0.6886	0.7796	0.5479
1063	0.6817	0.7619	0.5205
1064	0.7082	0.7914	0.4384
1065	0.7072	0.7927	0.5205
1066	0.6921	0.7772	0.5205
1067	0.7214	0.8123	0.5205
1068	0.6907	0.7829	0.5342
1069	0.6750	0.7672	0.4932
1070	0.7237	0.8142	0.4658
1071	0.6982	0.7887	0.4795
1072	0.7003	0.7827	0.4932
1073	0.7103	0.7893	0.4795
1074	0.6919	0.7722	0.5205
1075	0.7259	0.8139	0.4932
1076	0.7281	0.8201	0.5342
1077	0.7307	0.8191	0.5205
1078	0.6929	0.7840	0.5068
1079	0.7387	0.8180	0.4795
1080	0.7131	0.7966	0.5068
1081	0.7084	0.7975	0.5890
1082	0.6942	0.7851	0.4795
1083	0.7110	0.7919	0.5068
1084	0.6890	0.7796	0.4932
1085	0.6946	0.7882	0.4932
1086	0.6916	0.7857	0.5205
1087	0.6953	0.7855	0.4932
1088	0.7094	0.7944	0.4658
1089	0.7192	0.8121	0.5205
1090	0.7056	0.7901	0.4932
1091	0.7154	0.7959	0.5342
1092	0.7180	0.7993	0.4795
1093	0.7414	0.8285	0.4932
1094	0.6989	0.7805	0.5068
1095	0.7085	0.7915	0.5479
1096	0.7232	0.8016	0.5068
1097	0.7024	0.7946	0.5068
1098	0.6991	0.7782	0.5342
1099	0.6873	0.7741	0.5205
1100	0.7238	0.8072	0.5205
1101	0.7395	0.8230	0.5068
1102	0.7449	0.8326	0.4932
1103	0.7351	0.8179	0.5205
1104	0.7036	0.7929	0.4932
1105	0.6949	0.7806	0.5205
1106	0.6884	0.7829	0.4795
1107	0.7264	0.8155	0.5205
1108	0.7151	0.8074	0.5205
1109	0.7237	0.8163	0.5205
1110	0.7141	0.7924	0.4795
1111	0.7007	0.7832	0.4932
1112	0.7276	0.8201	0.4795
1113	0.7215	0.8034	0.5479
1114	0.6825	0.7762	0.4932
1115	0.7246	0.8052	0.4795
1116	0.7262	0.8155	0.4795
1117	0.7392	0.8194	0.4932
1118	0.7221	0.8064	0.4932
1119	0.7142	0.8073	0.5205
1120	0.7071	0.7913	0.5068
1121	0.7088	0.7900	0.5205
1122	0.6996	0.7930	0.4932
1123	0.6894	0.7836	0.5342
1124	0.6833	0.7773	0.4932
1125	0.6999	0.7860	0.4932
1126	0.7126	0.8033	0.4795
1127	0.6568	0.7493	0.4795
1128	0.7208	0.8032	0.4795
1129	0.7140	0.7960	0.5616
1130	0.7026	0.7927	0.4932
1131	0.6985	0.7903	0.5068
1132	0.7070	0.7913	0.5342
1133	0.7522	0.8428	0.5342
1134	0.6949	0.7889	0.5342
1135	0.6987	0.7848	0.5342
1136	0.7190	0.8078	0.5205
1137	0.7091	0.7875	0.4658
1138	0.7350	0.8180	0.5205
1139	0.6877	0.7793	0.5342
1140	0.7517	0.8383	0.4658
1141	0.6767	0.7688	0.5205
1142	0.7117	0.7967	0.5068
1143	0.7542	0.8407	0.4932
1144	0.7224	0.8071	0.5068
1145	0.7319	0.8123	0.4795
1146	0.7171	0.8017	0.4795
1147	0.6923	0.7724	0.5068
1148	0.7178	0.8096	0.4932
1149	0.7407	0.8228	0.4658
1150	0.7194	0.8094	0.5205
1151	0.6792	0.7704	0.5342
1152	0.7146	0.8045	0.5342
1153	0.6930	0.7786	0.4932
1154	0.7260	0.8076	0.5068
1155	0.7018	0.7809	0.4932
1156	0.7212	0.8050	0.5205
1157	0.7132	0.8018	0.5205
1158	0.6898	0.7844	0.5205
1159	0.7189	0.8116	0.5342
1160	0.7056	0.7947	0.4795
1161	0.7005	0.7858	0.5205
1162	0.6956	0.7791	0.5068
1163	0.7011	0.7870	0.5068
1164	0.6631	0.7584	0.5205
1165	0.7067	0.7957	0.5205
1166	0.6782	0.7690	0.4795
1167	0.7333	0.8107	0.5342
1168	0.7006	0.7868	0.4932
1169	0.6732	0.7571	0.5205
1170	0.6885	0.7745	0.5342
1171	0.7502	0.8409	0.5068
1172	0.7403	0.8271	0.5205
1173	0.6968	0.7871	0.5068
1174	0.6496	0.7471	0.4658
1175	0.6884	0.7756	0.4795
1176	0.7188	0.8115	0.5342
1177	0.7079	0.7871	0.4932
1178	0.7240	0.8074	0.4932
1179	0.7203	0.8016	0.5342
1180	0.7167	0.8020	0.5205
1181	0.7351	0.8181	0.4658
1182	0.6888	0.7820	0.5068
1183	0.7371	0.8184	0.5205
1184	0.6846	0.7750	0.5342
1185	0.6942	0.7794	0.4795
1186	0.7349	0.8120	0.5616
1187	0.6871	0.7818	0.5068
1188	0.6925	0.7723	0.5068
1189	0.6997	0.7849	0.5068
1190	0.7132	0.7977	0.4795
1191	0.7697	0.8553	0.5342
1192	0.6980	0.7842	0.5205
1193	0.6843	0.7778	0.4932
1194	0.6849	0.7765	0.5479
1195	0.7534	0.8349	0.5205
1196	0.6905	0.7852	0.4932
1197	0.6837	0.7696	0.5068
1198	0.7273	0.8088	0.5068
1199	0.6826	0.7738	0.4932
1200	0.7325	0.8247	0.4932
1201	0.6981	0.7879	0.5479
1202	0.7367	0.8249	0.4795
1203	0.7453	0.8353	0.5342
1204	0.7364	0.8256	0.4795
1205	0.6789	0.7731	0.4795
1206	0.7279	0.8185	0.5068
1207	0.7155	0.8008	0.5342
1208	0.7366	0.8175	0.5205
1209	0.7129	0.8040	0.5753
1210	0.7262	0.8174	0.5205
1211	0.7145	0.8059	0.5342
1212	0.7196	0.8106	0.5205
1213	0.7229	0.8028	0.4932
1214	0.7010	0.7834	0.5068
1215	0.7038	0.7851	0.5068
1216	0.7119	0.7955	0.4932
1217	0.7042	0.7894	0.4932
1218	0.6936	0.7865	0.5205
1219	0.7270	0.8100	0.4932
1220	0.7332	0.8175	0.5479
1221	0.6737	0.7651	0.4795
1222	0.7069	0.7914	0.5068
1223	0.6961	0.7868	0.5068
1224	0.7119	0.8021	0.4932
1225	0.7019	0.7923	0.4795
1226	0.7093	0.7936	0.4932
1227	0.6697	0.7509	0.5342
1228	0.7063	0.7987	0.5068
1229	0.6985	0.7848	0.5342
1230	0.7143	0.7930	0.5205
1231	0.7417	0.8333	0.5068
1232	0.7271	0.8103	0.5068
1233	0.7308	0.8206	0.5205
1234	0.6862	0.7735	0.5068
1235	0.7323	0.8205	0.4932
1236	0.7061	0.7912	0.5205
1237	0.7027	0.7816	0.5068
1238	0.7153	0.8048	0.5342
1239	0.6801	0.7603	0.5342
1240	0.6933	0.7765	0.4795
1241	0.7342	0.8149	0.4795
1242	0.7562	0.8459	0.4658
1243	0.7135	0.7955	0.5068
1244	0.7077	0.7863	0.4795
1245	0.7308	0.8126	0.4932
1246	0.7063	0.7886	0.4932
1247	0.7066	0.7855	0.5342
1248	0.7310	0.8187	0.5068
1249	0.7108	0.7998	0.5068
1250	0.6929	0.7762	0.5205
1251	0.6983	0.7837	0.4932
1252	0.7315	0.8144	0.4658
1253	0.6942	0.7846	0.5068
1254	0.6812	0.7681	0.5342
1255	0.7409	0.8237	0.5068
1256	0.7245	0.8128	0.5342
1257	0.6801	0.7712	0.4658
1258	0.7076	0.7908	0.5479
1259	0.7147	0.8077	0.4932
1260	0.7124	0.7969	0.4932
1261	0.7403	0.8282	0.5479
1262	0.7142	0.8076	0.5068
1263	0.6890	0.7688	0.4932
1264	0.7015	0.7876	0.5068
1265	0.7087	0.7927	0.4932
1266	0.6954	0.7809	0.5205
1267	0.7178	0.8095	0.4932
1268	0.7012	0.7950	0.5205
1269	0.7414	0.8285	0.5205
1270	0.6828	0.7769	0.4795
1271	0.7402	0.8232	0.4795
1272	0.6793	0.7714	0.4795
1273	0.7284	0.8119	0.4932
1274	0.6798	0.7710	0.4932
1275	0.7133	0.7972	0.4932
1276	0.7225	0.8110	0.4795
1277	0.7107	0.7995	0.5068
1278	0.7445	0.8268	0.4658
1279	0.6741	0.7555	0.5068
1280	0.7476	0.8385	0.4658
1281	0.7100	0.7890	0.4932
1282	0.7093	0.7931	0.5205
1283	0.7103	0.7914	0.4932
1284	0.7367	0.8136	0.4932
1285	0.6514	0.7468	0.5205
1286	0.7537	0.8347	0.5068
1287	0.6463	0.7288	0.5205
1288	0.6909	0.7828	0.4932
1289	0.6926	0.7795	0.5205
1290	0.7127	0.7952	0.5205
1291	0.7203	0.8088	0.5342
1292	0.7206	0.8040	0.5479
1293	0.7209	0.8114	0.4932
1294	0.7199	0.8047	0.5342
1295	0.7310	0.8226	0.5205
1296	0.6805	0.7644	0.4795
1297	0.7088	0.7947	0.4932
1298	0.7087	0.7943	0.5205
1299	0.7036	0.7958	0.5616
1300	0.7236	0.8119	0.4795
1301	0.7397	0.8309	0.5205
1302	0.7034	0.7930	0.4932
1303	0.6912	0.7818	0.4932
1304	0.7169	0.7951	0.4795
1305	0.6697	0.7647	0.4932
1306	0.6863	0.7670	0.5342
1307	0.6948	0.7895	0.5342
1308	0.6756	0.7597	0.5068
1309	0.7103	0.7892	0.5068
1310	0.7225	0.8148	0.4932
1311	0.7457	0.8333	0.5342
1312	0.6917	0.7817	0.4932
1313	0.6929	0.7858	0.4932
1314	0.7012	0.7872	0.4658
1315	0.7147	0.7999	0.5342
1316	0.7053	0.7948	0.4932
1317	0.6945	0.7855	0.5068
1318	0.7027	0.7850	0.5342
1319	0.7173	0.8069	0.4658
1320	0.7318	0.8195	0.5616
1321	0.7310	0.8210	0.5068
1322	0.6754	0.7676	0.5205
1323	0.6865	0.7814	0.5068
1324	0.7121	0.7966	0.5068
1325	0.7054	0.7905	0.5068
1326	0.7383	0.8291	0.5205
1327	0.7038	0.7976	0.5342
1328	0.6897	0.7804	0.5068
1329	0.7145	0.8073	0.5479
1330	0.7235	0.8157	0.4932
1331	0.6861	0.7767	0.4932
1332	0.7115	0.8043	0.4932
1333	0.7140	0.7993	0.5205
1334	0.7159	0.8073	0.5205
1335	0.6956	0.7885	0.5479
1336	0.6976	0.7875	0.5068
1337	0.7068	0.7967	0.4932
1338	0.7000	0.7848	0.4932
1339	0.6872	0.7714	0.5753
1340	0.6978	0.7880	0.5205
1341	0.7084	0.8022	0.5205
1342	0.7281	0.8098	0.5205
1343	0.7205	0.8136	0.5342
1344	0.7237	0.8122	0.5342
1345	0.6815	0.7618	0.5342
1346	0.6920	0.7835	0.5068
1347	0.7254	0.8146	0.5205
1348	0.7083	0.7940	0.5068
1349	0.7307	0.8212	0.4658
1350	0.7010	0.7910	0.4932
1351	0.6961	0.7777	0.4795
1352	0.6590	0.7529	0.4932
1353	0.7324	0.8232	0.5479
1354	0.6998	0.7812	0.5068
1355	0.6930	0.7835	0.4932
1356	0.6748	0.7667	0.5205
1357	0.6947	0.7875	0.4932
1358	0.7023	0.7885	0.5068
1359	0.7143	0.7992	0.5205
1360	0.7030	0.7957	0.5616
1361	0.7079	0.7921	0.4795
1362	0.6863	0.7662	0.5205
1363	0.6993	0.7931	0.5205
1364	0.6972	0.7899	0.4932
1365	0.7409	0.8311	0.4795
1366	0.6763	0.7607	0.5068
1367	0.6863	0.7668	0.5342
1368	0.7057	0.7950	0.4521
1369	0.6923	0.7840	0.4932
1370	0.6869	0.7738	0.5205
1371	0.6909	0.7815	0.5068
1372	0.7183	0.8028	0.5205
1373	0.7137	0.8035	0.4795
1374	0.7296	0.8210	0.4932
1375	0.6876	0.7737	0.4932
1376	0.7025	0.7860	0.5205
1377	0.6862	0.7776	0.4795
1378	0.6971	0.7800	0.5479
1379	0.7277	0.8084	0.4795
1380	0.7167	0.8092	0.5205
1381	0.6987	0.7887	0.5616
1382	0.6870	0.7713	0.4795
1383	0.6875	0.7698	0.5068
1384	0.6906	0.7769	0.4795
1385	0.7004	0.7945	0.4795
1386	0.7104	0.7891	0.4795
1387	0.6947	0.7890	0.5479
1388	0.6831	0.7657	0.4932
1389	0.7216	0.8128	0.5342
1390	0.6999	0.7921	0.4932
1391	0.7394	0.8270	0.4932
1392	0.6990	0.7828	0.5068
1393	0.6923	0.7763	0.4932
1394	0.6964	0.7899	0.5068
1395	0.6649	0.7579	0.5205
1396	0.6999	0.7825	0.5205
1397	0.7030	0.7925	0.5068
1398	0.6883	0.7793	0.4658
1399	0.6829	0.7688	0.4932
1400	0.7369	0.8207	0.5068
1401	0.6946	0.7810	0.5205
1402	0.7106	0.7932	0.5068
1403	0.7892	0.8750	0.5342
1404	0.6986	0.7904	0.5616
1405	0.7003	0.7907	0.4521
1406	0.7332	0.8166	0.5342
1407	0.7110	0.8047	0.5342
1408	0.7106	0.8023	0.5205
1409	0.7118	0.8004	0.5068
1410	0.7087	0.7980	0.5616
1411	0.7482	0.8358	0.4795
1412	0.7173	0.7951	0.5068
1413	0.7365	0.8135	0.5205
1414	0.6788	0.7649	0.4932
1415	0.7127	0.8059	0.4932
1416	0.7138	0.7986	0.5068
1417	0.7271	0.8194	0.4932
1418	0.7515	0.8408	0.4932
1419	0.7176	0.8084	0.4658
1420	0.6882	0.7814	0.4932
1421	0.6864	0.7788	0.4795
1422	0.7100	0.7941	0.4795
1423	0.7019	0.7959	0.5479
1424	0.6949	0.7884	0.4932
1425	0.7188	0.8075	0.4932
1426	0.6708	0.7524	0.4795
1427	0.7113	0.8004	0.4795
1428	0.6952	0.7859	0.4932
1429	0.7024	0.7819	0.5616
1430	0.7057	0.7875	0.5068
1431	0.6876	0.7713	0.5205
1432	0.7033	0.7966	0.4932
1433	0.7072	0.7927	0.4932
1434	0.7346	0.8186	0.4932
1435	0.7150	0.8060	0.4795
1436	0.7224	0.8117	0.4932
1437	0.7189	0.8021	0.5479
1438	0.7194	0.8036	0.5205
1439	0.6991	0.7787	0.5068
1440	0.6667	0.7479	0.5479
1441	0.7109	0.8027	0.5205
1442	0.7168	0.8056	0.4932
1443	0.7387	0.8220	0.4932
1444	0.7156	0.7963	0.5205
1445	0.6870	0.7816	0.4658
1446	0.7138	0.7927	0.5479
1447	0.7170	0.7986	0.5616
1448	0.6938	0.7786	0.5753
1449	0.6920	0.7787	0.5068
1450	0.6831	0.7754	0.4795
1451	0.6923	0.7833	0.5205
1452	0.7161	0.8049	0.4658
1453	0.7314	0.8199	0.5205
1454	0.6969	0.7876	0.5068
1455	0.7271	0.8089	0.5068
1456	0.7333	0.8174	0.5479
1457	0.6674	0.7517	0.5068
1458	0.7271	0.8166	0.5342
1459	0.6688	0.7557	0.5205
1460	0.6924	0.7830	0.5068
1461	0.6879	0.7751	0.4932
1462	0.6803	0.7613	0.4795
1463	0.6829	0.7672	0.5342
1464	0.7066	0.7917	0.5753
1465	0.6735	0.7688	0.5205
1466	0.7005	0.7860	0.5479
1467	0.7285	0.8205	0.5068
1468	0.7164	0.7949	0.5342
1469	0.6865	0.7773	0.4932
1470	0.7287	0.8191	0.5753
1471	0.7075	0.7897	0.5342
1472	0.7428	0.8196	0.4658
1473	0.7517	0.8275	0.4932
1474	0.7120	0.7974	0.4658
1475	0.6963	0.7803	0.4932
1476	0.7155	0.7970	0.4932
1477	0.7061	0.7908	0.4795
1478	0.6884	0.7748	0.5068
1479	0.6961	0.7761	0.5342
1480	0.6650	0.7527	0.4658
1481	0.6785	0.7590	0.4795
1482	0.7159	0.7975	0.4658
1483	0.6888	0.7795	0.5205
1484	0.6937	0.7884	0.5342
1485	0.7011	0.7934	0.5068
1486	0.6658	0.7534	0.4932
1487	0.6979	0.7905	0.4932
1488	0.7124	0.8055	0.4521
1489	0.7170	0.7954	0.5479
1490	0.6914	0.7736	0.5205
1491	0.6859	0.7807	0.5068
1492	0.7032	0.7892	0.4932
1493	0.6889	0.7793	0.5068
1494	0.7157	0.7969	0.4658
1495	0.7072	0.7966	0.5342
1496	0.7056	0.7886	0.4932
1497	0.7101	0.8002	0.4932
1498	0.6972	0.7871	0.4932
1499	0.6989	0.7903	0.5342
1500	0.6972	0.7880	0.5205
1501	0.6907	0.7742	0.4795
1502	0.7280	0.8159	0.4795
1503	0.6692	0.7556	0.4795
1504	0.7295	0.8208	0.4795
1505	0.6652	0.7599	0.5205
1506	0.7023	0.7921	0.4795
1507	0.6873	0.7714	0.5205
1508	0.7057	0.7993	0.4932
1509	0.6799	0.7666	0.5616
1510	0.6992	0.7856	0.5068
1511	0.7131	0.7937	0.5205
1512	0.7494	0.8312	0.5342
1513	0.6955	0.7813	0.5068
1514	0.6730	0.7608	0.5068
1515	0.6994	0.7790	0.5342
1516	0.7062	0.8001	0.5342
1517	0.7183	0.8068	0.5205
1518	0.7396	0.8295	0.4932
1519	0.6924	0.7856	0.5205
1520	0.7548	0.8331	0.5616
1521	0.7004	0.7902	0.5205
1522	0.6936	0.7788	0.5753
1523	0.6802	0.7644	0.5479
1524	0.7131	0.7916	0.5616
1525	0.6858	0.7770	0.4795
1526	0.7051	0.7894	0.5205
1527	0.7221	0.8148	0.4658
1528	0.7227	0.8150	0.4932
1529	0.6894	0.7760	0.5205
1530	0.7141	0.7965	0.4658
1531	0.6958	0.7888	0.4932
1532	0.6814	0.7644	0.5205
1533	0.7303	0.8142	0.4932
1534	0.7336	0.8105	0.4932
1535	0.7438	0.8339	0.5616
1536	0.6987	0.7839	0.4932
1537	0.6937	0.7874	0.4795
1538	0.7260	0.8148	0.5068
1539	0.7123	0.7972	0.5068
1540	0.7051	0.7866	0.4521
1541	0.7244	0.8136	0.5205
1542	0.6995	0.7892	0.4932
1543	0.6780	0.7696	0.5068
1544	0.7044	0.7977	0.4795
1545	0.7036	0.7932	0.4932
1546	0.6987	0.7834	0.4932
1547	0.7038	0.7963	0.5479
1548	0.7397	0.8189	0.4795
1549	0.7095	0.7993	0.4795
1550	0.7091	0.7910	0.4795
1551	0.7167	0.8069	0.5205
1552	0.7002	0.7854	0.5068
1553	0.7329	0.8141	0.4795
1554	0.7125	0.7968	0.4932
1555	0.7091	0.7938	0.4521
1556	0.6872	0.7805	0.5068
1557	0.7176	0.8088	0.5342
1558	0.7114	0.8050	0.5068
1559	0.6897	0.7736	0.4932
1560	0.7116	0.8054	0.4932
1561	0.6947	0.7892	0.5205
1562	0.6939	0.7798	0.5068
1563	0.7378	0.8287	0.5205
1564	0.6986	0.7932	0.4932
1565	0.7148	0.8075	0.5205
1566	0.7418	0.8238	0.5068
1567	0.7021	0.7884	0.4795
1568	0.7122	0.7967	0.5205
1569	0.6934	0.7842	0.4932
1570	0.6845	0.7710	0.5479
1571	0.6907	0.7775	0.5068
1572	0.7191	0.7976	0.5342
1573	0.7153	0.7996	0.4932
1574	0.7334	0.8225	0.5068
1575	0.6877	0.7787	0.4932
1576	0.7097	0.7924	0.5068
1577	0.7171	0.8004	0.4795
1578	0.7018	0.7812	0.5205
1579	0.6978	0.7806	0.5068
1580	0.7064	0.7998	0.5068
1581	0.6986	0.7834	0.5205
1582	0.7034	0.7932	0.5205
1583	0.7242	0.8015	0.5068
1584	0.7411	0.8287	0.4795
1585	0.6895	0.7739	0.4658
1586	0.7656	0.8430	0.5205
1587	0.6917	0.7847	0.5205
1588	0.7395	0.8310	0.4795
1589	0.6983	0.7846	0.4932
1590	0.7019	0.7960	0.4658
1591	0.7512	0.8332	0.5342
1592	0.7284	0.8127	0.5342
1593	0.7229	0.8058	0.5068
1594	0.7234	0.8046	0.5205
1595	0.7124	0.8061	0.5068
1596	0.7043	0.7853	0.5205
1597	0.7161	0.7975	0.5068
1598	0.7023	0.7855	0.4932
1599	0.6930	0.7858	0.5205
1600	0.7056	0.7952	0.5342
1601	0.7026	0.7963	0.4932
1602	0.7291	0.8202	0.4795
1603	0.7171	0.8059	0.5068
1604	0.6938	0.7846	0.5205
1605	0.6719	0.7563	0.5342
1606	0.7320	0.8136	0.5068
1607	0.6810	0.7618	0.5205
1608	0.6819	0.7619	0.4795
1609	0.6888	0.7760	0.4932
1610	0.6875	0.7798	0.5205
1611	0.6825	0.7673	0.5068
1612	0.7371	0.8250	0.5205
1613	0.7054	0.7879	0.4932
1614	0.6970	0.7900	0.4932
1615	0.7081	0.7905	0.4795
1616	0.7106	0.7956	0.4932
1617	0.7009	0.7862	0.5205
1618	0.7110	0.7892	0.5205
1619	0.6902	0.7707	0.5205
1620	0.7274	0.8187	0.4932
1621	0.6964	0.7788	0.5342
1622	0.6842	0.7785	0.5342
1623	0.6972	0.7878	0.5205
1624	0.6948	0.7883	0.5068
1625	0.7021	0.7846	0.5205
1626	0.7345	0.8167	0.5068
1627	0.7112	0.7953	0.4658
1628	0.7154	0.8084	0.5068
1629	0.7154	0.8044	0.4795
1630	0.7186	0.8032	0.4795
1631	0.7065	0.7857	0.5479
1632	0.6949	0.7817	0.4932
1633	0.6840	0.7758	0.5068
1634	0.7172	0.8063	0.5205
1635	0.6776	0.7638	0.5068
1636	0.6715	0.7595	0.5342
1637	0.7016	0.7914	0.5068
1638	0.6890	0.7821	0.5205
1639	0.6693	0.7642	0.4932
1640	0.6828	0.7756	0.4932
1641	0.7491	0.8379	0.5205
1642	0.7289	0.8174	0.4795
1643	0.6732	0.7546	0.5342
1644	0.7218	0.8146	0.5342
1645	0.6707	0.7630	0.5342
1646	0.6978	0.7911	0.5068
1647	0.7121	0.8021	0.5205
1648	0.7289	0.8171	0.5479
1649	0.7031	0.7820	0.4795
1650	0.7261	0.8106	0.4795
1651	0.6874	0.7730	0.5068
1652	0.7083	0.7929	0.4658
1653	0.6859	0.7695	0.5342
1654	0.7084	0.8010	0.5068
1655	0.6945	0.7872	0.5342
1656	0.7031	0.7931	0.4932
1657	0.6953	0.7752	0.5342
1658	0.6980	0.7781	0.5342
1659	0.7054	0.7983	0.4795
1660	0.7117	0.8014	0.4795
1661	0.6960	0.7789	0.4932
1662	0.7331	0.8135	0.5205
1663	0.7204	0.8097	0.5479
1664	0.7197	0.7980	0.5068
1665	0.6899	0.7830	0.5479
1666	0.7077	0.7970	0.5068
1667	0.7056	0.7841	0.5342
1668	0.7146	0.8066	0.4932
1669	0.6930	0.7864	0.4932
1670	0.7259	0.8105	0.4795
1671	0.7169	0.8099	0.5342
1672	0.7013	0.7803	0.5205
1673	0.6685	0.7634	0.5479
1674	0.7131	0.7974	0.5205
1675	0.6568	0.7393	0.5616
1676	0.7036	0.7974	0.4932
1677	0.7273	0.8108	0.5068
1678	0.7057	0.7962	0.4932
1679	0.6852	0.7761	0.5068
1680	0.7182	0.8099	0.4795
1681	0.6954	0.7860	0.5205
1682	0.6882	0.7819	0.4932
1683	0.7033	0.7829	0.5479
1684	0.7105	0.7935	0.4932
1685	0.7082	0.7994	0.5205
1686	0.7098	0.7889	0.4932
1687	0.7125	0.7972	0.5479
1688	0.7004	0.7862	0.5342
1689	0.6862	0.7778	0.5342
1690	0.7158	0.7946	0.5068
1691	0.7337	0.8216	0.4932
1692	0.7031	0.7934	0.4932
1693	0.6697	0.7560	0.4932
1694	0.6761	0.7620	0.5068
1695	0.6827	0.7782	0.4795
1696	0.6892	0.7753	0.5205
1697	0.7032	0.7936	0.5068
1698	0.6942	0.7797	0.5068
1699	0.6908	0.7711	0.4932
1700	0.7283	0.8205	0.4795
1701	0.7391	0.8201	0.4932
1702	0.7224	0.8036	0.4521
1703	0.6875	0.7679	0.5342
1704	0.7381	0.8256	0.5479
1705	0.7191	0.8083	0.4932
1706	0.7457	0.8255	0.5205
1707	0.6970	0.7836	0.5068
1708	0.7282	0.8111	0.4658
1709	0.6674	0.7593	0.5479
1710	0.7101	0.7946	0.4932
1711	0.7074	0.7920	0.5205
1712	0.7123	0.7977	0.5068
1713	0.7119	0.7909	0.5205
1714	0.7194	0.8018	0.5068
1715	0.6855	0.7797	0.5342
1716	0.7253	0.8084	0.4521
1717	0.7128	0.7949	0.5068
1718	0.7191	0.8036	0.5479
1719	0.7323	0.8093	0.5616
1720	0.6819	0.7692	0.4932
1721	0.7223	0.8106	0.4932
1722	0.7185	0.8026	0.5205
1723	0.7018	0.7854	0.4932
1724	0.7043	0.7980	0.5342
1725	0.6926	0.7792	0.5068
1726	0.7474	0.8306	0.4658
1727	0.6886	0.7799	0.4795
1728	0.6997	0.7857	0.5205
1729	0.7092	0.7915	0.4932
1730	0.7191	0.8040	0.5479
1731	0.7359	0.8246	0.5479
1732	0.7368	0.8169	0.4795
1733	0.7171	0.8054	0.4932
1734	0.7424	0.8234	0.5753
1735	0.7009	0.7903	0.5068
1736	0.7242	0.8164	0.5479
1737	0.7081	0.7891	0.5342
1738	0.7109	0.8006	0.4795
1739	0.6608	0.7459	0.4932
1740	0.7088	0.8025	0.5205
1741	0.6816	0.7764	0.4384
1742	0.7218	0.8048	0.5342
1743	0.6951	0.7808	0.4932
1744	0.7387	0.8265	0.4932
1745	0.6812	0.7622	0.5068
1746	0.7066	0.7919	0.5205
1747	0.7232	0.8130	0.4795
1748	0.6589	0.7548	0.4658
1749	0.7392	0.8284	0.5068
1750	0.6938	0.7875	0.5068
1751	0.6950	0.7816	0.5342
1752	0.6988	0.7893	0.5068
1753	0.7173	0.7953	0.5068
1754	0.7210	0.8091	0.4932
1755	0.6900	0.7838	0.5205
1756	0.7012	0.7859	0.5205
1757	0.6935	0.7801	0.5479
1758	0.6852	0.7694	0.5068
1759	0.7101	0.8025	0.5068
1760	0.7196	0.7979	0.4932
1761	0.7067	0.8006	0.4932
1762	0.6902	0.7745	0.4795
1763	0.7167	0.8066	0.4795
1764	0.7122	0.7903	0.5068
1765	0.7142	0.8034	0.4795
1766	0.7515	0.8410	0.4658
1767	0.7097	0.7994	0.5342
1768	0.6879	0.7787	0.5205
1769	0.7043	0.7864	0.5068
1770	0.7094	0.7936	0.4932
1771	0.7202	0.7979	0.4932
1772	0.7058	0.7963	0.5068
1773	0.6998	0.7794	0.5068
1774	0.7072	0.7976	0.5479
1775	0.7127	0.7909	0.5479
1776	0.7084	0.7989	0.5205
1777	0.7125	0.7933	0.5205
1778	0.7054	0.7948	0.4932
1779	0.7115	0.7903	0.5616
1780	0.6896	0.7756	0.5342
1781	0.7350	0.8265	0.5068
1782	0.6968	0.7797	0.5068
1783	0.7246	0.8026	0.4658
1784	0.7413	0.8223	0.5068
1785	0.6956	0.7803	0.5068
1786	0.7063	0.7883	0.5068
1787	0.6861	0.7705	0.5205
1788	0.6897	0.7730	0.4795
1789	0.7065	0.7888	0.4932
1790	0.7101	0.7891	0.4932
1791	0.7380	0.8254	0.5068
1792	0.7216	0.8096	0.5068
1793	0.7525	0.8429	0.5068
1794	0.6945	0.7811	0.4795
1795	0.7016	0.7919	0.4932
1796	0.7195	0.8118	0.5068
1797	0.6990	0.7819	0.4932
1798	0.7381	0.8274	0.4932
1799	0.7074	0.7922	0.4932
1800	0.7214	0.8103	0.4932
1801	0.7070	0.8007	0.5068
1802	0.7156	0.8045	0.5205
1803	0.6878	0.7829	0.4932
1804	0.7403	0.8275	0.4795
1805	0.7070	0.7993	0.4932
1806	0.7054	0.7990	0.5342
1807	0.7028	0.7950	0.5205
1808	0.7201	0.8013	0.5205
1809	0.7021	0.7933	0.5205
1810	0.7024	0.7930	0.5342
1811	0.7113	0.8026	0.4658
1812	0.7099	0.7889	0.5068
1813	0.7323	0.8127	0.5342
1814	0.7262	0.8174	0.5479
1815	0.7534	0.8354	0.4932
1816	0.6540	0.7467	0.4932
1817	0.7402	0.8231	0.5205
1818	0.7445	0.8207	0.5068
1819	0.7316	0.8235	0.4932
1820	0.7172	0.8101	0.5205
1821	0.6962	0.7778	0.5205
1822	0.7294	0.8127	0.5342
1823	0.6970	0.7865	0.5205
1824	0.7105	0.8018	0.5342
1825	0.6937	0.7865	0.5068
1826	0.6886	0.7833	0.4932
1827	0.6995	0.7904	0.5479
1828	0.7109	0.8031	0.5616
1829	0.7301	0.8128	0.5205
1830	0.6882	0.7823	0.5068
1831	0.7300	0.8181	0.4795
1832	0.6920	0.7858	0.4795
1833	0.7085	0.7916	0.4795
1834	0.7265	0.8172	0.4658
1835	0.7333	0.8212	0.5205
1836	0.6718	0.7533	0.5205
1837	0.6959	0.7817	0.5479
1838	0.7123	0.8047	0.4795
1839	0.6826	0.7777	0.5068
1840	0.7164	0.8058	0.5068
1841	0.7066	0.7959	0.4795
1842	0.7218	0.7997	0.5342
1843	0.6967	0.7827	0.4521
1844	0.7344	0.8257	0.5479
1845	0.7012	0.7825	0.5068
1846	0.7091	0.7932	0.5068
1847	0.7157	0.7996	0.4932
1848	0.6736	0.7686	0.5342
1849	0.7012	0.7911	0.5616
1850	0.7066	0.7859	0.5068
1851	0.6855	0.7719	0.5342
1852	0.7217	0.8108	0.5068
1853	0.7108	0.7892	0.5068
1854	0.7038	0.7892	0.4932
1855	0.6919	0.7719	0.4932
1856	0.7328	0.8227	0.5205
1857	0.7035	0.7897	0.5205
1858	0.7089	0.7879	0.5068
1859	0.6848	0.7723	0.4932
1860	0.7265	0.8097	0.4932
1861	0.6879	0.7715	0.5068
1862	0.6972	0.7891	0.5616
1863	0.6931	0.7871	0.4521
1864	0.6713	0.7669	0.5068
1865	0.6872	0.7677	0.4795
1866	0.7387	0.8188	0.4932
1867	0.6959	0.7760	0.5205
1868	0.7035	0.7966	0.5068
1869	0.6948	0.7848	0.5068
1870	0.7041	0.7829	0.5205
1871	0.7011	0.7953	0.5068
1872	0.7095	0.7887	0.4795
1873	0.7137	0.8057	0.5205
1874	0.7373	0.8246	0.5205
1875	0.7185	0.8022	0.4932
1876	0.7195	0.7996	0.4932
1877	0.6788	0.7711	0.5342
1878	0.7051	0.7976	0.5068
1879	0.7058	0.7992	0.5068
1880	0.7168	0.8057	0.5068
1881	0.7287	0.8062	0.5068
1882	0.7013	0.7828	0.4932
1883	0.7316	0.8095	0.4795
1884	0.7208	0.8100	0.4932
1885	0.7157	0.7945	0.4658
1886	0.7006	0.7914	0.5205
1887	0.7207	0.8051	0.5068
1888	0.6887	0.7717	0.4658
1889	0.7122	0.7975	0.5342
1890	0.6905	0.7814	0.4795
1891	0.7100	0.7887	0.5068
1892	0.7064	0.7856	0.5068
1893	0.7294	0.8091	0.5342
1894	0.7037	0.7888	0.5205
1895	0.7109	0.7901	0.4932
1896	0.7188	0.8029	0.5205
1897	0.6890	0.7730	0.4932
1898	0.6628	0.7551	0.5479
1899	0.7113	0.8011	0.5068
1900	0.7060	0.7989	0.5068
1901	0.6678	0.7625	0.5205
1902	0.7220	0.8057	0.5205
1903	0.7150	0.8001	0.5342
1904	0.6748	0.7592	0.5342
1905	0.7079	0.7977	0.5616
1906	0.6758	0.7626	0.4795
1907	0.7267	0.8179	0.4932
1908	0.7154	0.8083	0.4658
1909	0.6944	0.7777	0.5342
1910	0.6771	0.7729	0.5205
1911	0.6738	0.7659	0.4795
1912	0.7238	0.8121	0.5205
1913	0.7206	0.8118	0.5205
1914	0.7516	0.8416	0.5616
1915	0.6999	0.7825	0.5205
1916	0.6817	0.7746	0.4932
1917	0.6845	0.7651	0.5068
1918	0.6862	0.7731	0.5205
1919	0.6889	0.7831	0.5068
1920	0.7205	0.8123	0.5753
1921	0.7179	0.8025	0.5068
1922	0.7081	0.7903	0.5068
1923	0.6943	0.7801	0.4795
1924	0.7005	0.7910	0.5068
1925	0.7058	0.7954	0.5205
1926	0.7002	0.7918	0.5205
1927	0.7513	0.8387	0.4932
1928	0.7252	0.8096	0.5205
1929	0.6902	0.7811	0.4932
1930	0.7137	0.8056	0.4932
1931	0.7125	0.8024	0.5068
1932	0.6965	0.7823	0.5068
1933	0.6967	0.7881	0.5205
1934	0.6793	0.7622	0.4932
1935	0.7079	0.7973	0.4384
1936	0.7146	0.8065	0.4932
1937	0.7111	0.7901	0.4795
1938	0.7271	0.8108	0.5068
1939	0.6875	0.7730	0.5068
1940	0.7096	0.8024	0.5068
1941	0.6863	0.7696	0.5068
1942	0.6894	0.7719	0.5342
1943	0.7474	0.8301	0.5205
1944	0.7353	0.8159	0.5068
1945	0.7029	0.7966	0.5342
1946	0.6718	0.7594	0.5342
1947	0.6837	0.7767	0.5479
1948	0.7039	0.7834	0.4795
1949	0.7033	0.7960	0.5205
1950	0.7130	0.7947	0.5068
1951	0.6927	0.7836	0.4795
1952	0.7012	0.7838	0.5205
1953	0.7127	0.8037	0.4932
1954	0.6788	0.7704	0.4795
1955	0.7034	0.7932	0.5342
1956	0.6844	0.7670	0.5205
1957	0.6694	0.7563	0.5205
1958	0.7198	0.8092	0.5479
1959	0.6926	0.7787	0.5342
1960	0.6798	0.7606	0.5068
1961	0.6925	0.7845	0.5342
1962	0.7080	0.7936	0.4521
1963	0.7193	0.8080	0.4932
1964	0.6731	0.7683	0.5205
1965	0.7081	0.7889	0.5068
1966	0.7285	0.8115	0.5342
1967	0.7189	0.8075	0.4795
1968	0.7271	0.8180	0.5479
1969	0.7436	0.8314	0.4932
1970	0.6922	0.7754	0.5342
1971	0.7155	0.8084	0.4795
1972	0.6925	0.7766	0.4658
1973	0.6723	0.7555	0.5068
1974	0.6807	0.7758	0.5205
1975	0.6812	0.7756	0.5068
1976	0.6985	0.7811	0.4932
1977	0.7262	0.8044	0.4658
1978	0.7175	0.8109	0.4932
1979	0.7031	0.7952	0.5068
1980	0.6942	0.7885	0.4795
1981	0.7034	0.7969	0.4932
1982	0.6997	0.7822	0.5479
1983	0.6754	0.7668	0.5068
1984	0.6959	0.7758	0.4795
1985	0.7245	0.8019	0.5068
1986	0.7266	0.8102	0.5205
1987	0.6819	0.7724	0.4795
1988	0.7096	0.7887	0.5616
1989	0.7022	0.7926	0.4932
1990	0.6821	0.7778	0.5205
1991	0.7178	0.7995	0.5068
1992	0.6891	0.7828	0.5205
1993	0.7149	0.7937	0.4932
1994	0.6962	0.7781	0.5068
1995	0.7281	0.8078	0.5205
1996	0.6778	0.7656	0.5068
1997	0.7249	0.8057	0.4932
1998	0.7190	0.8042	0.4384
1999	0.6963	0.7812	0.4658
2000	0.7185	0.7971	0.5342
2001	0.6850	0.7650	0.4658
2002	0.7001	0.7904	0.5068
2003	0.7166	0.8099	0.4795
2004	0.7034	0.7945	0.4932
2005	0.6794	0.7598	0.5068
2006	0.7005	0.7802	0.5205
2007	0.6657	0.7527	0.5068
2008	0.7061	0.7882	0.4795
2009	0.7041	0.7978	0.4795
2010	0.7073	0.7976	0.5068
2011	0.7223	0.8138	0.4932
2012	0.7099	0.8013	0.4521
2013	0.7222	0.8006	0.5068
2014	0.7183	0.8091	0.5342
2015	0.6902	0.7838	0.4932
2016	0.7002	0.7914	0.5342
2017	0.7183	0.7998	0.5205
2018	0.6957	0.7884	0.4932
2019	0.6728	0.7650	0.5342
2020	0.7415	0.8237	0.5205
2021	0.7014	0.7954	0.5342
2022	0.7069	0.7970	0.5205
2023	0.7082	0.7981	0.5068
2024	0.6883	0.7836	0.5205
2025	0.7001	0.7908	0.4932
2026	0.6763	0.7718	0.4795
2027	0.7301	0.8144	0.5205
2028	0.6831	0.7640	0.5068
2029	0.7126	0.8057	0.5205
2030	0.7152	0.7967	0.5479
2031	0.7279	0.8189	0.4521
2032	0.7514	0.8399	0.5205
2033	0.6661	0.7516	0.5342
2034	0.6660	0.7481	0.5068
2035	0.6791	0.7629	0.5205
2036	0.7096	0.7880	0.5068
2037	0.6540	0.7473	0.4795
2038	0.7109	0.7926	0.4795
2039	0.6938	0.7793	0.5342
2040	0.7530	0.8318	0.5342
2041	0.6897	0.7811	0.5205
2042	0.7175	0.8010	0.5205
2043	0.7257	0.8166	0.5342
2044	0.6995	0.7789	0.5068
2045	0.7144	0.8064	0.4932
2046	0.6984	0.7844	0.5205
2047	0.6801	0.7663	0.5479
2048	0.7078	0.7934	0.4932
2049	0.7032	0.7936	0.5205
2050	0.7107	0.7917	0.5068
2051	0.6942	0.7801	0.5068
2052	0.7636	0.8448	0.4795
2053	0.7305	0.8079	0.5205
2054	0.7053	0.7911	0.5068
2055	0.7394	0.8271	0.4932
2056	0.7287	0.8116	0.4932
2057	0.6982	0.7923	0.5753
2058	0.6946	0.7745	0.5205
2059	0.6837	0.7751	0.5205
2060	0.6991	0.7932	0.5342
2061	0.7242	0.8129	0.5342
2062	0.7563	0.8323	0.4658
2063	0.7097	0.7917	0.4795
2064	0.7140	0.7980	0.4795
2065	0.6800	0.7751	0.5068
2066	0.6732	0.7681	0.4932
2067	0.7096	0.7989	0.4795
2068	0.7190	0.8037	0.5342
2069	0.6643	0.7570	0.5068
2070	0.6945	0.7800	0.5205
2071	0.7317	0.8129	0.5342
2072	0.7112	0.7967	0.5068
2073	0.6795	0.7751	0.5068
2074	0.7013	0.7803	0.5205
2075	0.6887	0.7723	0.4932
2076	0.7284	0.8121	0.5205
2077	0.6950	0.7818	0.5068
2078	0.7253	0.8090	0.4932
2079	0.6832	0.7670	0.5068
2080	0.6810	0.7650	0.4795
2081	0.7413	0.8308	0.4795
2082	0.7121	0.7950	0.5068
2083	0.6959	0.7904	0.5068
2084	0.7478	0.8346	0.4932
2085	0.6853	0.7676	0.5068
2086	0.7410	0.8283	0.5205
2087	0.6921	0.7720	0.5342
2088	0.7483	0.8249	0.4795
2089	0.6938	0.7799	0.4795
2090	0.7307	0.8078	0.4932
2091	0.7017	0.7923	0.5068
2092	0.6996	0.7820	0.5068
2093	0.6995	0.7913	0.5205
2094	0.7252	0.8083	0.5068
2095	0.7217	0.8102	0.4932
2096	0.7444	0.8278	0.4932
2097	0.7330	0.8133	0.4932
2098	0.7388	0.8269	0.5068
2099	0.7222	0.8003	0.4932
2100	0.6976	0.7831	0.4795
2101	0.7005	0.7806	0.5068
2102	0.7156	0.8085	0.5205
2103	0.7092	0.8017	0.5342
2104	0.6823	0.7689	0.5068
2105	0.6882	0.7680	0.4932
2106	0.7198	0.8086	0.5068
2107	0.6970	0.7768	0.4658
2108	0.6920	0.7868	0.5068
2109	0.6938	0.7851	0.4932
2110	0.6847	0.7763	0.5068
2111	0.7256	0.8076	0.4932
2112	0.6848	0.7781	0.5342
2113	0.7196	0.8012	0.4932
2114	0.7494	0.8356	0.5342
2115	0.6782	0.7621	0.4932
2116	0.6851	0.7790	0.5479
2117	0.6814	0.7756	0.4932
2118	0.6813	0.7685	0.5753
2119	0.6766	0.7726	0.5205
2120	0.6739	0.7551	0.5205
2121	0.7273	0.8054	0.4932
2122	0.6911	0.7821	0.4795
2123	0.7333	0.8164	0.5342
2124	0.7114	0.7959	0.5342
2125	0.7003	0.7828	0.4658
2126	0.7138	0.7947	0.4658
2127	0.7146	0.7933	0.4795
2128	0.6982	0.7886	0.5205
2129	0.6749	0.7621	0.4795
2130	0.7143	0.8035	0.5068
2131	0.7122	0.8013	0.4795
2132	0.7009	0.7835	0.5205
2133	0.7120	0.8012	0.4932
2134	0.6846	0.7717	0.5479
2135	0.6750	0.7582	0.5342
2136	0.7002	0.7866	0.4932
2137	0.7169	0.7983	0.5205
2138	0.7284	0.8092	0.4658
2139	0.7222	0.8120	0.5068
2140	0.6807	0.7742	0.4932
2141	0.7127	0.7917	0.5068
2142	0.7114	0.8007	0.5068
2143	0.6842	0.7790	0.4932
2144	0.7056	0.7953	0.5479
2145	0.6963	0.7798	0.5342
2146	0.7123	0.7929	0.5205
2147	0.6851	0.7786	0.5342
2148	0.6804	0.7756	0.4795
2149	0.7083	0.7875	0.5068
2150	0.6952	0.7783	0.5068
2151	0.7411	0.8287	0.5616
2152	0.6891	0.7830	0.4795
2153	0.7180	0.7984	0.5479
2154	0.7082	0.7891	0.5205
2155	0.6655	0.7465	0.5068
2156	0.6921	0.7866	0.4932
2157	0.6881	0.7801	0.5068
2158	0.6952	0.7898	0.5479
2159	0.6858	0.7807	0.5205
2160	0.7218	0.8119	0.4658
2161	0.6975	0.7820	0.5205
2162	0.7050	0.7843	0.5068
2163	0.6766	0.7706	0.5068
2164	0.7082	0.7938	0.4795
2165	0.7165	0.8097	0.5205
2166	0.6972	0.7868	0.5342
2167	0.7246	0.8057	0.5479
2168	0.6907	0.7817	0.5616
2169	0.7383	0.8177	0.4521
2170	0.7062	0.7997	0.4932
2171	0.7263	0.8101	0.4658
2172	0.7051	0.7954	0.5205
2173	0.7139	0.8036	0.4932
2174	0.7267	0.8148	0.4658
2175	0.6966	0.7783	0.5342
2176	0.6858	0.7728	0.5068
2177	0.6768	0.7676	0.5068
2178	0.7130	0.8038	0.5342
2179	0.7098	0.8029	0.5068
2180	0.7112	0.7901	0.5342
2181	0.7184	0.8067	0.5342
2182	0.7215	0.8126	0.5342
2183	0.7047	0.7952	0.5205
2184	0.7377	0.8206	0.5205
2185	0.7063	0.7957	0.4932
2186	0.6960	0.7899	0.5342
2187	0.7057	0.7970	0.5205
2188	0.7198	0.8126	0.5205
2189	0.6732	0.7648	0.5068
2190	0.7205	0.8130	0.5068
2191	0.6865	0.7738	0.5616
2192	0.7197	0.7977	0.4795
2193	0.7540	0.8447	0.5068
2194	0.7017	0.7958	0.5068
2195	0.6964	0.7894	0.4795
2196	0.6728	0.7593	0.5205
2197	0.7087	0.7943	0.4932
2198	0.7074	0.7999	0.5068
2199	0.7449	0.8272	0.4795
2200	0.7264	0.8041	0.4658
2201	0.7205	0.8044	0.4932
2202	0.7138	0.7920	0.4932
2203	0.6921	0.7864	0.5205
2204	0.7073	0.7932	0.5205
2205	0.6744	0.7576	0.5205
2206	0.7208	0.8028	0.4658
2207	0.7229	0.8148	0.5068
2208	0.7156	0.8045	0.4795
2209	0.7087	0.7982	0.5205
2210	0.7012	0.7942	0.5342
2211	0.7273	0.8150	0.5068
2212	0.7156	0.8048	0.5342
2213	0.7277	0.8121	0.4658
2214	0.7238	0.8131	0.5342
2215	0.7032	0.7885	0.4932
2216	0.6979	0.7771	0.5205
2217	0.7179	0.8024	0.5068
2218	0.6952	0.7897	0.5205
2219	0.7048	0.7968	0.4932
2220	0.7263	0.8099	0.4521
2221	0.6833	0.7699	0.5068
2222	0.7502	0.8409	0.4795
2223	0.7197	0.8038	0.4932
2224	0.7174	0.8096	0.5205
2225	0.7110	0.7947	0.4795
2226	0.7014	0.7840	0.5342
2227	0.7767	0.8641	0.5342
2228	0.6927	0.7871	0.5342
2229	0.6933	0.7735	0.4932
2230	0.7079	0.7870	0.4932
2231	0.7174	0.8027	0.4932
2232	0.7004	0.7903	0.4932
2233	0.6901	0.7760	0.5616
2234	0.7151	0.7964	0.5205
2235	0.6951	0.7894	0.4795
2236	0.7189	0.8039	0.4932
2237	0.7354	0.8256	0.4795
2238	0.7195	0.8111	0.5616
2239	0.7223	0.8113	0.5205
2240	0.7006	0.7801	0.4795
2241	0.7045	0.7895	0.5205
2242	0.7192	0.7977	0.5342
2243	0.6715	0.7522	0.5068
2244	0.7289	0.8066	0.5342
2245	0.7231	0.8078	0.4658
2246	0.7246	0.8155	0.5342
2247	0.7223	0.8128	0.5205
2248	0.7383	0.8256	0.5342
2249	0.6907	0.7702	0.4932
2250	0.6951	0.7860	0.4932
2251	0.7467	0.8333	0.4521
2252	0.6901	0.7843	0.4795
2253	0.7121	0.8022	0.5753
2254	0.6923	0.7775	0.4795
2255	0.7248	0.8029	0.5205
2256	0.7301	0.8075	0.5342
2257	0.7058	0.7909	0.4932
2258	0.6813	0.7620	0.5342
2259	0.6821	0.7758	0.5068
2260	0.7065	0.7958	0.4932
2261	0.7006	0.7912	0.5068
2262	0.7342	0.8236	0.5753
2263	0.7267	0.8101	0.4795
2264	0.7113	0.8043	0.5342
2265	0.6878	0.7722	0.4932
2266	0.6822	0.7628	0.4795
2267	0.7109	0.7995	0.4795
2268	0.7050	0.7949	0.5616
2269	0.7321	0.8153	0.4795
2270	0.7315	0.8085	0.4932
2271	0.7199	0.8094	0.5068
2272	0.6952	0.7880	0.4932
2273	0.7011	0.7862	0.4932
2274	0.6803	0.7669	0.5205
2275	0.7142	0.7929	0.4932
2276	0.7069	0.7926	0.5068
2277	0.7445	0.8264	0.5205
2278	0.7081	0.8013	0.5479
2279	0.7524	0.8389	0.4658
2280	0.7311	0.8191	0.5068
2281	0.6856	0.7791	0.5068
2282	0.7067	0.7978	0.4932
2283	0.7116	0.7901	0.4932
2284	0.7317	0.8216	0.5205
2285	0.7055	0.7880	0.5068
2286	0.7043	0.7894	0.4932
2287	0.7038	0.7948	0.5068
2288	0.6986	0.7778	0.5068
2289	0.6738	0.7694	0.5205
2290	0.6817	0.7624	0.4932
2291	0.6997	0.7905	0.4932
2292	0.6905	0.7824	0.5342
2293	0.6994	0.7895	0.4795
2294	0.7002	0.7854	0.5342
2295	0.7254	0.8075	0.5479
2296	0.7088	0.8025	0.4932
2297	0.7378	0.8259	0.4521
2298	0.6988	0.7807	0.5068
2299	0.6813	0.7724	0.5205
2300	0.7128	0.8057	0.5205
2301	0.7046	0.7968	0.4795
2302	0.7310	0.8117	0.4932
2303	0.6756	0.7711	0.5068
2304	0.6871	0.7779	0.5479
2305	0.7261	0.8100	0.4932
2306	0.6660	0.7614	0.4932
2307	0.6840	0.7646	0.5068
2308	0.7217	0.7999	0.4932
2309	0.6801	0.7660	0.5068
2310	0.6981	0.7819	0.5205
2311	0.7207	0.8139	0.5205
2312	0.7028	0.7957	0.5342
2313	0.6810	0.7740	0.5068
2314	0.7223	0.7999	0.4932
2315	0.6449	0.7385	0.5068
2316	0.7164	0.8085	0.5479
2317	0.6653	0.7578	0.5342
2318	0.7214	0.8140	0.5068
2319	0.7126	0.8051	0.4795
2320	0.7500	0.8317	0.5479
2321	0.7001	0.7931	0.5068
2322	0.7154	0.7966	0.5068
2323	0.6610	0.7550	0.5068
2324	0.7269	0.8194	0.5342
2325	0.7074	0.7989	0.5479
2326	0.6911	0.7764	0.4932
2327	0.6960	0.7789	0.4932
2328	0.6878	0.7787	0.5342
2329	0.6853	0.7757	0.4932
2330	0.6964	0.7882	0.5205
2331	0.6994	0.7838	0.4795
2332	0.7029	0.7845	0.4932
2333	0.6786	0.7624	0.5479
2334	0.6965	0.7789	0.5342
2335	0.6870	0.7707	0.4795
2336	0.7183	0.7967	0.5479
2337	0.6989	0.7806	0.4795
2338	0.7458	0.8331	0.5342
2339	0.7164	0.8087	0.5616
2340	0.6965	0.7909	0.5205
2341	0.7364	0.8247	0.4932
2342	0.7084	0.8020	0.4932
2343	0.7238	0.8041	0.4932
2344	0.6958	0.7903	0.5205
2345	0.6999	0.7823	0.5205
2346	0.7228	0.8078	0.4658
2347	0.7301	0.8190	0.5068
2348	0.6701	0.7649	0.5479
2349	0.7011	0.7859	0.4795
2350	0.6836	0.7700	0.5205
2351	0.7170	0.8054	0.5342
2352	0.6920	0.7822	0.5479
2353	0.6939	0.7838	0.5205
2354	0.7116	0.8008	0.5205
2355	0.6673	0.7519	0.4795
2356	0.7218	0.8098	0.5068
2357	0.6883	0.7825	0.5342
2358	0.7178	0.7991	0.5068
2359	0.7000	0.7855	0.4521
2360	0.7173	0.8094	0.4658
2361	0.7152	0.8050	0.4932
2362	0.6554	0.7409	0.5068
2363	0.6832	0.7751	0.5342
2364	0.7044	0.7971	0.5205
2365	0.6986	0.7930	0.5479
2366	0.7063	0.7875	0.5068
2367	0.6887	0.7792	0.5479
2368	0.6908	0.7706	0.5068
2369	0.6870	0.7738	0.5205
2370	0.6964	0.7757	0.5068
2371	0.6893	0.7753	0.5068
2372	0.6830	0.7638	0.4795
2373	0.7155	0.7937	0.4932
2374	0.7587	0.8474	0.4932
2375	0.7084	0.8020	0.4932
2376	0.6847	0.7800	0.5068
2377	0.7044	0.7902	0.5068
2378	0.6882	0.7784	0.5342
2379	0.7221	0.8050	0.5068
2380	0.6932	0.7798	0.4795
2381	0.7318	0.8115	0.4521
2382	0.6696	0.7640	0.4795
2383	0.7202	0.8089	0.5342
2384	0.6964	0.7867	0.5342
2385	0.6668	0.7599	0.5068
2386	0.7047	0.7949	0.4795
2387	0.7130	0.7917	0.4795
2388	0.7366	0.8138	0.5068
2389	0.7634	0.8524	0.5068
2390	0.7392	0.8293	0.4932
2391	0.7374	0.8214	0.5342
2392	0.7105	0.7956	0.5616
2393	0.7315	0.8119	0.4795
2394	0.7221	0.8106	0.4932
2395	0.7433	0.8330	0.5068
2396	0.7186	0.8036	0.4932
2397	0.7091	0.7931	0.4795
2398	0.7135	0.8042	0.5205
2399	0.7089	0.8027	0.4795
2400	0.7157	0.8041	0.5068
2401	0.6803	0.7664	0.5205
2402	0.6854	0.7721	0.5205
2403	0.6880	0.7716	0.4795
2404	0.7155	0.8061	0.4932
2405	0.6860	0.7768	0.5205
2406	0.7090	0.7930	0.4658
2407	0.7041	0.7944	0.5205
2408	0.6948	0.7750	0.5068
2409	0.7539	0.8298	0.5479
2410	0.6652	0.7573	0.5205
2411	0.7366	0.8249	0.4932
2412	0.7242	0.8129	0.5479
2413	0.6927	0.7756	0.4932
2414	0.6790	0.7602	0.5068
2415	0.7495	0.8363	0.5068
2416	0.7394	0.8298	0.5205
2417	0.6825	0.7669	0.5479
2418	0.6996	0.7810	0.5479
2419	0.6615	0.7489	0.5479
2420	0.6844	0.7703	0.5068
2421	0.7063	0.7958	0.5342
2422	0.6888	0.7717	0.5068
2423	0.7094	0.7992	0.5342
2424	0.7304	0.8228	0.5068
2425	0.7134	0.7921	0.4795
2426	0.7130	0.7948	0.5205
2427	0.6886	0.7808	0.5068
2428	0.7223	0.8004	0.4795
2429	0.7087	0.8023	0.5342
2430	0.7077	0.7980	0.4932
2431	0.6902	0.7704	0.4932
2432	0.6975	0.7805	0.5205
2433	0.7116	0.7905	0.4795
2434	0.6743	0.7619	0.5068
2435	0.6980	0.7825	0.4658
2436	0.7080	0.7928	0.4795
2437	0.7114	0.7920	0.4932
2438	0.7051	0.7912	0.5342
2439	0.6810	0.7721	0.4932
2440	0.6888	0.7748	0.5205
2441	0.7055	0.7995	0.5068
2442	0.7009	0.7860	0.5068
2443	0.7164	0.8053	0.5205
2444	0.6843	0.7713	0.4795
2445	0.6878	0.7801	0.5342
2446	0.7041	0.7871	0.4932
2447	0.6896	0.7749	0.4658
2448	0.7247	0.8056	0.4932
2449	0.6756	0.7594	0.5068
2450	0.7067	0.7927	0.4932
2451	0.7046	0.7870	0.4658
2452	0.7123	0.7970	0.4932
2453	0.7137	0.7925	0.5205
2454	0.6895	0.7840	0.5068
2455	0.7000	0.7899	0.4795
2456	0.7369	0.8255	0.5342
2457	0.6862	0.7796	0.5342
2458	0.7169	0.7995	0.5342
2459	0.7164	0.8012	0.4658
2460	0.7167	0.8098	0.5068
2461	0.6743	0.7586	0.5342
2462	0.7463	0.8224	0.5068
2463	0.7241	0.8059	0.5068
2464	0.7458	0.8276	0.5068
2465	0.6865	0.7720	0.5068
2466	0.7418	0.8292	0.5205
2467	0.6776	0.7685	0.4658
2468	0.7005	0.7906	0.4932
2469	0.7267	0.8149	0.4658
2470	0.6888	0.7839	0.5616
2471	0.6884	0.7835	0.5068
2472	0.7018	0.7872	0.4795
2473	0.7222	0.8125	0.5479
2474	0.7392	0.8158	0.5479
2475	0.6934	0.7858	0.5342
2476	0.6764	0.7715	0.5205
2477	0.7190	0.7969	0.4932
2478	0.7023	0.7879	0.5342
2479	0.7103	0.8034	0.4932
2480	0.7033	0.7968	0.4658
2481	0.6928	0.7854	0.5068
2482	0.6893	0.7696	0.4932
2483	0.6881	0.7750	0.4932
2484	0.6971	0.7869	0.5342
2485	0.7201	0.8095	0.4932
2486	0.7122	0.7943	0.4658
2487	0.7272	0.8198	0.5479
2488	0.7085	0.7873	0.5068
2489	0.7106	0.7956	0.5068
2490	0.6712	0.7558	0.5205
2491	0.6764	0.7677	0.5068
2492	0.6940	0.7842	0.5342
2493	0.6889	0.7748	0.5205
2494	0.6873	0.7780	0.5068
2495	0.7134	0.7914	0.5616
2496	0.7314	0.8202	0.4795
2497	0.7075	0.8010	0.5068
2498	0.6882	0.7704	0.5205
2499	0.7046	0.7905	0.4932
2500	0.6858	0.7657	0.5068
2501	0.7075	0.7977	0.4521
2502	0.7325	0.8224	0.5205
2503	0.7317	0.8200	0.4795
2504	0.6948	0.7881	0.5205
2505	0.6936	0.7842	0.5205
2506	0.7501	0.8373	0.5205
2507	0.7212	0.8098	0.5205
2508	0.7011	0.7858	0.4932
2509	0.6920	0.7826	0.4795
2510	0.6909	0.7812	0.5342
2511	0.6985	0.7777	0.4932
2512	0.6750	0.7626	0.4932
2513	0.6997	0.7861	0.4658
2514	0.6673	0.7550	0.5068
2515	0.7016	0.7918	0.5342
2516	0.6875	0.7791	0.4932
2517	0.6887	0.7837	0.4795
2518	0.7169	0.7996	0.4795
2519	0.7182	0.8073	0.4932
2520	0.7115	0.8007	0.5205
2521	0.7104	0.7934	0.4795
2522	0.7048	0.7971	0.5068
2523	0.7500	0.8378	0.4795
2524	0.7213	0.7992	0.4795
2525	0.7307	0.8205	0.5342
2526	0.6821	0.7732	0.4932
2527	0.7080	0.7928	0.5616
2528	0.6764	0.7697	0.4932
2529	0.7181	0.8068	0.5342
2530	0.7212	0.8114	0.4932
2531	0.7125	0.8033	0.5068
2532	0.6965	0.7880	0.5068
2533	0.7070	0.7914	0.5068
2534	0.6570	0.7435	0.4932
2535	0.6976	0.7894	0.5205
2536	0.7364	0.8284	0.5479
2537	0.7231	0.8132	0.5342
2538	0.7206	0.8018	0.5479
2539	0.7052	0.7902	0.4932
2540	0.6857	0.7681	0.4932
2541	0.6827	0.7653	0.5068
2542	0.7085	0.7876	0.4932
2543	0.6933	0.7797	0.5205
2544	0.7022	0.7818	0.5205
2545	0.7253	0.8028	0.5342
2546	0.7481	0.8390	0.5342
2547	0.7251	0.8072	0.4795
2548	0.6982	0.7820	0.5068
2549	0.7262	0.8161	0.5479
2550	0.7039	0.7859	0.5068
2551	0.7097	0.8029	0.4932
2552	0.6830	0.7747	0.5479
2553	0.7195	0.8098	0.5205
2554	0.7393	0.8225	0.5205
2555	0.7206	0.8126	0.5342
2556	0.7548	0.8375	0.4932
2557	0.7315	0.8201	0.5342
2558	0.7000	0.7916	0.5205
2559	0.7134	0.7985	0.5205
2560	0.7096	0.8032	0.5479
2561	0.7400	0.8172	0.5068
2562	0.7083	0.8007	0.5068
2563	0.6988	0.7785	0.5616
2564	0.7425	0.8336	0.4795
2565	0.7188	0.7991	0.4932
2566	0.6884	0.7829	0.5205
2567	0.6805	0.7672	0.4521
2568	0.7293	0.8211	0.5205
2569	0.7237	0.8146	0.4658
2570	0.7133	0.8023	0.5068
2571	0.6994	0.7792	0.5205
2572	0.7271	0.8081	0.5068
2573	0.6790	0.7735	0.5068
2574	0.7079	0.7911	0.5205
2575	0.6707	0.7550	0.4795
2576	0.6954	0.7753	0.5205
2577	0.7297	0.8074	0.5068
2578	0.7017	0.7953	0.4795
2579	0.6980	0.7903	0.5205
2580	0.7512	0.8410	0.5068
2581	0.7280	0.8168	0.5205
2582	0.7276	0.8120	0.4932
2583	0.7002	0.7849	0.5068
2584	0.7218	0.8058	0.5205
2585	0.7066	0.7877	0.4932
2586	0.6774	0.7709	0.5479
2587	0.7098	0.8031	0.5205
2588	0.7089	0.7947	0.5068
2589	0.6728	0.7648	0.4932
2590	0.7027	0.7945	0.4795
2591	0.6847	0.7683	0.5068
2592	0.7114	0.8029	0.4795
2593	0.7167	0.8009	0.4521
2594	0.7103	0.7922	0.4932
2595	0.6901	0.7734	0.4932
2596	0.7228	0.8038	0.5342
2597	0.6869	0.7813	0.4795
2598	0.7087	0.8007	0.4932
2599	0.7031	0.7819	0.4521
2600	0.6837	0.7751	0.5342
2601	0.6896	0.7828	0.4795
2602	0.6784	0.7626	0.5205
2603	0.6950	0.7893	0.4658
2604	0.6817	0.7666	0.5479
2605	0.7035	0.7830	0.5068
2606	0.7307	0.8124	0.4658
2607	0.7011	0.7930	0.5205
2608	0.7292	0.8197	0.4658
2609	0.7004	0.7800	0.4658
2610	0.7172	0.8104	0.5068
2611	0.7132	0.7920	0.4932
2612	0.7113	0.7933	0.5205
2613	0.6928	0.7876	0.4658
2614	0.7111	0.7961	0.4932
2615	0.7150	0.7988	0.5205
2616	0.7032	0.7825	0.4795
2617	0.7122	0.8013	0.4932
2618	0.6975	0.7871	0.5616
2619	0.6915	0.7776	0.5342
2620	0.6886	0.7684	0.5205
2621	0.7079	0.7890	0.4795
2622	0.7070	0.7892	0.4932
2623	0.6959	0.7865	0.5342
2624	0.7044	0.7856	0.5342
2625	0.7457	0.8276	0.5479
2626	0.7165	0.7946	0.5342
2627	0.7277	0.8158	0.4795
2628	0.7158	0.8045	0.5342
2629	0.6979	0.7909	0.5068
2630	0.7251	0.8027	0.4795
2631	0.7250	0.8132	0.4521
2632	0.7032	0.7945	0.4932
2633	0.6783	0.7713	0.5342
2634	0.6949	0.7769	0.5205
2635	0.6784	0.7589	0.4795
2636	0.6899	0.7806	0.4932
2637	0.7395	0.8166	0.5068
2638	0.7196	0.7977	0.4932
2639	0.7221	0.8113	0.5616
2640	0.7010	0.7932	0.5205
2641	0.6973	0.7836	0.5068
2642	0.7158	0.8068	0.5479
2643	0.7205	0.8052	0.5205
2644	0.6885	0.7814	0.5479
2645	0.7127	0.8034	0.5068
2646	0.7002	0.7853	0.5342
2647	0.7256	0.8087	0.4932
2648	0.6872	0.7713	0.5068
2649	0.7279	0.8077	0.5205
2650	0.7285	0.8062	0.4658
2651	0.7298	0.8191	0.5342
2652	0.7237	0.8071	0.5205
2653	0.6825	0.7740	0.5479
2654	0.6973	0.7840	0.4658
2655	0.7256	0.8164	0.5068
2656	0.7003	0.7927	0.4795
2657	0.6855	0.7807	0.4932
2658	0.6980	0.7880	0.4932
2659	0.7154	0.8047	0.5068
2660	0.6988	0.7891	0.5205
2661	0.7082	0.7899	0.4795
2662	0.6963	0.7756	0.5205
2663	0.7544	0.8412	0.4932
2664	0.7013	0.7937	0.5616
2665	0.6860	0.7805	0.5205
2666	0.7349	0.8242	0.5068
2667	0.6987	0.7911	0.5205
2668	0.6863	0.7665	0.4932
2669	0.6932	0.7830	0.4658
2670	0.6601	0.7524	0.4932
2671	0.7025	0.7848	0.5479
2672	0.6816	0.7732	0.4932
2673	0.6917	0.7848	0.4932
2674	0.7409	0.8177	0.4932
2675	0.7040	0.7852	0.5205
2676	0.7057	0.7842	0.5479
2677	0.7305	0.8198	0.4932
2678	0.7449	0.8350	0.5342
2679	0.7220	0.8141	0.5342
2680	0.7637	0.8529	0.4658
2681	0.7097	0.7890	0.5068
2682	0.6772	0.7688	0.5479
2683	0.7278	0.8122	0.5342
2684	0.6997	0.7812	0.4932
2685	0.7144	0.7998	0.5205
2686	0.7278	0.8180	0.4795
2687	0.7219	0.8149	0.4795
2688	0.7157	0.7969	0.4932
2689	0.7071	0.7995	0.5205
2690	0.7020	0.7883	0.4521
2691	0.6825	0.7740	0.4932
2692	0.7078	0.7986	0.4795
2693	0.7012	0.7829	0.5342
2694	0.7149	0.8040	0.4658
2695	0.7129	0.7911	0.5068
2696	0.6942	0.7739	0.5342
2697	0.6878	0.7817	0.5205
2698	0.6850	0.7677	0.5205
2699	0.7347	0.8171	0.4521
2700	0.7085	0.7982	0.4795
2701	0.7228	0.8007	0.4795
2702	0.6995	0.7792	0.5068
2703	0.7118	0.7967	0.4932
2704	0.6589	0.7528	0.5342
2705	0.6850	0.7684	0.4521
2706	0.7018	0.7849	0.4932
2707	0.6982	0.7903	0.5068
2708	0.6660	0.7613	0.5342
2709	0.6930	0.7773	0.4521
2710	0.6996	0.7812	0.4932
2711	0.7047	0.7989	0.5205
2712	0.6848	0.7762	0.4795
2713	0.7230	0.8059	0.5068
2714	0.7012	0.7939	0.5068
2715	0.6920	0.7833	0.5616
2716	0.7322	0.8149	0.4932
2717	0.6818	0.7645	0.4932
2718	0.7052	0.7942	0.5068
2719	0.7048	0.7841	0.4932
2720	0.7157	0.7939	0.5342
2721	0.6923	0.7853	0.5068
2722	0.6971	0.7824	0.4795
2723	0.7028	0.7924	0.4932
2724	0.6865	0.7814	0.5342
2725	0.6942	0.7865	0.4795
2726	0.7395	0.8289	0.4932
2727	0.7449	0.8321	0.4658
2728	0.7539	0.8296	0.4932
2729	0.6926	0.7833	0.5068
2730	0.7014	0.7838	0.5342
2731	0.7023	0.7925	0.5068
2732	0.6902	0.7706	0.5205
2733	0.6839	0.7754	0.4795
2734	0.7217	0.8028	0.5205
2735	0.7419	0.8300	0.4932
2736	0.7195	0.8082	0.4795
2737	0.7264	0.8043	0.4795
2738	0.7182	0.8088	0.5068
2739	0.6941	0.7851	0.5068
2740	0.6942	0.7859	0.5068
2741	0.6896	0.7807	0.4932
2742	0.7098	0.7907	0.5205
2743	0.7217	0.8123	0.5068
2744	0.7047	0.7893	0.5342
2745	0.6735	0.7680	0.5068
2746	0.7017	0.7956	0.5068
2747	0.6949	0.7776	0.4932
2748	0.6944	0.7884	0.4932
2749	0.6931	0.7836	0.4795
2750	0.7247	0.8156	0.4932
2751	0.7273	0.8183	0.5068
2752	0.7009	0.7928	0.4932
2753	0.7141	0.8074	0.5068
2754	0.6644	0.7462	0.4521
2755	0.7174	0.8017	0.4932
2756	0.7503	0.8412	0.5205
2757	0.7206	0.8091	0.5205
2758	0.7058	0.7953	0.4795
2759	0.7488	0.8381	0.5205
2760	0.7121	0.8044	0.4932
2761	0.7246	0.8136	0.5616
2762	0.7337	0.8104	0.5342
2763	0.6930	0.7862	0.5205
2764	0.7245	0.8130	0.5068
2765	0.7116	0.7907	0.4932
2766	0.7305	0.8221	0.5342
2767	0.7217	0.8019	0.5068
2768	0.6979	0.7886	0.5068
2769	0.7127	0.7979	0.4658
2770	0.7255	0.8054	0.5068
2771	0.7189	0.8032	0.5068
2772	0.7538	0.8360	0.4521
2773	0.7752	0.8602	0.4932
2774	0.6847	0.7796	0.5205
2775	0.6833	0.7780	0.5068
2776	0.7068	0.7878	0.5342
2777	0.7213	0.7995	0.5205
2778	0.7380	0.8287	0.5479
2779	0.6782	0.7704	0.4932
2780	0.6892	0.7689	0.5205
2781	0.7113	0.8010	0.5479
2782	0.7458	0.8352	0.4795
2783	0.7230	0.8080	0.5205
2784	0.6938	0.7850	0.5342
2785	0.6813	0.7733	0.5205
2786	0.7008	0.7860	0.5205
2787	0.7054	0.7955	0.4932
2788	0.7124	0.7941	0.5342
2789	0.7002	0.7922	0.4521
2790	0.7019	0.7872	0.5205
2791	0.6782	0.7660	0.5068
2792	0.7045	0.7971	0.5068
2793	0.7024	0.7947	0.4932
2794	0.7109	0.7891	0.5342
2795	0.7109	0.8001	0.5479
2796	0.6861	0.7775	0.5068
2797	0.6860	0.7718	0.4932
2798	0.6819	0.7691	0.5342
2799	0.7079	0.7996	0.5479
2800	0.7238	0.8146	0.4932
2801	0.7071	0.7916	0.4795
2802	0.7212	0.7987	0.4932
2803	0.7155	0.8078	0.5342
2804	0.6817	0.7622	0.5479
2805	0.7139	0.7929	0.4932
2806	0.7182	0.8075	0.5205
2807	0.6947	0.7851	0.4932
2808	0.7037	0.7970	0.4932
2809	0.7077	0.7869	0.4658
2810	0.7398	0.8306	0.4795
2811	0.7153	0.7969	0.4795
2812	0.6716	0.7677	0.5068
2813	0.6983	0.7817	0.5205
2814	0.7077	0.7869	0.5068
2815	0.7013	0.7874	0.4932
2816	0.7591	0.8453	0.5068
2817	0.6891	0.7794	0.4932
2818	0.7387	0.8290	0.5342
2819	0.7074	0.7866	0.5342
2820	0.7289	0.8176	0.5342
2821	0.6939	0.7849	0.5205
2822	0.7075	0.7866	0.5205
2823	0.6825	0.7734	0.4795
2824	0.7612	0.8478	0.4795
2825	0.6963	0.7821	0.5342
2826	0.7058	0.7889	0.5068
2827	0.6712	0.7637	0.5068
2828	0.6893	0.7724	0.4932
2829	0.7003	0.7798	0.4932
2830	0.7286	0.8123	0.5205
2831	0.6996	0.7921	0.5342
2832	0.7077	0.8012	0.5205
2833	0.6934	0.7735	0.5342
2834	0.7071	0.7919	0.4521
2835	0.7289	0.8176	0.4658
2836	0.7325	0.8093	0.5068
2837	0.6783	0.7634	0.5068
2838	0.7259	0.8059	0.5205
2839	0.7242	0.8052	0.5068
2840	0.7185	0.7969	0.5068
2841	0.7316	0.8196	0.5342
2842	0.6973	0.7835	0.4658
2843	0.7191	0.8026	0.5205
2844	0.6873	0.7697	0.5479
2845	0.7031	0.7942	0.4932
2846	0.7097	0.7915	0.5342
2847	0.7371	0.8265	0.5205
2848	0.6895	0.7843	0.5205
2849	0.7022	0.7962	0.5205
2850	0.6822	0.7761	0.5479
2851	0.6831	0.7677	0.5205
2852	0.7475	0.8383	0.5205
2853	0.6594	0.7545	0.5068
2854	0.7278	0.8082	0.5068
2855	0.7259	0.8172	0.4795
2856	0.6987	0.7806	0.5205
2857	0.7074	0.7968	0.5068
2858	0.7023	0.7937	0.5616
2859	0.6999	0.7853	0.5205
2860	0.6590	0.7407	0.4932
2861	0.7056	0.7955	0.4932
2862	0.6815	0.7752	0.5205
2863	0.7446	0.8359	0.4932
2864	0.7210	0.8054	0.5205
2865	0.7120	0.7928	0.4658
2866	0.7020	0.7872	0.5205
2867	0.7348	0.8122	0.4795
2868	0.7208	0.8123	0.4795
2869	0.7123	0.8058	0.5068
2870	0.7180	0.8020	0.5068
2871	0.6830	0.7637	0.5342
2872	0.6915	0.7755	0.5068
2873	0.7042	0.7829	0.5068
2874	0.7002	0.7819	0.4795
2875	0.6982	0.7810	0.5068
2876	0.7126	0.8024	0.4932
2877	0.7126	0.8048	0.4521
2878	0.6776	0.7590	0.4795
2879	0.6765	0.7615	0.5479
2880	0.6983	0.7904	0.4932
2881	0.7311	0.8106	0.5205
2882	0.7457	0.8353	0.5342
2883	0.7255	0.8129	0.5205
2884	0.7139	0.8063	0.5342
2885	0.6780	0.7656	0.4795
2886	0.6862	0.7800	0.4658
2887	0.7154	0.8043	0.4658
2888	0.7079	0.8014	0.4658
2889	0.7104	0.7930	0.5342
2890	0.6957	0.7813	0.5205
2891	0.7209	0.8135	0.5205
2892	0.7129	0.8029	0.5068
2893	0.7343	0.8144	0.5479
2894	0.6708	0.7551	0.5068
2895	0.7152	0.8041	0.5205
2896	0.7082	0.7893	0.5068
2897	0.6928	0.7832	0.5068
2898	0.7239	0.8152	0.5753
2899	0.6819	0.7655	0.5205
2900	0.7135	0.7924	0.5479
2901	0.7054	0.7841	0.4932
2902	0.6746	0.7615	0.5205
2903	0.7085	0.7932	0.4932
2904	0.7180	0.8112	0.4932
2905	0.6901	0.7836	0.5205
2906	0.7383	0.8264	0.5616
2907	0.7092	0.7911	0.5342
2908	0.7124	0.7938	0.5205
2909	0.7201	0.8090	0.5342
2910	0.7186	0.8074	0.5068
2911	0.6596	0.7534	0.5205
2912	0.6917	0.7849	0.5205
2913	0.7038	0.7849	0.4658
2914	0.6925	0.7756	0.5479
2915	0.7271	0.8080	0.5205
2916	0.7031	0.7856	0.5068
2917	0.7164	0.8056	0.5479
2918	0.6745	0.7618	0.5068
2919	0.7028	0.7930	0.4795
2920	0.6899	0.7809	0.5479
2921	0.7110	0.8008	0.4795
2922	0.7179	0.8005	0.5068
2923	0.7290	0.8176	0.4795
2924	0.7091	0.7907	0.4932
2925	0.7228	0.8119	0.5205
2926	0.7024	0.7952	0.5342
2927	0.7135	0.8056	0.4932
2928	0.7034	0.7846	0.4932
2929	0.7343	0.8154	0.5068
2930	0.7213	0.8117	0.5068
2931	0.6785	0.7594	0.5205
2932	0.7017	0.7849	0.5205
2933	0.7166	0.7969	0.5342
2934	0.6819	0.7728	0.5068
2935	0.7059	0.7952	0.5205
2936	0.6970	0.7901	0.4932
2937	0.7009	0.7912	0.5342
2938	0.7039	0.7883	0.5205
2939	0.6816	0.7771	0.5479
2940	0.7187	0.8091	0.5068
2941	0.7026	0.7968	0.4932
2942	0.6813	0.7731	0.5205
2943	0.7208	0.8134	0.5205
2944	0.6930	0.7840	0.5068
2945	0.7491	0.8402	0.5342
2946	0.7160	0.8090	0.5068
2947	0.6760	0.7623	0.5068
2948	0.7060	0.7918	0.5068
2949	0.6966	0.7897	0.5068
2950	0.7163	0.7978	0.5753
2951	0.7181	0.8085	0.5068
2952	0.7070	0.7856	0.5342
2953	0.7182	0.8007	0.5068
2954	0.7251	0.8174	0.4795
2955	0.7012	0.7836	0.4932
2956	0.7253	0.8138	0.5616
2957	0.6770	0.7638	0.5205
2958	0.7124	0.8034	0.4658
2959	0.7252	0.8031	0.4932
2960	0.6857	0.7765	0.5068
2961	0.6918	0.7831	0.5342
2962	0.7285	0.8171	0.5479
2963	0.7293	0.8214	0.4932
2964	0.7232	0.8033	0.4932
2965	0.6569	0.7538	0.4932
2966	0.7205	0.8051	0.4932
2967	0.6919	0.7761	0.4932
2968	0.7039	0.7970	0.5205
2969	0.7190	0.8022	0.5342
2970	0.7051	0.7981	0.5068
2971	0.7006	0.7911	0.5068
2972	0.7372	0.8184	0.5205
2973	0.6986	0.7884	0.4932
2974	0.7053	0.7894	0.4932
2975	0.7113	0.8004	0.5205
2976	0.7363	0.8135	0.5205
2977	0.6968	0.7869	0.4795
2978	0.7072	0.7996	0.4932
2979	0.7046	0.7840	0.5479
2980	0.7258	0.8074	0.4658
2981	0.6997	0.7855	0.5068
2982	0.7052	0.7973	0.4932
2983	0.6991	0.7921	0.5342
2984	0.6948	0.7807	0.5205
2985	0.7266	0.8145	0.5205
2986	0.7017	0.7844	0.5342
2987	0.7423	0.8328	0.5068
2988	0.7050	0.7972	0.5205
2989	0.7088	0.7904	0.4795
2990	0.7152	0.8048	0.4521
2991	0.6803	0.7631	0.5068
2992	0.6882	0.7833	0.5068
2993	0.6881	0.7782	0.5342
2994	0.7290	0.8168	0.4384
2995	0.7136	0.8060	0.4795
2996	0.6929	0.7780	0.5342
2997	0.7379	0.8187	0.5479
2998	0.7014	0.7865	0.4932
2999	0.7573	0.8391	0.4932
3000	0.7036	0.7869	0.5342
3001	0.6900	0.7730	0.5068
3002	0.6915	0.7843	0.5205
3003	0.7051	0.7990	0.5068
3004	0.7318	0.8153	0.5205
3005	0.7413	0.8235	0.5342
3006	0.6980	0.7825	0.4795
3007	0.7013	0.7862	0.5068
3008	0.7184	0.8078	0.4795
3009	0.7129	0.8029	0.4658
3010	0.7254	0.8099	0.5205
3011	0.6942	0.7868	0.4932
3012	0.6938	0.7737	0.5205
3013	0.7347	0.8124	0.5342
3014	0.6844	0.7762	0.5342
3015	0.6978	0.7886	0.4932
3016	0.6826	0.7670	0.4932
3017	0.6936	0.7794	0.4932
3018	0.7033	0.7934	0.5205
3019	0.6921	0.7721	0.4658
3020	0.7286	0.8175	0.4932
3021	0.6903	0.7804	0.4658
3022	0.7083	0.7894	0.5068
3023	0.6708	0.7554	0.5068
3024	0.6978	0.7829	0.4932
3025	0.7214	0.7989	0.4795
3026	0.6988	0.7929	0.5068
3027	0.7417	0.8218	0.5342
3028	0.7025	0.7929	0.5068
3029	0.7114	0.7903	0.4932
3030	0.7082	0.7995	0.4932
3031	0.7438	0.8349	0.5890
3032	0.7074	0.7975	0.5479
3033	0.6771	0.7715	0.5205
3034	0.7095	0.7917	0.4795
3035	0.7273	0.8179	0.4932
3036	0.7279	0.8189	0.5342
3037	0.6959	0.7818	0.4795
3038	0.7277	0.8094	0.5479
3039	0.6832	0.7676	0.5068
3040	0.6837	0.7789	0.5342
3041	0.7611	0.8513	0.4521
3042	0.7129	0.8061	0.4932
3043	0.7082	0.7903	0.5342
3044	0.7338	0.8174	0.5205
3045	0.7079	0.7968	0.5068
3046	0.6945	0.7888	0.5205
3047	0.6864	0.7774	0.5068
3048	0.7099	0.8002	0.4795
3049	0.6889	0.7687	0.5479
3050	0.7099	0.8033	0.4521
3051	0.6773	0.7612	0.5068
3052	0.7129	0.8057	0.5205
3053	0.7064	0.7960	0.5342
3054	0.7475	0.8344	0.5068
3055	0.6993	0.7827	0.5479
3056	0.7136	0.8021	0.5205
3057	0.6939	0.7739	0.5342
3058	0.6938	0.7844	0.5205
3059	0.7442	0.8278	0.5342
3060	0.7242	0.8079	0.5068
3061	0.7037	0.7938	0.5068
3062	0.6838	0.7761	0.5205
3063	0.7722	0.8580	0.5068
3064	0.7048	0.7896	0.5205
3065	0.7306	0.8207	0.4932
3066	0.6708	0.7643	0.5068
3067	0.6953	0.7901	0.5205
3068	0.7200	0.8094	0.4795
3069	0.7308	0.8187	0.4932
3070	0.7094	0.7921	0.4795
3071	0.7096	0.8030	0.5205
3072	0.7247	0.8137	0.5205
3073	0.7143	0.7995	0.5342
3074	0.7400	0.8171	0.4932
3075	0.7106	0.7952	0.5479
3076	0.7031	0.7823	0.5068
3077	0.7077	0.7908	0.5068
3078	0.7232	0.8155	0.5342
3079	0.7203	0.8005	0.5068
3080	0.6796	0.7634	0.5068
3081	0.7137	0.8038	0.5342
3082	0.6847	0.7757	0.4795
3083	0.7162	0.8085	0.4932
3084	0.6898	0.7802	0.5342
3085	0.7038	0.7952	0.5205
3086	0.7204	0.8109	0.5068
3087	0.7208	0.8097	0.4932
3088	0.6796	0.7738	0.5068
3089	0.7290	0.8170	0.5342
3090	0.6745	0.7684	0.4932
3091	0.6925	0.7745	0.5068
3092	0.7317	0.8220	0.4932
3093	0.6991	0.7908	0.4932
3094	0.7012	0.7802	0.4384
3095	0.7063	0.7892	0.5205
3096	0.6970	0.7880	0.5205
3097	0.6817	0.7741	0.5753
3098	0.7239	0.8085	0.4795
3099	0.7064	0.7978	0.5068
3100	0.7021	0.7952	0.4521
3101	0.6836	0.7637	0.5068
3102	0.7224	0.8106	0.4932
3103	0.6667	0.7549	0.5068
3104	0.7046	0.7968	0.5205
3105	0.6985	0.7924	0.4795
3106	0.7313	0.8221	0.4932
3107	0.7005	0.7798	0.5342
3108	0.6874	0.7785	0.5068
3109	0.6900	0.7736	0.4795
3110	0.7299	0.8093	0.5068
3111	0.7164	0.7981	0.5068
3112	0.7294	0.8203	0.5205
3113	0.6994	0.7787	0.5205
3114	0.7263	0.8175	0.4795
3115	0.6899	0.7770	0.5205
3116	0.7063	0.7851	0.4658
3117	0.7232	0.8120	0.5068
3118	0.6777	0.7628	0.5205
3119	0.7362	0.8188	0.4795
3120	0.7328	0.8211	0.4932
3121	0.6809	0.7757	0.5068
3122	0.7201	0.8089	0.4658
3123	0.7161	0.8007	0.5068
3124	0.6766	0.7720	0.5068
3125	0.6597	0.7416	0.5342
3126	0.6799	0.7710	0.5205
3127	0.7155	0.8051	0.5342
3128	0.7200	0.8013	0.5205
3129	0.7008	0.7908	0.5342
3130	0.6849	0.7720	0.5068
3131	0.7058	0.7898	0.5342
3132	0.6906	0.7812	0.5342
3133	0.6872	0.7732	0.4932
3134	0.6906	0.7772	0.5205
3135	0.7405	0.8201	0.5205
3136	0.7205	0.8092	0.5616
3137	0.6722	0.7564	0.5068
3138	0.7368	0.8135	0.5342
3139	0.7345	0.8268	0.5068
3140	0.7140	0.8029	0.5205
3141	0.7096	0.7944	0.5068
3142	0.6847	0.7701	0.5342
3143	0.7003	0.7798	0.5068
3144	0.6916	0.7774	0.5068
3145	0.7219	0.8021	0.4795
3146	0.7023	0.7925	0.5068
3147	0.7034	0.7938	0.5205
3148	0.7237	0.8077	0.5205
3149	0.7127	0.8020	0.5205
3150	0.7084	0.8023	0.5205
3151	0.6858	0.7689	0.5479
3152	0.7155	0.8042	0.5479
3153	0.6960	0.7796	0.4658
3154	0.6910	0.7832	0.4795
3155	0.6982	0.7920	0.5205
3156	0.7386	0.8291	0.5342
3157	0.7097	0.7887	0.5205
3158	0.6905	0.7819	0.4932
3159	0.7078	0.7978	0.5205
3160	0.7359	0.8265	0.5068
3161	0.7001	0.7900	0.5068
3162	0.7109	0.7929	0.4932
3163	0.7086	0.7940	0.5068
3164	0.6804	0.7678	0.5068
3165	0.6944	0.7882	0.4932
3166	0.7059	0.7984	0.5068
3167	0.7310	0.8191	0.5479
3168	0.7157	0.8008	0.5342
3169	0.7428	0.8344	0.5205
3170	0.7653	0.8438	0.5205
3171	0.7170	0.8099	0.4384
3172	0.6943	0.7796	0.5205
3173	0.7082	0.8016	0.5068
3174	0.7063	0.7919	0.5068
3175	0.7258	0.8035	0.4932
3176	0.7102	0.7891	0.5068
3177	0.6918	0.7714	0.4658
3178	0.7171	0.7985	0.5205
3179	0.6961	0.7819	0.4932
3180	0.6682	0.7607	0.5068
3181	0.7174	0.8076	0.5068
3182	0.7085	0.8022	0.4932
3183	0.7122	0.7967	0.4795
3184	0.7112	0.8029	0.4932
3185	0.6993	0.7810	0.5479
3186	0.6809	0.7620	0.4932
3187	0.7367	0.8269	0.5068
3188	0.7033	0.7822	0.5205
3189	0.7250	0.8094	0.5068
3190	0.6919	0.7822	0.5068
3191	0.7429	0.8192	0.5342
3192	0.6848	0.7762	0.4932
3193	0.7106	0.7999	0.5068
3194	0.7192	0.8106	0.4932
3195	0.7070	0.7911	0.5068
3196	0.7194	0.8122	0.5068
3197	0.6969	0.7824	0.5342
3198	0.6703	0.7558	0.4932
3199	0.6897	0.7728	0.5479
3200	0.7324	0.8130	0.4932
3201	0.6924	0.7828	0.5205
3202	0.6855	0.7718	0.4932
3203	0.7307	0.8203	0.4932
3204	0.7053	0.7956	0.5479
3205	0.6970	0.7907	0.4795
3206	0.7025	0.7859	0.4932
3207	0.7167	0.8003	0.5205
3208	0.7324	0.8211	0.4795
3209	0.7039	0.7894	0.5342
3210	0.6878	0.7702	0.5342
3211	0.7262	0.8108	0.4932
3212	0.7227	0.8004	0.4932
3213	0.6770	0.7614	0.4932
3214	0.7283	0.8090	0.4795
3215	0.7216	0.8107	0.5068
3216	0.7328	0.8250	0.4795
3217	0.7114	0.8013	0.5342
3218	0.7093	0.7878	0.5068
3219	0.7234	0.8125	0.5068
3220	0.6842	0.7755	0.4932
3221	0.7080	0.7900	0.4932
3222	0.7099	0.7930	0.4658
3223	0.6650	0.7585	0.5205
3224	0.6776	0.7648	0.5205
3225	0.7244	0.8055	0.5068
3226	0.6979	0.7807	0.5068
3227	0.6825	0.7731	0.5342
3228	0.6602	0.7490	0.5068
3229	0.6674	0.7492	0.4795
3230	0.6860	0.7734	0.5205
3231	0.7048	0.7958	0.4932
3232	0.6960	0.7861	0.4795
3233	0.7617	0.8500	0.5479
3234	0.7199	0.8023	0.5205
3235	0.7080	0.7969	0.5068
3236	0.7033	0.7931	0.5479
3237	0.7457	0.8334	0.5205
3238	0.6838	0.7706	0.5342
3239	0.7423	0.8298	0.5068
3240	0.7164	0.7982	0.5068
3241	0.6705	0.7618	0.4932
3242	0.7239	0.8149	0.4932
3243	0.7328	0.8210	0.5342
3244	0.6944	0.7883	0.4932
3245	0.7192	0.7977	0.5068
3246	0.7446	0.8242	0.5068
3247	0.7079	0.7926	0.5342
3248	0.7472	0.8239	0.5205
3249	0.6878	0.7803	0.5205
3250	0.6830	0.7741	0.5342
3251	0.6888	0.7724	0.5205
3252	0.6749	0.7564	0.5068
3253	0.7011	0.7918	0.5205
3254	0.7018	0.7916	0.5068
3255	0.6914	0.7737	0.4795
3256	0.7013	0.7849	0.4932
3257	0.6939	0.7868	0.5068
3258	0.7270	0.8188	0.5205
3259	0.7160	0.8002	0.5342
3260	0.7282	0.8125	0.5205
3261	0.7134	0.7940	0.4932
3262	0.7435	0.8241	0.4795
3263	0.7078	0.7922	0.5068
3264	0.7100	0.8038	0.5068
3265	0.7056	0.7951	0.5205
3266	0.6857	0.7770	0.5342
3267	0.6885	0.7717	0.4795
3268	0.6992	0.7936	0.5068
3269	0.7175	0.8063	0.5479
3270	0.7156	0.8071	0.4932
3271	0.7340	0.8250	0.5479
3272	0.7379	0.8216	0.5205
3273	0.7205	0.8025	0.4932
3274	0.7122	0.8037	0.4795
3275	0.6880	0.7743	0.5479
3276	0.6793	0.7710	0.4932
3277	0.7316	0.8193	0.5068
3278	0.7001	0.7901	0.5479
3279	0.7171	0.7985	0.4932
3280	0.7123	0.8048	0.4384
3281	0.6742	0.7608	0.5342
3282	0.6954	0.7883	0.5068
3283	0.6926	0.7768	0.4795
3284	0.7093	0.7942	0.4932
3285	0.7205	0.8019	0.5205
3286	0.7040	0.7964	0.5205
3287	0.7177	0.8003	0.5068
3288	0.7337	0.8171	0.5068
3289	0.6985	0.7801	0.4932
3290	0.6899	0.7814	0.4795
3291	0.6744	0.7665	0.5068
3292	0.7161	0.7944	0.5342
3293	0.7055	0.7900	0.4932
3294	0.7154	0.8008	0.4795
3295	0.6962	0.7824	0.4932
3296	0.7057	0.7887	0.5068
3297	0.6628	0.7558	0.4932
3298	0.6951	0.7768	0.4932
3299	0.6800	0.7716	0.4932
3300	0.6690	0.7547	0.5068
3301	0.7124	0.8049	0.5205
3302	0.7506	0.8298	0.5205
3303	0.6965	0.7865	0.4932
3304	0.7207	0.8110	0.4932
3305	0.7033	0.7927	0.5068
3306	0.6897	0.7841	0.5205
3307	0.7635	0.8411	0.4795
3308	0.7166	0.7977	0.4932
3309	0.6526	0.7418	0.5342
3310	0.7198	0.8032	0.4795
3311	0.7230	0.8158	0.4658
3312	0.7207	0.8027	0.5068
3313	0.7231	0.8153	0.4795
3314	0.7041	0.7964	0.5205
3315	0.7152	0.8065	0.4932
3316	0.6862	0.7686	0.4932
3317	0.7180	0.8065	0.4932
3318	0.7176	0.8029	0.4932
3319	0.7246	0.8019	0.5205
3320	0.6898	0.7693	0.5205
3321	0.7486	0.8307	0.4658
3322	0.7274	0.8156	0.4795
3323	0.6947	0.7873	0.5205
3324	0.6785	0.7660	0.5068
3325	0.7077	0.7975	0.5068
3326	0.7305	0.8226	0.5479
3327	0.7085	0.7942	0.5616
3328	0.6982	0.7820	0.5205
3329	0.7171	0.8014	0.5205
3330	0.7211	0.8061	0.5205
3331	0.7420	0.8249	0.4932
3332	0.7314	0.8212	0.5068
3333	0.7207	0.8119	0.5205
3334	0.7044	0.7940	0.4795
3335	0.7261	0.8173	0.5068
3336	0.6803	0.7673	0.4795
3337	0.6859	0.7774	0.4521
3338	0.7089	0.8003	0.4795
3339	0.7207	0.8123	0.4932
3340	0.7207	0.8098	0.5616
3341	0.7132	0.8047	0.4795
3342	0.7156	0.8075	0.4932
3343	0.6767	0.7721	0.5342
3344	0.7220	0.8110	0.5068
3345	0.7160	0.8014	0.4795
3346	0.7700	0.8449	0.4658
3347	0.6963	0.7895	0.5068
3348	0.6883	0.7681	0.5342
3349	0.7549	0.8418	0.4658
3350	0.6752	0.7688	0.5068
3351	0.7211	0.8012	0.4932
3352	0.6743	0.7660	0.5068
3353	0.6816	0.7688	0.5753
3354	0.7370	0.8163	0.4932
3355	0.7148	0.7971	0.5205
3356	0.6730	0.7656	0.5205
3357	0.7255	0.8036	0.4658
3358	0.7110	0.7899	0.5205
3359	0.6991	0.7852	0.5479
3360	0.7335	0.8142	0.4521
3361	0.6969	0.7787	0.4795
3362	0.6755	0.7566	0.5068
3363	0.7003	0.7933	0.5205
3364	0.6941	0.7782	0.4932
3365	0.7123	0.8044	0.4932
3366	0.7490	0.8402	0.4932
3367	0.7098	0.7946	0.5205
3368	0.6921	0.7846	0.5068
3369	0.6932	0.7861	0.5068
3370	0.6976	0.7793	0.4932
3371	0.6986	0.7930	0.5205
3372	0.6930	0.7753	0.5205
3373	0.7027	0.7852	0.4932
3374	0.6915	0.7718	0.5342
3375	0.7054	0.7966	0.4795
3376	0.6865	0.7696	0.5479
3377	0.6941	0.7862	0.5479
3378	0.7045	0.7859	0.4795
3379	0.7097	0.7987	0.5205
3380	0.7018	0.7929	0.5068
3381	0.6734	0.7603	0.5479
3382	0.7286	0.8167	0.4932
3383	0.7190	0.8084	0.4932
3384	0.6963	0.7756	0.5205
3385	0.7144	0.8054	0.5205
3386	0.7102	0.7957	0.4795
3387	0.7112	0.7960	0.5068
3388	0.6893	0.7758	0.5342
3389	0.6957	0.7748	0.4932
3390	0.6780	0.7584	0.5068
3391	0.7120	0.8022	0.4795
3392	0.7069	0.7982	0.5342
3393	0.7116	0.7973	0.5068
3394	0.6724	0.7606	0.5205
3395	0.7389	0.8304	0.5068
3396	0.6935	0.7875	0.5479
3397	0.7069	0.7964	0.5342
3398	0.7018	0.7956	0.4932
3399	0.6875	0.7780	0.5205
3400	0.7025	0.7963	0.5205
3401	0.7178	0.8067	0.5068
3402	0.7063	0.7905	0.5068
3403	0.7166	0.8072	0.4932
3404	0.7136	0.8035	0.4932
3405	0.6940	0.7851	0.5205
3406	0.6998	0.7819	0.5205
3407	0.7087	0.7877	0.4521
3408	0.7168	0.8006	0.4932
3409	0.7165	0.8003	0.4932
3410	0.7027	0.7872	0.4932
3411	0.6978	0.7775	0.5068
3412	0.7255	0.8099	0.4932
3413	0.6925	0.7856	0.5068
3414	0.7106	0.7895	0.4932
3415	0.7079	0.8014	0.5205
3416	0.7118	0.7899	0.5068
3417	0.7131	0.8016	0.5205
3418	0.6875	0.7811	0.5205
3419	0.7366	0.8204	0.4658
3420	0.6999	0.7928	0.4932
3421	0.7203	0.8097	0.5205
3422	0.6772	0.7730	0.4932
3423	0.7067	0.7970	0.4795
3424	0.6815	0.7663	0.4932
3425	0.7005	0.7928	0.5068
3426	0.7486	0.8398	0.4932
3427	0.7134	0.8056	0.5205
3428	0.7068	0.7861	0.5479
3429	0.7449	0.8319	0.4932
3430	0.7215	0.8106	0.5068
3431	0.6721	0.7535	0.5342
3432	0.6920	0.7722	0.5068
3433	0.7291	0.8069	0.5342
3434	0.6917	0.7826	0.5068
3435	0.7081	0.8003	0.5342
3436	0.7170	0.8104	0.5068
3437	0.7130	0.7975	0.4932
3438	0.6920	0.7758	0.5342
3439	0.7457	0.8365	0.5068
3440	0.6803	0.7653	0.5068
3441	0.7111	0.8006	0.4795
3442	0.6955	0.7856	0.4795
3443	0.7325	0.8137	0.4932
3444	0.7171	0.7978	0.5205
3445	0.7031	0.7854	0.4795
3446	0.6974	0.7916	0.5342
3447	0.7184	0.8078	0.4658
3448	0.6930	0.7798	0.5068
3449	0.6942	0.7864	0.5342
3450	0.7128	0.8059	0.4658
3451	0.7230	0.8117	0.5205
3452	0.6780	0.7652	0.5205
3453	0.7184	0.8027	0.5068
3454	0.6721	0.7585	0.4932
3455	0.6840	0.7779	0.4932
3456	0.7213	0.8062	0.4932
3457	0.6828	0.7696	0.4795
3458	0.6834	0.7778	0.5068
3459	0.7307	0.8115	0.5479
3460	0.6971	0.7810	0.4932
3461	0.7161	0.8048	0.5205
3462	0.6831	0.7761	0.5068
3463	0.7524	0.8315	0.5479
3464	0.7008	0.7796	0.5205
3465	0.6770	0.7701	0.5068
3466	0.7101	0.7957	0.5205
3467	0.6763	0.7718	0.5616
3468	0.6791	0.7656	0.5342
3469	0.7032	0.7867	0.5068
3470	0.7054	0.7864	0.5205
3471	0.7028	0.7853	0.5342
3472	0.7117	0.7927	0.5068
3473	0.7073	0.8010	0.4932
3474	0.7125	0.7913	0.4932
3475	0.7186	0.8102	0.4795
3476	0.7318	0.8122	0.4932
3477	0.6926	0.7755	0.5342
3478	0.6864	0.7722	0.4795
3479	0.7133	0.8055	0.4795
3480	0.7150	0.8072	0.5068
3481	0.7022	0.7836	0.5342
3482	0.7275	0.8156	0.5068
3483	0.6921	0.7779	0.5205
3484	0.7118	0.8033	0.4932
3485	0.6815	0.7724	0.5342
3486	0.6761	0.7697	0.5205
3487	0.7153	0.8068	0.5205
3488	0.7220	0.8110	0.4932
3489	0.6855	0.7660	0.5342
3490	0.6934	0.7839	0.5342
3491	0.6791	0.7638	0.4932
3492	0.6947	0.7775	0.5342
3493	0.7057	0.7842	0.5342
3494	0.7307	0.8187	0.4932
3495	0.7366	0.8197	0.4932
3496	0.6844	0.7754	0.5068
3497	0.7147	0.7985	0.4932
3498	0.6989	0.7900	0.4795
3499	0.6652	0.7473	0.4795
3500	0.6947	0.7741	0.4658
3501	0.7413	0.8287	0.5205
3502	0.6871	0.7779	0.5342
3503	0.7004	0.7904	0.4932
3504	0.6688	0.7501	0.4932
3505	0.7107	0.7961	0.4658
3506	0.7011	0.7947	0.4658
3507	0.7068	0.7888	0.5342
3508	0.7441	0.8331	0.5342
3509	0.7059	0.7888	0.4932
3510	0.6999	0.7921	0.5068
3511	0.7321	0.8201	0.5068
3512	0.6684	0.7520	0.5342
3513	0.7068	0.8003	0.4658
3514	0.6891	0.7747	0.5342
3515	0.6912	0.7772	0.4932
3516	0.7152	0.8084	0.5068
3517	0.7307	0.8150	0.5068
3518	0.7322	0.8162	0.5616
3519	0.7334	0.8217	0.5479
3520	0.6984	0.7842	0.5205
3521	0.7180	0.8091	0.4932
3522	0.7040	0.7835	0.5205
3523	0.6732	0.7692	0.5616
3524	0.7186	0.8099	0.4795
3525	0.7260	0.8089	0.4932
3526	0.7148	0.7935	0.5068
3527	0.6870	0.7816	0.4932
3528	0.7018	0.7879	0.4795
3529	0.6965	0.7866	0.4795
3530	0.7355	0.8123	0.4932
3531	0.7060	0.7996	0.5068
3532	0.7087	0.7880	0.4795
3533	0.7111	0.8003	0.4932
3534	0.6928	0.7766	0.5068
3535	0.6686	0.7640	0.5068
3536	0.6826	0.7686	0.4795
3537	0.7074	0.7989	0.5068
3538	0.6976	0.7791	0.5342
3539	0.7159	0.8001	0.4932
3540	0.7703	0.8474	0.4932
3541	0.7179	0.8074	0.5205
3542	0.7076	0.7900	0.5205
3543	0.7451	0.8319	0.5479
3544	0.6648	0.7464	0.5342
3545	0.7170	0.8095	0.5342
3546	0.7291	0.8129	0.4521
3547	0.7487	0.8254	0.5068
3548	0.7083	0.7933	0.5068
3549	0.7383	0.8303	0.4932
3550	0.7223	0.8124	0.4521
3551	0.7017	0.7843	0.4795
3552	0.7079	0.7967	0.5205
3553	0.7095	0.7993	0.5205
3554	0.6779	0.7718	0.5068
3555	0.6834	0.7636	0.4658
3556	0.7438	0.8262	0.5479
3557	0.6870	0.7803	0.5205
3558	0.7498	0.8404	0.5479
3559	0.6996	0.7937	0.5342
3560	0.7278	0.8160	0.4658
3561	0.7187	0.8030	0.4932
3562	0.7335	0.8151	0.4932
3563	0.7182	0.8099	0.4795
3564	0.6821	0.7778	0.4521
3565	0.6910	0.7730	0.5205
3566	0.6906	0.7845	0.5205
3567	0.7079	0.7928	0.5205
3568	0.6988	0.7894	0.5205
3569	0.7195	0.8039	0.4932
3570	0.7120	0.8018	0.4932
3571	0.7594	0.8380	0.5068
3572	0.7023	0.7929	0.5068
3573	0.6856	0.7766	0.4932
3574	0.7213	0.7991	0.5342
3575	0.7538	0.8294	0.5068
3576	0.7076	0.8000	0.4932
3577	0.7365	0.8286	0.5205
3578	0.7015	0.7908	0.4795
3579	0.6848	0.7653	0.5342
3580	0.7101	0.7997	0.4795
3581	0.7090	0.8026	0.5068
3582	0.7120	0.7959	0.4932
3583	0.7328	0.8229	0.4932
3584	0.7455	0.8279	0.4247
3585	0.7115	0.8006	0.5068
3586	0.7023	0.7854	0.4795
3587	0.7082	0.7996	0.5068
3588	0.7121	0.8052	0.5068
3589	0.6995	0.7843	0.4932
3590	0.6474	0.7332	0.4795
3591	0.7346	0.8185	0.5479
3592	0.7120	0.8018	0.5342
3593	0.7156	0.8070	0.5068
3594	0.6832	0.7668	0.5205
3595	0.7125	0.7978	0.5616
3596	0.6751	0.7665	0.5342
3597	0.7086	0.8012	0.5068
3598	0.7109	0.7939	0.5068
3599	0.7099	0.8015	0.5342
3600	0.7135	0.8051	0.4932
3601	0.7209	0.8024	0.5479
3602	0.7590	0.8483	0.5205
3603	0.7080	0.8007	0.5205
3604	0.7535	0.8404	0.5479
3605	0.6960	0.7902	0.4795
3606	0.6999	0.7926	0.4658
3607	0.7090	0.7946	0.4795
3608	0.7368	0.8258	0.4932
3609	0.7200	0.8092	0.4658
3610	0.6933	0.7847	0.5068
3611	0.7227	0.8010	0.4795
3612	0.7022	0.7964	0.5205
3613	0.7104	0.7950	0.4521
3614	0.7385	0.8262	0.4932
3615	0.6871	0.7736	0.5068
3616	0.7433	0.8267	0.5068
3617	0.7235	0.8151	0.5342
3618	0.7151	0.7935	0.4932
3619	0.7545	0.8305	0.4932
3620	0.6870	0.7711	0.5068
3621	0.7520	0.8285	0.5068
3622	0.7324	0.8243	0.5342
3623	0.7236	0.8082	0.4932
3624	0.7325	0.8229	0.5205
3625	0.7117	0.7973	0.5753
3626	0.7010	0.7953	0.5068
3627	0.7389	0.8178	0.4658
3628	0.7632	0.8491	0.4932
3629	0.7069	0.7863	0.5205
3630	0.6960	0.7875	0.5479
3631	0.6963	0.7813	0.4932
3632	0.6755	0.7688	0.4932
3633	0.7012	0.7807	0.4932
3634	0.7198	0.8089	0.5068
3635	0.6845	0.7760	0.5479
3636	0.6977	0.7833	0.5342
3637	0.6919	0.7819	0.5068
3638	0.6709	0.7586	0.5068
3639	0.7231	0.8015	0.5068
3640	0.6996	0.7897	0.5205
3641	0.7452	0.8349	0.5616
3642	0.6788	0.7615	0.4521
3643	0.7133	0.8023	0.4932
3644	0.7213	0.8025	0.4795
3645	0.6863	0.7779	0.4932
3646	0.7035	0.7939	0.4932
3647	0.7016	0.7913	0.5068
3648	0.7124	0.8034	0.5342
3649	0.7297	0.8130	0.5068
3650	0.7381	0.8254	0.5479
3651	0.7486	0.8252	0.4932
3652	0.6842	0.7780	0.4932
3653	0.7079	0.7938	0.5205
3654	0.6805	0.7725	0.5342
3655	0.7270	0.8177	0.5068
3656	0.7521	0.8391	0.4795
3657	0.6892	0.7798	0.5342
3658	0.7243	0.8156	0.5342
3659	0.7075	0.7997	0.4932
3660	0.6936	0.7846	0.4795
3661	0.7458	0.8280	0.5205
3662	0.6884	0.7710	0.5068
3663	0.6842	0.7781	0.5342
3664	0.6984	0.7812	0.5205
3665	0.7064	0.7875	0.4795
3666	0.7163	0.8050	0.5342
3667	0.7172	0.8104	0.5342
3668	0.6948	0.7809	0.4932
3669	0.7395	0.8313	0.5616
3670	0.7288	0.8166	0.5068
3671	0.7004	0.7803	0.5342
3672	0.7269	0.8184	0.5068
3673	0.7130	0.7973	0.4932
3674	0.7046	0.7947	0.5616
3675	0.7172	0.7953	0.5068
3676	0.6950	0.7749	0.5342
3677	0.6949	0.7876	0.4932
3678	0.7148	0.7965	0.5479
3679	0.7182	0.8014	0.4658
3680	0.6660	0.7582	0.5342
3681	0.7169	0.8022	0.4658
3682	0.7175	0.7977	0.4932
3683	0.7241	0.8022	0.5068
3684	0.6989	0.7851	0.4932
3685	0.6844	0.7787	0.5205
3686	0.7086	0.7933	0.5342
3687	0.7280	0.8170	0.4795
3688	0.6976	0.7901	0.5205
3689	0.7107	0.7954	0.5342
3690	0.7546	0.8435	0.4658
3691	0.7268	0.8076	0.5479
3692	0.7127	0.8054	0.4932
3693	0.7223	0.8000	0.5205
3694	0.7015	0.7934	0.4521
3695	0.7173	0.8075	0.5068
3696	0.6835	0.7683	0.5205
3697	0.6779	0.7728	0.5479
3698	0.6831	0.7746	0.5068
3699	0.7213	0.7990	0.4932
3700	0.6992	0.7916	0.4932
3701	0.7144	0.8031	0.5068
3702	0.6775	0.7615	0.5205
3703	0.7276	0.8087	0.5068
3704	0.6943	0.7850	0.5205
3705	0.7090	0.7912	0.4932
3706	0.7575	0.8398	0.4658
3707	0.6954	0.7859	0.5068
3708	0.7016	0.7808	0.5068
3709	0.7346	0.8223	0.4795
3710	0.7129	0.8061	0.5205
3711	0.6837	0.7785	0.4932
3712	0.7110	0.8025	0.5205
3713	0.6997	0.7922	0.4521
3714	0.7156	0.8045	0.5205
3715	0.7161	0.8005	0.5068
3716	0.7270	0.8090	0.4932
3717	0.6800	0.7748	0.4932
3718	0.7394	0.8272	0.5205
3719	0.6972	0.7896	0.4932
3720	0.7017	0.7912	0.4932
3721	0.7016	0.7866	0.5205
3722	0.6905	0.7772	0.5205
3723	0.7150	0.8044	0.4521
3724	0.7065	0.7885	0.5068
3725	0.6795	0.7607	0.5342
3726	0.7429	0.8308	0.5616
3727	0.6888	0.7801	0.5342
3728	0.7173	0.8063	0.5205
3729	0.7231	0.8067	0.5342
3730	0.7145	0.7990	0.4795
3731	0.7067	0.7957	0.5205
3732	0.7081	0.8011	0.4932
3733	0.6908	0.7822	0.5205
3734	0.7117	0.7938	0.4932
3735	0.6739	0.7660	0.5068
3736	0.6822	0.7751	0.5205
3737	0.7134	0.8049	0.4658
3738	0.7059	0.7954	0.4932
3739	0.6809	0.7676	0.5205
3740	0.7328	0.8144	0.5342
3741	0.7136	0.7923	0.5479
3742	0.7197	0.8128	0.5068
3743	0.7102	0.8005	0.5068
3744	0.6931	0.7838	0.4932
3745	0.6906	0.7709	0.5068
3746	0.6866	0.7781	0.5068
3747	0.7410	0.8209	0.4795
3748	0.6999	0.7823	0.5342
3749	0.7191	0.7975	0.5068
3750	0.6862	0.7796	0.5068
3751	0.7056	0.7985	0.5342
3752	0.6948	0.7858	0.4658
3753	0.6885	0.7706	0.5068
3754	0.7123	0.8055	0.5205
3755	0.6964	0.7908	0.4932
3756	0.7180	0.8020	0.4932
3757	0.7142	0.8072	0.4932
3758	0.6997	0.7901	0.4795
3759	0.7062	0.7956	0.5068
3760	0.7053	0.7968	0.5205
3761	0.6982	0.7778	0.4932
3762	0.7043	0.7902	0.5342
3763	0.7222	0.8102	0.5205
3764	0.7168	0.7982	0.4795
3765	0.7293	0.8108	0.4795
3766	0.7308	0.8151	0.5205
3767	0.6850	0.7657	0.4932
3768	0.7146	0.8074	0.5205
3769	0.6876	0.7700	0.5205
3770	0.7001	0.7818	0.4795
3771	0.7062	0.7997	0.5068
3772	0.7211	0.8022	0.4932
3773	0.7151	0.8059	0.5205
3774	0.7432	0.8309	0.5205
3775	0.7252	0.8167	0.4795
3776	0.7415	0.8308	0.5068
3777	0.7096	0.7948	0.4932
3778	0.7175	0.8023	0.5205
3779	0.7345	0.8251	0.4932
3780	0.7013	0.7950	0.4795
3781	0.7059	0.7902	0.5342
3782	0.7050	0.7863	0.5068
3783	0.7003	0.7897	0.5068
3784	0.6870	0.7822	0.5205
3785	0.6969	0.7795	0.5342
3786	0.7376	0.8142	0.5205
3787	0.6877	0.7788	0.5479
3788	0.7595	0.8493	0.5342
3789	0.6514	0.7470	0.5068
3790	0.6915	0.7826	0.5068
3791	0.6613	0.7493	0.4658
3792	0.7165	0.8008	0.5342
3793	0.6915	0.7852	0.5342
3794	0.7230	0.8014	0.5068
3795	0.7369	0.8244	0.5068
3796	0.7155	0.8058	0.5205
3797	0.7202	0.8016	0.4932
3798	0.7370	0.8266	0.5068
3799	0.7413	0.8281	0.5342
3800	0.6836	0.7792	0.4384
3801	0.6858	0.7714	0.5342
3802	0.6913	0.7756	0.5068
3803	0.7080	0.7891	0.5068
3804	0.7096	0.8025	0.5205
3805	0.7204	0.8053	0.5068
3806	0.7213	0.8139	0.5205
3807	0.7427	0.8264	0.4384
3808	0.6791	0.7623	0.5479
3809	0.7045	0.7954	0.4384
3810	0.7215	0.8135	0.4795
3811	0.7070	0.7890	0.5342
3812	0.6944	0.7746	0.5205
3813	0.7150	0.7964	0.5342
3814	0.6826	0.7690	0.5479
3815	0.7060	0.7874	0.5068
3816	0.7361	0.8271	0.4658
3817	0.6957	0.7758	0.5479
3818	0.6623	0.7463	0.5342
3819	0.7220	0.8144	0.4658
3820	0.7198	0.7982	0.5068
3821	0.7356	0.8234	0.5068
3822	0.7485	0.8245	0.4795
3823	0.7144	0.8063	0.4795
3824	0.6866	0.7796	0.4795
3825	0.7106	0.8041	0.5068
3826	0.6692	0.7653	0.5205
3827	0.6960	0.7865	0.5205
3828	0.7176	0.8027	0.4795
3829	0.7144	0.7931	0.5342
3830	0.7149	0.7999	0.4932
3831	0.7244	0.8081	0.5068
3832	0.7315	0.8091	0.5205
3833	0.7215	0.8102	0.4932
3834	0.7108	0.8041	0.4932
3835	0.6982	0.7776	0.5205
3836	0.7038	0.7850	0.5205
3837	0.7539	0.8329	0.4932
3838	0.6938	0.7803	0.5205
3839	0.7030	0.7885	0.5205
3840	0.7313	0.8205	0.5205
3841	0.7254	0.8161	0.4932
3842	0.7268	0.8079	0.4932
3843	0.6717	0.7572	0.4932
3844	0.6827	0.7783	0.4932
3845	0.7335	0.8131	0.5205
3846	0.6943	0.7870	0.5342
3847	0.6914	0.7742	0.4795
3848	0.6723	0.7642	0.4932
3849	0.6660	0.7517	0.5205
3850	0.7356	0.8239	0.5342
3851	0.7244	0.8153	0.5479
3852	0.7018	0.7808	0.5342
3853	0.7188	0.8085	0.5479
3854	0.7114	0.7971	0.5205
3855	0.6830	0.7637	0.5342
3856	0.7030	0.7852	0.5068
3857	0.6955	0.7855	0.4658
3858	0.7318	0.8097	0.5205
3859	0.7141	0.8070	0.5342
3860	0.7080	0.8005	0.5205
3861	0.6684	0.7502	0.4932
3862	0.6948	0.7776	0.5068
3863	0.6819	0.7737	0.5068
3864	0.7044	0.7939	0.5205
3865	0.6939	0.7796	0.5205
3866	0.7015	0.7858	0.5205
3867	0.6799	0.7648	0.5068
3868	0.6726	0.7642	0.5205
3869	0.7325	0.8205	0.5205
3870	0.7053	0.7912	0.4658
3871	0.6984	0.7812	0.5205
3872	0.7066	0.7991	0.4658
3873	0.6637	0.7525	0.5479
3874	0.7175	0.8096	0.5205
3875	0.6719	0.7602	0.5205
3876	0.6933	0.7773	0.4795
3877	0.7162	0.7977	0.5205
3878	0.6899	0.7760	0.5342
3879	0.6985	0.7889	0.4795
3880	0.6865	0.7670	0.4795
3881	0.7178	0.8091	0.4521
3882	0.6886	0.7825	0.5205
3883	0.7210	0.8091	0.5068
3884	0.7134	0.8054	0.4932
3885	0.6974	0.7905	0.5205
3886	0.6884	0.7792	0.5479
3887	0.6801	0.7743	0.4795
3888	0.7276	0.8106	0.5205
3889	0.7229	0.8156	0.4795
3890	0.6759	0.7712	0.5068
3891	0.6917	0.7825	0.5068
3892	0.7033	0.7848	0.4932
3893	0.7116	0.8050	0.5205
3894	0.7068	0.7891	0.5753
3895	0.7022	0.7924	0.5342
3896	0.7224	0.8149	0.5068
3897	0.6857	0.7800	0.5068
3898	0.7016	0.7919	0.5068
3899	0.7102	0.7892	0.5342
3900	0.6909	0.7817	0.5342
3901	0.7030	0.7824	0.5068
3902	0.6760	0.7713	0.5205
3903	0.6898	0.7805	0.5068
3904	0.7117	0.8016	0.5068
3905	0.7267	0.8083	0.5068
3906	0.6892	0.7724	0.4932
3907	0.7148	0.8043	0.5479
3908	0.7245	0.8172	0.5479
3909	0.6803	0.7751	0.4932
3910	0.6946	0.7811	0.5068
3911	0.7183	0.8023	0.5068
3912	0.7128	0.7955	0.4795
3913	0.7038	0.7934	0.4521
3914	0.6958	0.7855	0.4795
3915	0.7552	0.8424	0.4795
3916	0.7028	0.7925	0.5068
3917	0.6978	0.7825	0.5205
3918	0.7299	0.8098	0.5068
3919	0.7387	0.8259	0.5205
3920	0.7038	0.7941	0.4795
3921	0.7019	0.7869	0.4932
3922	0.6957	0.7787	0.4795
3923	0.7033	0.7929	0.5068
3924	0.6920	0.7845	0.5205
3925	0.7165	0.8059	0.5068
3926	0.6879	0.7827	0.4932
3927	0.6952	0.7811	0.5068
3928	0.7223	0.8103	0.5479
3929	0.7089	0.7907	0.4658
3930	0.7107	0.7935	0.5068
3931	0.6979	0.7816	0.5205
3932	0.6930	0.7789	0.5205
3933	0.7292	0.8124	0.5068
3934	0.6824	0.7755	0.4932
3935	0.7097	0.8013	0.5616
3936	0.6919	0.7823	0.5479
3937	0.7028	0.7875	0.4795
3938	0.6903	0.7763	0.5205
3939	0.6970	0.7879	0.5205
3940	0.7122	0.8015	0.5205
3941	0.7005	0.7933	0.5479
3942	0.7118	0.8016	0.5342
3943	0.7313	0.8088	0.4932
3944	0.7562	0.8431	0.5479
3945	0.6954	0.7805	0.4932
3946	0.7325	0.8100	0.5205
3947	0.7199	0.8015	0.4658
3948	0.7385	0.8225	0.5342
3949	0.6888	0.7733	0.4795
3950	0.6795	0.7604	0.5068
3951	0.6995	0.7786	0.5205
3952	0.7405	0.8320	0.4932
3953	0.7017	0.7877	0.5068
3954	0.7471	0.8236	0.5342
3955	0.7001	0.7909	0.5753
3956	0.6800	0.7646	0.5205
3957	0.7280	0.8078	0.5205
3958	0.7206	0.8057	0.5068
3959	0.7002	0.7857	0.5205
3960	0.6650	0.7530	0.5068
3961	0.6846	0.7674	0.5068
3962	0.6811	0.7642	0.5205
3963	0.7173	0.7960	0.4658
3964	0.6701	0.7645	0.4932
3965	0.7004	0.7947	0.5342
3966	0.7039	0.7886	0.4521
3967	0.7368	0.8170	0.5342
3968	0.6885	0.7828	0.4932
3969	0.6848	0.7711	0.4795
3970	0.6979	0.7835	0.5205
3971	0.7122	0.8014	0.5205
3972	0.7434	0.8314	0.4521
3973	0.7090	0.7881	0.4932
3974	0.7018	0.7868	0.4932
3975	0.7026	0.7840	0.4795
3976	0.7130	0.8022	0.4658
3977	0.6884	0.7800	0.4658
3978	0.6990	0.7930	0.5068
3979	0.7269	0.8152	0.5342
3980	0.6847	0.7694	0.5205
3981	0.7020	0.7913	0.5342
3982	0.7157	0.8080	0.5753
3983	0.6874	0.7819	0.4658
3984	0.6769	0.7600	0.4658
3985	0.6963	0.7905	0.5205
3986	0.7246	0.8084	0.5205
3987	0.6939	0.7767	0.5342
3988	0.7123	0.7952	0.5205
3989	0.6507	0.7436	0.4795
3990	0.7060	0.7881	0.5068
3991	0.7022	0.7918	0.5342
3992	0.7106	0.8040	0.5068
3993	0.7158	0.7975	0.5342
3994	0.7253	0.8099	0.4932
3995	0.6659	0.7600	0.5068
3996	0.7347	0.8178	0.5205
3997	0.6862	0.7800	0.4795
3998	0.7176	0.8025	0.4932
3999	0.6855	0.7725	0.5205
4000	0.7309	0.8106	0.5616
4001	0.6920	0.7854	0.4932
4002	0.6970	0.7901	0.5068
4003	0.7324	0.8243	0.4658
4004	0.7611	0.8510	0.5342
4005	0.6889	0.7825	0.5205
4006	0.6896	0.7847	0.5479
4007	0.7098	0.8035	0.5205
4008	0.7446	0.8277	0.5342
4009	0.7186	0.8023	0.4658
4010	0.7053	0.7914	0.5205
4011	0.7332	0.8216	0.5068
4012	0.6935	0.7776	0.5205
4013	0.7415	0.8234	0.5205
4014	0.7390	0.8264	0.5479
4015	0.7026	0.7880	0.5068
4016	0.7177	0.8021	0.4658
4017	0.7191	0.8007	0.5205
4018	0.6930	0.7878	0.5068
4019	0.7083	0.7978	0.5479
4020	0.7223	0.8055	0.4658
4021	0.6963	0.7865	0.5342
4022	0.6898	0.7765	0.4932
4023	0.7043	0.7864	0.4795
4024	0.6810	0.7726	0.5068
4025	0.7084	0.7941	0.4521
4026	0.7245	0.8153	0.5342
4027	0.7011	0.7806	0.5068
4028	0.7426	0.8256	0.4521
4029	0.6924	0.7777	0.5205
4030	0.7075	0.7924	0.4932
4031	0.7365	0.8199	0.4795
4032	0.7008	0.7951	0.5068
4033	0.6928	0.7830	0.5205
4034	0.7257	0.8166	0.5068
4035	0.6958	0.7859	0.5068
4036	0.7034	0.7941	0.5068
4037	0.6927	0.7728	0.4932
4038	0.7064	0.7858	0.5205
4039	0.7138	0.7982	0.5342
4040	0.6836	0.7751	0.5205
4041	0.7131	0.7918	0.5068
4042	0.7085	0.7917	0.5205
4043	0.7343	0.8136	0.5205
4044	0.7176	0.8062	0.4795
4045	0.7071	0.8009	0.5205
4046	0.6953	0.7885	0.5205
4047	0.7215	0.7990	0.4932
4048	0.7202	0.8095	0.5068
4049	0.7250	0.8167	0.5342
4050	0.6803	0.7728	0.5342
4051	0.7149	0.8043	0.4658
4052	0.7274	0.8182	0.5068
4053	0.7028	0.7851	0.4795
4054	0.6983	0.7800	0.4795
4055	0.7066	0.7995	0.4795
4056	0.7110	0.8028	0.5342
4057	0.7022	0.7952	0.5479
4058	0.7162	0.8079	0.5068
4059	0.7099	0.7946	0.5342
4060	0.7219	0.8110	0.4521
4061	0.6857	0.7659	0.5342
4062	0.7146	0.8063	0.5753
4063	0.7373	0.8255	0.4932
4064	0.6880	0.7740	0.5205
4065	0.6928	0.7827	0.4795
4066	0.7246	0.8133	0.5342
4067	0.7299	0.8073	0.4795
4068	0.6849	0.7691	0.5068
4069	0.6770	0.7574	0.5068
4070	0.7050	0.7970	0.5205
4071	0.6922	0.7836	0.4932
4072	0.7177	0.8105	0.4932
4073	0.7216	0.8127	0.4795
4074	0.7532	0.8288	0.4932
4075	0.7002	0.7829	0.4932
4076	0.7044	0.7944	0.4932
4077	0.7161	0.8047	0.5068
4078	0.6994	0.7889	0.5205
4079	0.7313	0.8155	0.5205
4080	0.6854	0.7773	0.5068
4081	0.7119	0.8010	0.4795
4082	0.6934	0.7734	0.5205
4083	0.7189	0.8084	0.4932
4084	0.7111	0.8041	0.5068
4085	0.7453	0.8367	0.5205
4086	0.7033	0.7950	0.4795
4087	0.7554	0.8416	0.5342
4088	0.7256	0.8140	0.5068
4089	0.6745	0.7598	0.4658
4090	0.6784	0.7698	0.4932
4091	0.6669	0.7596	0.5205
4092	0.6608	0.7487	0.5342
4093	0.7215	0.7999	0.5205
4094	0.6874	0.7739	0.4932
4095	0.7297	0.8122	0.5342
4096	0.6995	0.7847	0.5068
4097	0.7074	0.7918	0.4932
4098	0.6769	0.7712	0.5342
4099	0.7096	0.8027	0.5342
4100	0.7230	0.8011	0.4932
4101	0.7434	0.8307	0.5342
4102	0.7186	0.7965	0.4795
4103	0.7162	0.7948	0.5068
4104	0.7244	0.8044	0.4795
4105	0.6859	0.7721	0.5205
4106	0.7360	0.8126	0.5342
4107	0.7199	0.8087	0.4658
4108	0.7133	0.8022	0.5205
4109	0.6800	0.7731	0.4932
4110	0.7240	0.8080	0.5342
4111	0.6981	0.7886	0.5068
4112	0.7028	0.7928	0.5205
4113	0.7276	0.8119	0.4795
4114	0.6778	0.7699	0.5068
4115	0.7036	0.7934	0.4932
4116	0.6698	0.7621	0.5068
4117	0.7083	0.7926	0.5068
4118	0.7198	0.8047	0.4658
4119	0.7180	0.7995	0.5342
4120	0.7107	0.8038	0.5342
4121	0.6854	0.7790	0.4795
4122	0.6857	0.7804	0.5205
4123	0.7344	0.8148	0.5616
4124	0.7169	0.8002	0.5068
4125	0.6996	0.7893	0.4932
4126	0.7076	0.7919	0.4658
4127	0.7155	0.8007	0.5205
4128	0.6805	0.7672	0.5205
4129	0.7217	0.8047	0.5205
4130	0.6961	0.7816	0.5205
4131	0.6715	0.7634	0.5616
4132	0.7218	0.8057	0.4932
4133	0.6888	0.7838	0.5068
4134	0.6869	0.7772	0.4658
4135	0.6998	0.7791	0.5068
4136	0.7226	0.8064	0.4795
4137	0.6837	0.7787	0.5205
4138	0.7534	0.8315	0.4932
4139	0.7111	0.7959	0.5205
4140	0.7159	0.7982	0.4795
4141	0.6685	0.7630	0.4932
4142	0.6992	0.7790	0.5068
4143	0.7150	0.8001	0.5342
4144	0.7016	0.7868	0.4932
4145	0.6929	0.7763	0.5068
4146	0.7338	0.8114	0.4932
4147	0.7064	0.7976	0.4521
4148	0.6912	0.7850	0.4795
4149	0.6791	0.7593	0.5205
4150	0.7430	0.8191	0.5205
4151	0.7013	0.7938	0.4932
4152	0.6924	0.7778	0.5068
4153	0.6865	0.7736	0.5342
4154	0.7108	0.8000	0.4932
4155	0.7396	0.8198	0.4795
4156	0.7129	0.8041	0.4658
4157	0.6947	0.7874	0.5479
4158	0.7257	0.8090	0.5342
4159	0.7341	0.8177	0.5205
4160	0.6962	0.7789	0.5479
4161	0.6833	0.7744	0.4932
4162	0.6789	0.7705	0.4658
4163	0.7196	0.8088	0.5205
4164	0.6970	0.7807	0.5479
4165	0.6985	0.7892	0.5205
4166	0.7155	0.8000	0.5342
4167	0.7401	0.8169	0.5205
4168	0.7074	0.8008	0.4795
4169	0.7082	0.8006	0.4932
4170	0.7193	0.8081	0.5205
4171	0.7056	0.7958	0.5205
4172	0.7495	0.8392	0.5479
4173	0.6912	0.7811	0.5205
4174	0.7357	0.8182	0.5068
4175	0.6879	0.7817	0.5068
4176	0.6947	0.7875	0.5479
4177	0.7129	0.8050	0.4521
4178	0.6950	0.7749	0.5205
4179	0.7040	0.7938	0.5616
4180	0.6805	0.7718	0.4932
4181	0.7185	0.8083	0.4932
4182	0.7295	0.8123	0.5068
4183	0.6968	0.7766	0.5068
4184	0.6951	0.7894	0.5068
4185	0.7465	0.8233	0.5479
4186	0.6823	0.7759	0.5068
4187	0.7050	0.7860	0.5342
4188	0.6952	0.7792	0.5068
4189	0.6772	0.7708	0.4932
4190	0.6941	0.7844	0.4932
4191	0.6874	0.7826	0.5068
4192	0.7088	0.7939	0.4932
4193	0.6890	0.7797	0.5479
4194	0.7202	0.8118	0.5068
4195	0.7023	0.7850	0.5068
4196	0.7084	0.7907	0.5205
4197	0.7006	0.7949	0.5068
4198	0.7078	0.8016	0.5342
4199	0.7091	0.7949	0.5068
4200	0.7136	0.7979	0.5205
4201	0.7095	0.7983	0.5205
4202	0.6929	0.7751	0.5342
4203	0.6935	0.7876	0.5479
4204	0.6802	0.7629	0.5205
4205	0.6660	0.7583	0.4932
4206	0.6775	0.7637	0.5342
4207	0.7033	0.7878	0.5479
4208	0.6812	0.7650	0.4932
4209	0.7351	0.8173	0.5205
4210	0.6889	0.7712	0.5068
4211	0.7202	0.8037	0.5342
4212	0.7387	0.8306	0.5205
4213	0.7026	0.7886	0.5068
4214	0.6912	0.7818	0.4795
4215	0.7066	0.7960	0.5205
4216	0.7171	0.8060	0.5342
4217	0.7156	0.8069	0.5205
4218	0.6830	0.7656	0.5068
4219	0.7214	0.8098	0.5068
4220	0.7429	0.8321	0.4932
4221	0.6757	0.7677	0.5342
4222	0.6979	0.7797	0.5205
4223	0.6809	0.7658	0.5068
4224	0.6903	0.7843	0.4932
4225	0.7202	0.8044	0.5068
4226	0.7223	0.8105	0.4932
4227	0.6979	0.7780	0.4795
4228	0.7046	0.7838	0.4795
4229	0.6771	0.7619	0.4795
4230	0.6894	0.7722	0.5342
4231	0.6942	0.7797	0.5068
4232	0.7154	0.7979	0.5205
4233	0.7136	0.7916	0.5205
4234	0.6825	0.7759	0.5068
4235	0.7151	0.8073	0.5068
4236	0.6642	0.7500	0.5205
4237	0.7423	0.8242	0.5616
4238	0.7114	0.8012	0.5068
4239	0.7185	0.7992	0.4658
4240	0.6832	0.7690	0.5479
4241	0.6999	0.7860	0.4795
4242	0.7167	0.7984	0.4932
4243	0.6982	0.7818	0.5205
4244	0.7152	0.8074	0.4932
4245	0.6881	0.7820	0.5205
4246	0.7262	0.8042	0.5205
4247	0.6858	0.7704	0.5205
4248	0.6889	0.7824	0.5205
4249	0.7192	0.8038	0.5068
4250	0.6997	0.7857	0.5068
4251	0.7146	0.8078	0.5068
4252	0.7099	0.8008	0.4932
4253	0.7109	0.8030	0.4932
4254	0.7145	0.8070	0.5479
4255	0.6962	0.7760	0.5205
4256	0.7146	0.7932	0.4795
4257	0.6846	0.7754	0.5205
4258	0.7237	0.8130	0.5068
4259	0.7099	0.7884	0.5616
4260	0.7525	0.8429	0.4932
4261	0.7105	0.8040	0.5068
4262	0.7050	0.7991	0.5342
4263	0.7359	0.8171	0.5753
4264	0.7588	0.8450	0.5616
4265	0.7265	0.8186	0.5342
4266	0.6888	0.7733	0.5342
4267	0.6653	0.7491	0.5068
4268	0.7007	0.7822	0.5068
4269	0.6964	0.7886	0.5068
4270	0.7149	0.7963	0.4658
4271	0.6917	0.7864	0.5205
4272	0.7268	0.8067	0.5068
4273	0.6992	0.7830	0.4795
4274	0.7001	0.7862	0.5342
4275	0.6953	0.7888	0.5068
4276	0.7221	0.8144	0.4658
4277	0.6813	0.7671	0.5068
4278	0.7149	0.8079	0.5342
4279	0.7311	0.8220	0.5205
4280	0.7482	0.8393	0.5342
4281	0.7016	0.7830	0.5068
4282	0.6850	0.7707	0.5205
4283	0.6914	0.7766	0.5068
4284	0.7123	0.7911	0.5205
4285	0.7324	0.8131	0.5205
4286	0.7075	0.7908	0.4932
4287	0.7113	0.7900	0.4795
4288	0.7076	0.7897	0.4658
4289	0.7310	0.8085	0.5068
4290	0.7220	0.8146	0.5205
4291	0.6835	0.7670	0.4932
4292	0.7282	0.8097	0.5342
4293	0.6555	0.7397	0.5205
4294	0.7147	0.8037	0.5068
4295	0.7477	0.8389	0.5068
4296	0.6979	0.7922	0.4932
4297	0.7086	0.7985	0.4932
4298	0.6866	0.7733	0.5205
4299	0.6961	0.7777	0.5205
4300	0.7004	0.7796	0.5068
4301	0.7138	0.8049	0.4658
4302	0.6763	0.7603	0.4932
4303	0.7333	0.8236	0.5342
4304	0.7385	0.8259	0.4795
4305	0.6937	0.7788	0.5479
4306	0.7652	0.8516	0.4795
4307	0.7018	0.7911	0.5068
4308	0.6914	0.7852	0.5342
4309	0.7105	0.7935	0.5479
4310	0.7104	0.7955	0.5205
4311	0.7371	0.8173	0.5068
4312	0.6898	0.7803	0.5068
4313	0.7431	0.8343	0.5205
4314	0.7242	0.8172	0.5205
4315	0.7265	0.8076	0.4795
4316	0.6967	0.7818	0.5205
4317	0.7477	0.8293	0.5068
4318	0.6840	0.7760	0.5068
4319	0.7091	0.7899	0.4932
4320	0.7398	0.8290	0.4932
4321	0.6989	0.7787	0.4795
4322	0.6706	0.7586	0.5205
4323	0.7042	0.7893	0.5068
4324	0.6946	0.7895	0.5068
4325	0.7305	0.8100	0.5068
4326	0.6667	0.7482	0.5205
4327	0.6919	0.7844	0.5068
4328	0.7266	0.8045	0.5068
4329	0.7080	0.7972	0.4932
4330	0.7326	0.8237	0.5205
4331	0.7115	0.7934	0.4795
4332	0.6853	0.7709	0.5342
4333	0.7085	0.7923	0.4932
4334	0.7394	0.8164	0.5068
4335	0.7033	0.7972	0.5205
4336	0.7083	0.8006	0.5068
4337	0.6840	0.7757	0.4932
4338	0.6655	0.7537	0.5342
4339	0.7347	0.8187	0.4795
4340	0.7077	0.7933	0.5068
4341	0.6836	0.7672	0.5479
4342	0.7161	0.8007	0.4932
4343	0.6933	0.7788	0.4521
4344	0.6975	0.7876	0.5205
4345	0.6992	0.7855	0.5342
4346	0.7189	0.8010	0.4932
4347	0.6847	0.7796	0.4932
4348	0.7321	0.8246	0.5068
4349	0.7139	0.8046	0.5753
4350	0.7105	0.8003	0.4795
4351	0.7060	0.7955	0.5342
4352	0.7382	0.8287	0.5342
4353	0.7358	0.8151	0.5068
4354	0.6882	0.7685	0.5342
4355	0.7471	0.8386	0.5342
4356	0.6954	0.7863	0.5479
4357	0.7060	0.7919	0.5068
4358	0.7132	0.7987	0.5479
4359	0.6997	0.7901	0.4932
4360	0.7192	0.8036	0.5068
4361	0.7250	0.8168	0.5068
4362	0.7078	0.7920	0.5205
4363	0.7169	0.8097	0.5068
4364	0.6944	0.7874	0.5068
4365	0.7154	0.8006	0.4795
4366	0.7243	0.8024	0.5205
4367	0.7130	0.8061	0.5205
4368	0.6832	0.7638	0.4795
4369	0.7036	0.7830	0.5479
4370	0.7324	0.8136	0.5205
4371	0.6999	0.7935	0.5205
4372	0.7217	0.8047	0.4932
4373	0.7009	0.7835	0.4795
4374	0.6985	0.7891	0.5479
4375	0.7007	0.7860	0.5342
4376	0.7069	0.7855	0.5342
4377	0.7256	0.8168	0.5205
4378	0.7172	0.8078	0.5068
4379	0.6958	0.7814	0.5205
4380	0.6901	0.7762	0.5068
4381	0.7275	0.8163	0.5068
4382	0.7178	0.8092	0.4932
4383	0.7083	0.7924	0.4795
4384	0.7019	0.7922	0.5205
4385	0.7115	0.8006	0.5068
4386	0.7061	0.7961	0.5068
4387	0.7399	0.8273	0.4795
4388	0.7013	0.7872	0.4932
4389	0.6994	0.7888	0.5205
4390	0.7204	0.8007	0.5205
4391	0.6976	0.7885	0.5479
4392	0.6931	0.7875	0.4795
4393	0.6998	0.7904	0.5342
4394	0.7267	0.8038	0.5068
4395	0.7084	0.8000	0.4932
4396	0.7114	0.8048	0.4932
4397	0.6958	0.7798	0.4795
4398	0.6843	0.7748	0.5205
4399	0.7008	0.7944	0.4932
4400	0.6719	0.7594	0.5479
4401	0.7340	0.8132	0.4932
4402	0.7122	0.8046	0.4932
4403	0.6933	0.7762	0.5342
4404	0.6941	0.7740	0.5068
4405	0.7430	0.8216	0.5479
4406	0.6886	0.7822	0.5068
4407	0.7405	0.8172	0.5068
4408	0.6985	0.7902	0.5205
4409	0.6694	0.7565	0.5068
4410	0.7054	0.7869	0.5342
4411	0.6728	0.7608	0.5205
4412	0.7286	0.8167	0.4795
4413	0.7274	0.8105	0.4932
4414	0.7305	0.8082	0.4795
4415	0.7293	0.8204	0.4521
4416	0.7409	0.8245	0.5205
4417	0.6936	0.7797	0.5205
4418	0.7204	0.8107	0.4932
4419	0.7062	0.7875	0.5205
4420	0.6917	0.7747	0.5068
4421	0.6780	0.7591	0.5205
4422	0.7132	0.8024	0.4932
4423	0.7279	0.8164	0.5205
4424	0.6714	0.7674	0.5068
4425	0.6726	0.7685	0.5068
4426	0.6916	0.7820	0.4521
4427	0.6868	0.7809	0.4795
4428	0.6802	0.7715	0.4932
4429	0.7114	0.7900	0.5068
4430	0.6851	0.7714	0.5342
4431	0.7571	0.8360	0.5068
4432	0.7221	0.8005	0.5205
4433	0.7187	0.8028	0.5068
4434	0.7175	0.8094	0.4932
4435	0.7007	0.7853	0.4932
4436	0.7217	0.8025	0.5342
4437	0.7078	0.7938	0.4932
4438	0.7099	0.7917	0.4795
4439	0.7288	0.8094	0.4932
4440	0.7206	0.8008	0.4795
4441	0.6861	0.7776	0.5205
4442	0.7110	0.7960	0.4932
4443	0.7258	0.8161	0.4795
4444	0.6896	0.7827	0.4932
4445	0.7296	0.8182	0.4932
4446	0.6979	0.7807	0.5068
4447	0.6776	0.7689	0.5068
4448	0.7312	0.8192	0.5479
4449	0.7198	0.8048	0.4932
4450	0.7385	0.8285	0.5068
4451	0.7024	0.7813	0.4932
4452	0.7012	0.7846	0.4932
4453	0.7271	0.8152	0.5479
4454	0.7208	0.8059	0.5068
4455	0.7041	0.7831	0.4658
4456	0.6860	0.7766	0.5068
4457	0.6977	0.7822	0.5205
4458	0.6957	0.7812	0.4932
4459	0.7320	0.8240	0.4932
4460	0.7080	0.7872	0.4795
4461	0.6902	0.7846	0.4932
4462	0.7008	0.7871	0.4932
4463	0.7070	0.7859	0.5616
4464	0.6898	0.7731	0.5342
4465	0.6878	0.7683	0.5068
4466	0.7299	0.8222	0.4932
4467	0.6699	0.7583	0.5342
4468	0.7037	0.7952	0.5342
4469	0.7387	0.8284	0.4932
4470	0.7333	0.8253	0.4932
4471	0.7248	0.8046	0.5205
4472	0.6826	0.7692	0.4932
4473	0.7079	0.7989	0.4658
4474	0.7224	0.8123	0.5205
4475	0.6800	0.7713	0.5342
4476	0.7209	0.8050	0.5342
4477	0.7553	0.8409	0.4932
4478	0.7194	0.8076	0.4795
4479	0.6919	0.7844	0.4658
4480	0.7290	0.8132	0.5205
4481	0.7110	0.8009	0.5205
4482	0.7356	0.8273	0.4795
4483	0.6837	0.7710	0.5205
4484	0.6946	0.7747	0.5068
4485	0.7111	0.8009	0.4932
4486	0.7296	0.8075	0.5205
4487	0.7043	0.7868	0.5205
4488	0.7264	0.8040	0.5342
4489	0.7124	0.7969	0.4795
4490	0.7015	0.7919	0.4932
4491	0.7422	0.8247	0.5342
4492	0.7122	0.7913	0.4658
4493	0.7355	0.8257	0.4795
4494	0.7246	0.8155	0.4658
4495	0.7291	0.8200	0.5205
4496	0.6942	0.7801	0.5205
4497	0.6869	0.7782	0.4932
4498	0.7012	0.7858	0.5479
4499	0.6867	0.7666	0.5479
4500	0.7168	0.7957	0.4932
4501	0.6876	0.7829	0.5068
4502	0.6895	0.7839	0.5068
4503	0.7032	0.7953	0.5205
4504	0.6837	0.7689	0.5068
4505	0.7100	0.7889	0.5068
4506	0.7183	0.8096	0.4795
4507	0.7213	0.8059	0.5205
4508	0.7101	0.7932	0.5068
4509	0.7675	0.8573	0.5205
4510	0.7012	0.7947	0.5205
4511	0.7130	0.7910	0.5068
4512	0.7491	0.8397	0.5068
4513	0.6821	0.7685	0.5205
4514	0.6823	0.7659	0.5068
4515	0.7186	0.8084	0.5068
4516	0.7136	0.8026	0.5068
4517	0.7047	0.7977	0.5068
4518	0.7056	0.7952	0.5342
4519	0.6839	0.7704	0.4658
4520	0.6978	0.7895	0.5205
4521	0.6933	0.7879	0.5479
4522	0.7119	0.8010	0.4932
4523	0.6980	0.7830	0.4932
4524	0.7075	0.7969	0.4932
4525	0.6998	0.7936	0.4932
4526	0.7080	0.7872	0.5205
4527	0.7228	0.8059	0.5068
4528	0.7411	0.8175	0.4521
4529	0.7014	0.7870	0.4932
4530	0.6779	0.7699	0.5068
4531	0.6849	0.7719	0.5205
4532	0.7041	0.7900	0.5342
4533	0.6882	0.7685	0.4932
4534	0.7092	0.7985	0.5479
4535	0.7006	0.7921	0.4932
4536	0.6773	0.7723	0.4932
4537	0.7031	0.7929	0.5068
4538	0.7113	0.8041	0.5342
4539	0.6842	0.7753	0.5342
4540	0.7274	0.8180	0.4795
4541	0.7495	0.8405	0.4932
4542	0.6955	0.7773	0.5205
4543	0.7173	0.8090	0.5205
4544	0.7165	0.8006	0.5342
4545	0.7046	0.7945	0.5068
4546	0.6852	0.7686	0.4932
4547	0.7088	0.7979	0.5479
4548	0.7028	0.7966	0.5479
4549	0.7139	0.8040	0.5342
4550	0.7041	0.7955	0.5205
4551	0.7335	0.8148	0.4932
4552	0.6903	0.7754	0.5205
4553	0.7157	0.8067	0.4795
4554	0.7058	0.7974	0.4932
4555	0.7192	0.8080	0.4521
4556	0.6989	0.7915	0.5342
4557	0.6862	0.7662	0.5342
4558	0.7152	0.8002	0.5342
4559	0.6979	0.7836	0.5342
4560	0.7411	0.8286	0.4932
4561	0.6898	0.7698	0.5342
4562	0.7015	0.7949	0.5342
4563	0.7763	0.8571	0.5342
4564	0.7372	0.8290	0.4932
4565	0.7209	0.8095	0.4521
4566	0.7272	0.8046	0.4795
4567	0.7071	0.7967	0.4932
4568	0.6893	0.7805	0.4932
4569	0.6807	0.7727	0.4932
4570	0.6942	0.7866	0.5205
4571	0.6902	0.7808	0.5342
4572	0.7469	0.8266	0.5205
4573	0.7262	0.8041	0.4658
4574	0.7162	0.7942	0.4795
4575	0.7038	0.7826	0.5205
4576	0.6806	0.7675	0.5342
4577	0.7182	0.8019	0.4795
4578	0.7343	0.8183	0.5342
4579	0.6928	0.7838	0.5205
4580	0.7100	0.8002	0.5342
4581	0.7054	0.7848	0.5205
4582	0.7308	0.8188	0.5205
4583	0.7115	0.8006	0.4932
4584	0.6884	0.7740	0.4932
4585	0.6939	0.7734	0.5068
4586	0.6915	0.7738	0.4521
4587	0.7176	0.8104	0.5068
4588	0.7207	0.8029	0.4932
4589	0.6828	0.7775	0.4932
4590	0.7399	0.8198	0.5205
4591	0.7466	0.8233	0.4795
4592	0.7170	0.8056	0.5616
4593	0.7316	0.8086	0.4658
4594	0.7341	0.8168	0.4932
4595	0.7176	0.8059	0.4795
4596	0.7300	0.8145	0.4932
4597	0.7190	0.8084	0.5616
4598	0.6940	0.7806	0.5205
4599	0.7104	0.8033	0.4795
4600	0.6952	0.7819	0.5205
4601	0.6795	0.7636	0.5342
4602	0.7170	0.7972	0.5068
4603	0.7075	0.8009	0.5342
4604	0.6894	0.7716	0.5068
4605	0.7072	0.7919	0.4795
4606	0.7419	0.8247	0.4932
4607	0.6867	0.7780	0.4932
4608	0.7479	0.8386	0.4932
4609	0.7042	0.7895	0.5205
4610	0.6928	0.7731	0.5068
4611	0.6900	0.7836	0.5479
4612	0.6722	0.7592	0.5342
4613	0.7104	0.8014	0.5068
4614	0.7077	0.7924	0.5342
4615	0.6768	0.7610	0.4795
4616	0.6823	0.7766	0.4932
4617	0.7393	0.8186	0.4932
4618	0.7010	0.7863	0.5068
4619	0.7006	0.7906	0.4932
4620	0.6877	0.7736	0.4795
4621	0.7196	0.8039	0.5205
4622	0.7035	0.7926	0.5068
4623	0.6996	0.7909	0.5342
4624	0.7181	0.8085	0.4795
4625	0.7081	0.7938	0.4795
4626	0.7114	0.8027	0.5068
4627	0.7249	0.8162	0.4658
4628	0.6879	0.7811	0.4384
4629	0.6920	0.7854	0.4932
4630	0.7077	0.8001	0.5068
4631	0.7319	0.8203	0.4932
4632	0.7038	0.7897	0.5342
4633	0.7082	0.7995	0.5068
4634	0.7151	0.7968	0.5068
4635	0.7379	0.8284	0.5205
4636	0.6997	0.7926	0.4932
4637	0.7259	0.8099	0.5205
4638	0.7390	0.8298	0.5342
4639	0.7117	0.7974	0.5616
4640	0.7033	0.7930	0.4795
4641	0.7066	0.8001	0.4932
4642	0.7013	0.7808	0.4795
4643	0.6939	0.7882	0.5205
4644	0.7180	0.8112	0.4384
4645	0.7299	0.8203	0.4521
4646	0.7059	0.7959	0.5068
4647	0.7181	0.8105	0.5342
4648	0.7146	0.7965	0.4932
4649	0.7046	0.7942	0.4795
4650	0.6910	0.7753	0.4795
4651	0.7060	0.7917	0.5479
4652	0.7384	0.8188	0.5068
4653	0.6934	0.7866	0.5068
4654	0.7185	0.8107	0.4658
4655	0.6897	0.7834	0.5479
4656	0.7106	0.8015	0.5205
4657	0.7088	0.8010	0.4521
4658	0.6972	0.7821	0.4932
4659	0.6921	0.7846	0.5205
4660	0.7854	0.8693	0.4658
4661	0.7036	0.7956	0.4932
4662	0.7006	0.7796	0.4795
4663	0.7244	0.8134	0.5068
4664	0.6836	0.7775	0.4932
4665	0.7063	0.7923	0.5205
4666	0.7458	0.8361	0.5068
4667	0.6850	0.7684	0.5205
4668	0.7059	0.7892	0.4658
4669	0.7089	0.7988	0.5068
4670	0.7295	0.8132	0.5342
4671	0.6725	0.7603	0.5205
4672	0.7258	0.8097	0.5068
4673	0.6968	0.7832	0.5068
4674	0.6951	0.7809	0.4932
4675	0.6815	0.7620	0.5205
4676	0.7064	0.7897	0.5068
4677	0.6998	0.7842	0.5205
4678	0.7324	0.8136	0.5068
4679	0.6971	0.7799	0.4932
4680	0.7134	0.7962	0.5205
4681	0.7164	0.8095	0.4658
4682	0.7327	0.8133	0.4932
4683	0.7146	0.8057	0.4932
4684	0.6973	0.7772	0.5479
4685	0.7017	0.7922	0.5205
4686	0.7208	0.8099	0.4932
4687	0.7057	0.7890	0.4658
4688	0.7246	0.8136	0.5205
4689	0.7040	0.7831	0.5205
4690	0.7079	0.7890	0.4521
4691	0.6798	0.7708	0.4932
4692	0.7102	0.7920	0.5205
4693	0.7227	0.8136	0.5068
4694	0.6814	0.7619	0.5479
4695	0.7055	0.7867	0.5068
4696	0.6872	0.7676	0.5205
4697	0.6983	0.7888	0.5068
4698	0.6998	0.7929	0.4932
4699	0.6906	0.7767	0.5068
4700	0.7600	0.8461	0.4932
4701	0.7299	0.8200	0.5068
4702	0.7095	0.7995	0.5342
4703	0.7290	0.8133	0.4932
4704	0.7514	0.8297	0.4932
4705	0.7063	0.7848	0.5205
4706	0.7036	0.7860	0.5753
4707	0.7064	0.7921	0.5068
4708	0.7118	0.8037	0.5205
4709	0.6927	0.7839	0.5205
4710	0.7028	0.7887	0.5205
4711	0.6894	0.7841	0.5068
4712	0.7227	0.8142	0.4384
4713	0.7083	0.7977	0.4658
4714	0.6956	0.7794	0.5342
4715	0.7068	0.7919	0.5068
4716	0.7152	0.8075	0.5205
4717	0.7393	0.8301	0.4932
4718	0.6817	0.7758	0.5342
4719	0.7225	0.8113	0.4795
4720	0.7215	0.8017	0.5068
4721	0.6811	0.7765	0.4795
4722	0.7183	0.8033	0.4932
4723	0.6947	0.7866	0.4932
4724	0.6782	0.7590	0.4932
4725	0.6872	0.7814	0.4795
4726	0.7109	0.7956	0.5068
4727	0.6974	0.7870	0.4932
4728	0.7059	0.7853	0.5205
4729	0.7345	0.8111	0.5479
4730	0.7284	0.8094	0.5068
4731	0.7103	0.7925	0.5068
4732	0.7409	0.8234	0.5068
4733	0.7085	0.8001	0.5205
4734	0.6937	0.7769	0.5342
4735	0.6673	0.7619	0.5205
4736	0.6961	0.7869	0.5479
4737	0.6966	0.7907	0.5479
4738	0.7125	0.8039	0.5616
4739	0.7174	0.8016	0.5068
4740	0.7006	0.7949	0.5205
4741	0.6957	0.7807	0.4932
4742	0.7663	0.8447	0.4795
4743	0.7585	0.8487	0.5068
4744	0.7046	0.7988	0.4658
4745	0.6932	0.7835	0.5342
4746	0.6966	0.7875	0.4932
4747	0.6921	0.7820	0.5068
4748	0.7011	0.7866	0.4658
4749	0.7308	0.8193	0.5205
4750	0.6790	0.7697	0.5342
4751	0.6932	0.7771	0.4795
4752	0.6883	0.7785	0.5479
4753	0.6983	0.7926	0.5616
4754	0.7014	0.7868	0.4795
4755	0.7188	0.7973	0.5342
4756	0.7050	0.7978	0.5068
4757	0.7000	0.7900	0.5205
4758	0.6788	0.7714	0.4795
4759	0.6803	0.7722	0.5342
4760	0.6626	0.7512	0.5342
4761	0.7017	0.7922	0.5342
4762	0.7329	0.8135	0.4932
4763	0.7033	0.7883	0.4932
4764	0.6973	0.7884	0.5342
4765	0.7153	0.8059	0.4658
4766	0.7005	0.7948	0.5068
4767	0.7014	0.7860	0.5342
4768	0.6679	0.7555	0.4795
4769	0.7112	0.8048	0.5616
4770	0.7079	0.7938	0.4932
4771	0.6987	0.7786	0.5205
4772	0.6942	0.7770	0.5205
4773	0.6968	0.7868	0.5205
4774	0.7240	0.8086	0.5342
4775	0.7161	0.8088	0.4795
4776	0.7057	0.7915	0.5068
4777	0.6993	0.7784	0.5479
4778	0.7031	0.7935	0.5205
4779	0.7149	0.8046	0.5616
4780	0.7189	0.8101	0.4932
4781	0.7167	0.8098	0.4795
4782	0.7043	0.7978	0.5342
4783	0.7184	0.8114	0.4795
4784	0.6950	0.7749	0.4932
4785	0.7187	0.8032	0.5205
4786	0.7244	0.8091	0.5342
4787	0.7100	0.8038	0.4795
4788	0.7189	0.8076	0.5205
4789	0.7046	0.7905	0.4932
4790	0.6997	0.7788	0.4932
4791	0.7153	0.7995	0.5068
4792	0.7079	0.7927	0.5342
4793	0.7150	0.7992	0.5068
4794	0.6919	0.7832	0.5205
4795	0.6730	0.7688	0.4932
4796	0.6970	0.7768	0.5068
4797	0.7058	0.7876	0.4658
4798	0.6954	0.7863	0.4932
4799	0.7134	0.7916	0.5068
4800	0.7601	0.8351	0.5342
4801	0.7069	0.7966	0.4795
4802	0.7110	0.8001	0.4932
4803	0.7497	0.8315	0.4521
4804	0.7048	0.7858	0.5068
4805	0.7005	0.7929	0.5068
4806	0.6951	0.7859	0.5068
4807	0.6773	0.7712	0.4795
4808	0.6637	0.7509	0.4932
4809	0.7287	0.8175	0.4795
4810	0.7110	0.8034	0.4932
4811	0.7617	0.8510	0.4384
4812	0.6949	0.7809	0.4795
4813	0.6883	0.7796	0.5205
4814	0.7738	0.8549	0.5479
4815	0.7410	0.8288	0.4658
4816	0.6995	0.7940	0.5342
4817	0.7238	0.8121	0.4658
4818	0.7002	0.7851	0.4795
4819	0.7075	0.8011	0.5068
4820	0.7075	0.8007	0.5479
4821	0.6808	0.7753	0.5068
4822	0.7070	0.8010	0.5342
4823	0.6891	0.7758	0.4932
4824	0.6775	0.7583	0.4932
4825	0.7196	0.7981	0.4932
4826	0.7106	0.8007	0.4932
4827	0.7094	0.7885	0.5342
4828	0.6920	0.7850	0.5342
4829	0.7285	0.8116	0.5068
4830	0.6970	0.7907	0.5205
4831	0.6905	0.7839	0.5205
4832	0.6792	0.7721	0.5342
4833	0.6930	0.7750	0.4932
4834	0.7362	0.8154	0.5068
4835	0.7262	0.8105	0.4795
4836	0.7079	0.7898	0.4932
4837	0.7078	0.7974	0.5205
4838	0.7092	0.7877	0.5753
4839	0.7548	0.8377	0.5479
4840	0.6940	0.7848	0.5205
4841	0.7047	0.7948	0.5068
4842	0.6744	0.7704	0.5068
4843	0.7086	0.7941	0.5068
4844	0.7302	0.8218	0.5342
4845	0.6744	0.7609	0.5205
4846	0.7166	0.8004	0.4795
4847	0.7262	0.8158	0.5068
4848	0.7134	0.7962	0.5479
4849	0.7064	0.7977	0.4384
4850	0.6792	0.7654	0.5205
4851	0.7114	0.7965	0.4932
4852	0.7322	0.8209	0.5342
4853	0.7192	0.7970	0.4932
4854	0.7429	0.8301	0.5205
4855	0.7467	0.8369	0.5479
4856	0.7028	0.7879	0.4932
4857	0.7012	0.7864	0.5205
4858	0.7427	0.8321	0.4795
4859	0.6951	0.7855	0.4932
4860	0.7003	0.7901	0.5068
4861	0.6967	0.7765	0.5205
4862	0.7179	0.7966	0.5616
4863	0.7399	0.8270	0.5068
4864	0.7125	0.7933	0.4795
4865	0.6679	0.7525	0.4795
4866	0.6738	0.7583	0.5205
4867	0.7041	0.7948	0.5479
4868	0.7081	0.7869	0.4795
4869	0.6995	0.7844	0.5205
4870	0.6878	0.7713	0.5068
4871	0.7232	0.8043	0.4932
4872	0.6875	0.7799	0.5068
4873	0.6946	0.7809	0.4795
4874	0.7055	0.7908	0.5479
4875	0.6953	0.7749	0.5205
4876	0.7101	0.7890	0.4932
4877	0.6986	0.7834	0.4795
4878	0.7142	0.7960	0.5616
4879	0.7074	0.8010	0.4932
4880	0.7056	0.7953	0.5342
4881	0.7178	0.8031	0.5068
4882	0.7192	0.7993	0.5068
4883	0.6952	0.7888	0.5068
4884	0.7527	0.8350	0.4932
4885	0.7393	0.8288	0.5068
4886	0.6805	0.7644	0.4795
4887	0.6972	0.7828	0.5205
4888	0.7281	0.8178	0.5479
4889	0.7012	0.7940	0.5068
4890	0.7118	0.7962	0.4932
4891	0.7114	0.7900	0.4795
4892	0.7276	0.8110	0.5205
4893	0.7044	0.7879	0.5205
4894	0.7015	0.7956	0.4932
4895	0.6910	0.7835	0.5205
4896	0.7327	0.8212	0.4932
4897	0.6910	0.7745	0.5479
4898	0.7219	0.8060	0.5205
4899	0.7125	0.7978	0.5342
4900	0.7277	0.8115	0.5616
4901	0.6777	0.7590	0.5205
4902	0.7008	0.7845	0.5342
4903	0.6805	0.7608	0.5205
4904	0.6970	0.7769	0.4795
4905	0.6959	0.7886	0.5205
4906	0.7236	0.8065	0.5205
4907	0.7046	0.7905	0.4795
4908	0.6812	0.7674	0.4932
4909	0.7435	0.8268	0.4795
4910	0.6964	0.7867	0.5068
4911	0.7448	0.8242	0.5205
4912	0.6788	0.7631	0.5205
4913	0.7442	0.8349	0.5342
4914	0.6900	0.7767	0.5068
4915	0.7032	0.7942	0.5479
4916	0.6986	0.7777	0.4932
4917	0.6859	0.7667	0.4932
4918	0.7223	0.8137	0.5616
4919	0.7169	0.8019	0.4932
4920	0.7028	0.7968	0.4932
4921	0.7323	0.8150	0.4795
4922	0.7334	0.8129	0.5205
4923	0.7017	0.7833	0.5616
4924	0.7167	0.7947	0.4795
4925	0.7284	0.8081	0.5342
4926	0.6798	0.7741	0.5068
4927	0.7106	0.8037	0.5205
4928	0.6723	0.7681	0.4932
4929	0.6996	0.7792	0.5205
4930	0.7462	0.8330	0.4932
4931	0.6731	0.7675	0.5479
4932	0.6847	0.7773	0.5205
4933	0.6893	0.7747	0.5068
4934	0.7140	0.8047	0.5205
4935	0.7116	0.8048	0.4932
4936	0.7360	0.8164	0.5205
4937	0.7109	0.7960	0.4521
4938	0.7017	0.7922	0.5205
4939	0.7076	0.7917	0.4932
4940	0.7084	0.8020	0.5068
4941	0.7056	0.7989	0.5205
4942	0.7155	0.7942	0.5205
4943	0.7147	0.8062	0.5068
4944	0.7062	0.7993	0.4521
4945	0.6958	0.7890	0.4658
4946	0.6785	0.7596	0.5479
4947	0.7127	0.7934	0.4932
4948	0.7513	0.8335	0.5068
4949	0.6954	0.7803	0.4795
4950	0.6752	0.7623	0.5068
4951	0.6956	0.7875	0.5068
4952	0.7094	0.7949	0.5205
4953	0.7094	0.7983	0.5205
4954	0.6921	0.7761	0.5205
4955	0.7027	0.7819	0.4795
4956	0.6954	0.7899	0.5205
4957	0.7479	0.8304	0.5068
4958	0.7237	0.8068	0.5068
4959	0.7211	0.8022	0.5342
4960	0.7354	0.8232	0.4521
4961	0.6932	0.7844	0.4932
4962	0.7383	0.8287	0.4932
4963	0.7490	0.8367	0.5205
4964	0.7055	0.7869	0.5205
4965	0.6702	0.7622	0.5068
4966	0.7305	0.8217	0.5479
4967	0.6785	0.7632	0.5068
4968	0.6841	0.7699	0.5068
4969	0.7061	0.7979	0.4932
4970	0.7348	0.8231	0.4932
4971	0.7294	0.8172	0.5342
4972	0.7206	0.7989	0.4658
4973	0.6933	0.7791	0.4932
4974	0.7034	0.7895	0.4658
4975	0.7089	0.8003	0.5205
4976	0.7117	0.8018	0.4521
4977	0.6976	0.7831	0.4658
4978	0.7033	0.7961	0.5068
4979	0.7148	0.8039	0.5342
4980	0.6856	0.7709	0.4932
4981	0.7139	0.8054	0.4932
4982	0.7004	0.7851	0.5342
4983	0.7285	0.8207	0.4932
4984	0.7217	0.8052	0.4658
4985	0.6819	0.7695	0.5205
4986	0.7470	0.8352	0.5342
4987	0.7007	0.7935	0.5205
4988	0.6958	0.7861	0.5342
4989	0.6926	0.7746	0.5068
4990	0.6994	0.7823	0.5205
4991	0.7333	0.8211	0.5068
4992	0.7362	0.8258	0.5068
4993	0.7045	0.7856	0.4795
4994	0.7012	0.7807	0.5068
4995	0.7164	0.8077	0.5479
4996	0.7129	0.8026	0.4932
4997	0.6904	0.7745	0.4932
4998	0.6762	0.7683	0.4932
4999	0.7083	0.7906	0.4932
5000	0.7803	0.8551	0.4932
5001	0.7015	0.7878	0.5068
5002	0.7086	0.7986	0.4932
5003	0.7336	0.8159	0.5342
5004	0.7041	0.7954	0.4795
5005	0.6996	0.7856	0.4932
5006	0.6947	0.7815	0.5479
5007	0.6954	0.7819	0.4384
5008	0.6790	0.7666	0.5342
5009	0.7000	0.7848	0.5068
5010	0.7175	0.8024	0.4521
5011	0.7031	0.7962	0.4932
5012	0.7312	0.8083	0.4932
5013	0.7222	0.8138	0.5068
5014	0.6740	0.7663	0.4932
5015	0.6985	0.7881	0.5479
5016	0.7291	0.8110	0.5342
5017	0.7000	0.7910	0.4932
5018	0.6755	0.7700	0.4932
5019	0.7089	0.7948	0.5205
5020	0.6876	0.7820	0.5342
5021	0.7397	0.8226	0.4932
5022	0.7435	0.8271	0.5205
5023	0.7010	0.7949	0.5068
5024	0.7079	0.7934	0.5342
5025	0.7138	0.7986	0.4932
5026	0.6891	0.7816	0.5205
5027	0.7233	0.8078	0.4932
5028	0.7362	0.8200	0.5205
5029	0.6801	0.7639	0.5342
5030	0.7090	0.7882	0.5479
5031	0.7186	0.8086	0.4932
5032	0.6955	0.7822	0.5205
5033	0.7021	0.7877	0.4658
5034	0.7120	0.7956	0.5342
5035	0.6728	0.7650	0.5205
5036	0.6918	0.7776	0.4795
5037	0.7365	0.8166	0.4658
5038	0.7182	0.8034	0.4932
5039	0.7131	0.7912	0.4932
5040	0.7493	0.8366	0.5068
5041	0.6955	0.7883	0.5068
5042	0.6907	0.7851	0.5068
5043	0.7138	0.7977	0.4795
5044	0.7059	0.7984	0.4658
5045	0.6913	0.7832	0.4932
5046	0.7068	0.8004	0.5616
5047	0.7165	0.8018	0.4932
5048	0.7181	0.7985	0.4795
5049	0.7165	0.8086	0.4932
5050	0.7242	0.8060	0.4658
5051	0.7431	0.8265	0.5479
5052	0.7225	0.8039	0.5205
5053	0.6698	0.7579	0.5068
5054	0.7132	0.8057	0.5342
5055	0.6971	0.7770	0.5068
5056	0.7089	0.7917	0.5068
5057	0.7176	0.8016	0.5068
5058	0.6849	0.7707	0.5205
5059	0.6896	0.7698	0.5342
5060	0.7290	0.8064	0.4932
5061	0.6975	0.7875	0.5205
5062	0.7111	0.8013	0.4795
5063	0.7036	0.7861	0.4932
5064	0.7129	0.7911	0.4521
5065	0.6950	0.7854	0.4932
5066	0.7042	0.7968	0.4932
5067	0.6942	0.7741	0.5068
5068	0.7163	0.8050	0.4932
5069	0.7159	0.8082	0.5205
5070	0.7317	0.8149	0.4795
5071	0.6887	0.7819	0.5205
5072	0.7340	0.8151	0.5342
5073	0.6900	0.7829	0.5068
5074	0.7116	0.8054	0.5068
5075	0.7170	0.7988	0.5068
5076	0.7228	0.8011	0.5068
5077	0.7042	0.7947	0.5205
5078	0.7158	0.7981	0.5342
5079	0.7432	0.8324	0.5205
5080	0.6978	0.7773	0.5205
5081	0.6773	0.7721	0.5342
5082	0.7230	0.8042	0.4932
5083	0.7172	0.8021	0.5342
5084	0.7150	0.7938	0.5068
5085	0.7254	0.8171	0.4932
5086	0.6606	0.7537	0.5205
5087	0.7435	0.8305	0.5205
5088	0.7195	0.8123	0.5068
5089	0.7170	0.8056	0.5068
5090	0.6972	0.7828	0.5068
5091	0.7008	0.7832	0.5342
5092	0.6944	0.7881	0.4932
5093	0.7391	0.8295	0.5205
5094	0.6790	0.7617	0.4521
5095	0.7127	0.7936	0.5205
5096	0.6984	0.7925	0.4932
5097	0.6948	0.7805	0.5205
5098	0.7113	0.7930	0.5342
5099	0.7025	0.7877	0.5068
5100	0.6991	0.7935	0.5068
5101	0.7258	0.8161	0.5205
5102	0.7028	0.7880	0.5342
5103	0.7095	0.7940	0.5342
5104	0.7135	0.8064	0.4932
5105	0.6962	0.7753	0.5068
5106	0.7163	0.8090	0.4795
5107	0.7306	0.8190	0.5068
5108	0.6927	0.7792	0.4795
5109	0.7181	0.8002	0.4795
5110	0.6998	0.7927	0.5616
5111	0.6964	0.7908	0.5205
5112	0.7244	0.8088	0.4932
5113	0.7234	0.8054	0.4795
5114	0.7174	0.8018	0.5342
5115	0.6988	0.7891	0.5205
5116	0.6987	0.7924	0.5342
5117	0.6949	0.7801	0.5068
5118	0.6905	0.7767	0.5205
5119	0.7047	0.7888	0.5205
5120	0.7287	0.8064	0.5068
5121	0.7363	0.8173	0.4795
5122	0.7256	0.8068	0.5342
5123	0.7250	0.8090	0.5342
5124	0.7140	0.8030	0.5205
5125	0.6774	0.7610	0.5342
5126	0.6833	0.7698	0.5068
5127	0.7093	0.8016	0.5205
5128	0.6857	0.7723	0.5068
5129	0.6529	0.7374	0.5068
5130	0.7346	0.8252	0.4658
5131	0.6771	0.7611	0.5068
5132	0.6984	0.7833	0.5068
5133	0.7051	0.7972	0.5068
5134	0.6927	0.7758	0.4932
5135	0.6902	0.7762	0.4932
5136	0.6894	0.7737	0.4932
5137	0.7320	0.8223	0.5205
5138	0.6951	0.7874	0.5205
5139	0.7323	0.8199	0.4658
5140	0.6977	0.7924	0.5342
5141	0.6844	0.7719	0.5205
5142	0.7082	0.7995	0.5342
5143	0.7148	0.7967	0.4932
5144	0.7152	0.8067	0.5068
5145	0.7153	0.8056	0.5068
5146	0.6929	0.7771	0.4932
5147	0.7047	0.7898	0.5205
5148	0.7396	0.8294	0.4795
5149	0.6913	0.7774	0.4795
5150	0.7197	0.8127	0.5205
5151	0.7414	0.8214	0.5342
5152	0.7381	0.8183	0.4932
5153	0.7121	0.7966	0.5068
5154	0.7235	0.8053	0.5205
5155	0.7009	0.7800	0.5068
5156	0.6954	0.7877	0.5068
5157	0.7137	0.7989	0.5342
5158	0.7216	0.8128	0.5205
5159	0.7221	0.8061	0.4795
5160	0.6697	0.7566	0.5205
5161	0.7091	0.8028	0.4932
5162	0.7085	0.7982	0.5068
5163	0.6876	0.7804	0.5205
5164	0.7199	0.8030	0.4795
5165	0.7392	0.8269	0.4932
5166	0.6940	0.7869	0.4658
5167	0.7125	0.8025	0.5068
5168	0.7075	0.7971	0.5068
5169	0.6797	0.7753	0.5205
5170	0.7061	0.7919	0.4932
5171	0.7160	0.8079	0.5342
5172	0.6957	0.7822	0.5068
5173	0.7099	0.7917	0.4932
5174	0.7096	0.7944	0.4658
5175	0.6744	0.7557	0.5205
5176	0.6937	0.7737	0.4932
5177	0.7127	0.7910	0.4795
5178	0.7165	0.8016	0.5205
5179	0.7123	0.8009	0.4658
5180	0.6861	0.7707	0.5342
5181	0.6702	0.7536	0.5342
5182	0.6890	0.7813	0.5342
5183	0.7343	0.8181	0.5205
5184	0.7108	0.8001	0.5342
5185	0.7068	0.7855	0.5068
5186	0.7043	0.7976	0.5068
5187	0.6954	0.7851	0.4795
5188	0.7041	0.7890	0.4932
5189	0.6976	0.7882	0.5068
5190	0.7136	0.8054	0.5479
5191	0.7136	0.7985	0.4658
5192	0.6948	0.7813	0.5753
5193	0.6877	0.7810	0.5342
5194	0.7041	0.7834	0.5068
5195	0.7000	0.7926	0.5205
5196	0.7403	0.8233	0.4932
5197	0.7200	0.8042	0.4932
5198	0.6884	0.7687	0.4521
5199	0.7174	0.7960	0.4795
5200	0.7174	0.8062	0.5205
5201	0.6759	0.7599	0.4795
5202	0.7162	0.8001	0.5205
5203	0.7221	0.8140	0.5205
5204	0.7143	0.8040	0.5068
5205	0.6896	0.7700	0.5205
5206	0.7262	0.8073	0.5342
5207	0.7075	0.7888	0.5479
5208	0.6916	0.7846	0.5205
5209	0.7003	0.7948	0.5205
5210	0.6963	0.7825	0.5205
5211	0.6992	0.7808	0.4658
5212	0.7204	0.8042	0.4658
5213	0.6958	0.7818	0.5068
5214	0.6857	0.7795	0.5068
5215	0.7144	0.8055	0.4932
5216	0.7401	0.8280	0.5616
5217	0.7637	0.8424	0.5342
5218	0.6958	0.7879	0.5068
5219	0.6664	0.7512	0.4795
5220	0.6786	0.7706	0.5205
5221	0.7152	0.8048	0.5068
5222	0.6792	0.7721	0.4932
5223	0.7007	0.7862	0.4795
5224	0.7011	0.7941	0.5205
5225	0.6883	0.7793	0.5068
5226	0.7114	0.8041	0.4795
5227	0.6984	0.7809	0.4795
5228	0.7047	0.7967	0.4658
5229	0.7467	0.8334	0.5342
5230	0.6890	0.7730	0.5068
5231	0.6998	0.7851	0.5479
5232	0.6770	0.7686	0.5342
5233	0.7236	0.8121	0.5479
5234	0.6896	0.7739	0.4932
5235	0.7124	0.7973	0.5342
5236	0.7236	0.8136	0.4932
5237	0.7304	0.8215	0.4932
5238	0.7318	0.8096	0.5342
5239	0.7118	0.7947	0.5342
5240	0.7313	0.8148	0.4932
5241	0.6914	0.7828	0.4795
5242	0.7476	0.8387	0.5068
5243	0.7322	0.8139	0.5205
5244	0.6555	0.7490	0.5342
5245	0.7420	0.8333	0.5205
5246	0.6864	0.7779	0.5205
5247	0.7049	0.7970	0.4795
5248	0.7314	0.8127	0.5205
5249	0.7008	0.7803	0.5068
5250	0.6802	0.7613	0.5068
5251	0.6986	0.7929	0.5068
5252	0.6890	0.7840	0.5068
5253	0.6762	0.7713	0.4932
5254	0.7105	0.7995	0.5068
5255	0.6737	0.7607	0.5068
5256	0.7208	0.8135	0.5068
5257	0.6992	0.7932	0.5068
5258	0.7199	0.8092	0.5479
5259	0.6912	0.7812	0.5205
5260	0.7271	0.8108	0.5068
5261	0.7351	0.8231	0.5068
5262	0.7703	0.8562	0.4521
5263	0.7012	0.7807	0.5068
5264	0.6883	0.7744	0.4932
5265	0.7073	0.7897	0.4658
5266	0.6922	0.7741	0.4795
5267	0.6652	0.7598	0.5342
5268	0.7048	0.7844	0.4932
5269	0.7149	0.7965	0.5342
5270	0.7168	0.8057	0.5068
5271	0.7214	0.8095	0.4932
5272	0.6992	0.7935	0.4932
5273	0.6819	0.7725	0.4932
5274	0.7004	0.7937	0.4932
5275	0.7589	0.8457	0.5068
5276	0.7125	0.7946	0.4932
5277	0.6888	0.7840	0.5068
5278	0.6927	0.7793	0.5068
5279	0.7090	0.7902	0.4932
5280	0.7229	0.8041	0.4658
5281	0.7107	0.7937	0.5342
5282	0.7124	0.8041	0.5068
5283	0.6849	0.7712	0.4932
5284	0.7352	0.8254	0.5205
5285	0.6976	0.7882	0.5479
5286	0.6878	0.7806	0.5205
5287	0.7087	0.7941	0.5068
5288	0.7124	0.8061	0.5068
5289	0.7293	0.8072	0.5068
5290	0.7232	0.8117	0.4932
5291	0.7152	0.7988	0.5068
5292	0.7238	0.8120	0.5068
5293	0.7153	0.8068	0.4795
5294	0.6904	0.7701	0.4932
5295	0.6863	0.7696	0.5068
5296	0.7159	0.8043	0.4795
5297	0.7255	0.8038	0.5068
5298	0.7135	0.8068	0.5479
5299	0.7216	0.8147	0.5342
5300	0.7330	0.8218	0.5342
5301	0.6834	0.7663	0.5616
5302	0.7080	0.7936	0.4795
5303	0.7349	0.8227	0.5342
5304	0.7035	0.7829	0.5068
5305	0.6852	0.7801	0.5068
5306	0.7304	0.8183	0.5342
5307	0.6890	0.7750	0.5479
5308	0.7251	0.8096	0.5068
5309	0.6696	0.7531	0.4932
5310	0.7229	0.8042	0.5342
5311	0.7079	0.7925	0.4932
5312	0.6996	0.7925	0.5205
5313	0.7377	0.8265	0.5068
5314	0.6900	0.7849	0.4932
5315	0.7207	0.8099	0.5068
5316	0.7137	0.7983	0.5205
5317	0.7164	0.8009	0.5068
5318	0.7351	0.8226	0.5342
5319	0.7059	0.7952	0.5205
5320	0.6908	0.7705	0.4932
5321	0.7165	0.8007	0.5479
5322	0.6770	0.7645	0.4932
5323	0.7121	0.8052	0.5068
5324	0.7365	0.8133	0.4521
5325	0.6573	0.7507	0.5479
5326	0.7078	0.8009	0.5479
5327	0.6849	0.7766	0.4932
5328	0.6839	0.7646	0.4658
5329	0.7344	0.8235	0.5342
5330	0.7188	0.7973	0.5068
5331	0.7319	0.8115	0.4932
5332	0.6945	0.7744	0.5205
5333	0.6825	0.7752	0.5205
5334	0.7112	0.8048	0.5342
5335	0.7354	0.8183	0.4795
5336	0.7169	0.8066	0.5068
5337	0.7426	0.8198	0.4658
5338	0.7042	0.7937	0.5205
5339	0.6830	0.7747	0.5068
5340	0.7229	0.8075	0.4795
5341	0.6973	0.7824	0.5068
5342	0.7070	0.7925	0.4932
5343	0.7108	0.8043	0.5205
5344	0.7146	0.7999	0.5068
5345	0.7215	0.8017	0.4795
5346	0.6725	0.7678	0.5068
5347	0.7145	0.8040	0.5068
5348	0.6919	0.7741	0.5205
5349	0.6838	0.7751	0.4932
5350	0.7123	0.7908	0.5342
5351	0.6933	0.7733	0.4932
5352	0.6878	0.7711	0.5068
5353	0.6877	0.7809	0.5205
5354	0.6948	0.7741	0.5068
5355	0.7389	0.8293	0.5068
5356	0.7142	0.7929	0.5342
5357	0.7070	0.7880	0.5342
5358	0.6785	0.7732	0.5068
5359	0.6633	0.7481	0.5479
5360	0.7108	0.8014	0.4932
5361	0.7292	0.8127	0.5342
5362	0.7105	0.7955	0.5342
5363	0.7059	0.7871	0.5068
5364	0.7049	0.7985	0.5753
5365	0.7288	0.8205	0.5479
5366	0.7235	0.8045	0.4932
5367	0.6957	0.7755	0.4932
5368	0.7330	0.8153	0.5205
5369	0.6665	0.7626	0.4795
5370	0.7248	0.8161	0.5068
5371	0.6947	0.7774	0.5479
5372	0.7328	0.8151	0.4932
5373	0.7050	0.7875	0.5205
5374	0.7089	0.7987	0.5342
5375	0.7233	0.8015	0.4795
5376	0.6991	0.7854	0.5205
5377	0.6883	0.7795	0.4932
5378	0.6849	0.7799	0.5205
5379	0.7217	0.8052	0.5342
5380	0.7361	0.8280	0.4932
5381	0.6686	0.7528	0.5205
5382	0.7138	0.8032	0.5068
5383	0.6734	0.7652	0.5068
5384	0.6743	0.7696	0.5068
5385	0.7022	0.7940	0.4932
5386	0.7190	0.8090	0.4795
5387	0.6933	0.7860	0.5616
5388	0.6888	0.7717	0.5068
5389	0.7126	0.8026	0.5068
5390	0.7090	0.8024	0.4932
5391	0.7023	0.7859	0.4932
5392	0.6905	0.7844	0.5205
5393	0.7214	0.8128	0.4932
5394	0.7273	0.8107	0.5616
5395	0.7044	0.7897	0.5205
5396	0.7461	0.8344	0.4932
5397	0.7067	0.8002	0.5479
5398	0.6834	0.7758	0.5068
5399	0.7038	0.7832	0.5068
5400	0.7336	0.8176	0.4658
5401	0.6835	0.7637	0.5205
5402	0.7199	0.8042	0.5068
5403	0.6853	0.7780	0.5342
5404	0.7127	0.7976	0.4521
5405	0.6845	0.7671	0.5205
5406	0.7071	0.7865	0.5479
5407	0.6896	0.7724	0.4932
5408	0.7236	0.8034	0.4795
5409	0.6846	0.7781	0.4795
5410	0.7035	0.7830	0.5068
5411	0.6800	0.7675	0.4932
5412	0.7211	0.8134	0.5342
5413	0.6922	0.7789	0.4932
5414	0.7272	0.8158	0.5205
5415	0.6948	0.7767	0.5068
5416	0.7373	0.8201	0.5205
5417	0.6956	0.7889	0.5342
5418	0.7651	0.8547	0.5342
5419	0.6688	0.7636	0.5205
5420	0.7021	0.7921	0.4932
5421	0.7131	0.7985	0.4658
5422	0.7001	0.7927	0.4795
5423	0.7171	0.7996	0.5342
5424	0.7066	0.7965	0.4658
5425	0.7172	0.8069	0.5205
5426	0.7034	0.7928	0.5342
5427	0.6983	0.7838	0.5479
5428	0.6942	0.7851	0.5205
5429	0.6920	0.7865	0.5342
5430	0.6712	0.7637	0.4932
5431	0.7515	0.8272	0.5068
5432	0.6975	0.7874	0.5068
5433	0.6863	0.7807	0.5068
5434	0.6974	0.7905	0.5205
5435	0.7158	0.8003	0.4932
5436	0.6844	0.7678	0.5068
5437	0.6905	0.7771	0.5068
5438	0.7185	0.8002	0.5342
5439	0.6785	0.7590	0.4932
5440	0.7425	0.8235	0.4932
5441	0.7151	0.8079	0.5068
5442	0.7007	0.7860	0.5205
5443	0.6857	0.7727	0.5205
5444	0.7067	0.7970	0.5205
5445	0.6942	0.7848	0.4795
5446	0.6838	0.7773	0.4932
5447	0.7188	0.8104	0.5479
5448	0.7392	0.8307	0.4795
5449	0.7047	0.7942	0.5068
5450	0.6878	0.7730	0.4932
5451	0.7119	0.8028	0.5068
5452	0.6832	0.7632	0.5479
5453	0.7576	0.8400	0.4795
5454	0.7473	0.8344	0.4795
5455	0.7503	0.8329	0.4795
5456	0.7196	0.8115	0.5205
5457	0.7467	0.8335	0.5068
5458	0.6956	0.7888	0.5479
5459	0.6917	0.7780	0.4795
5460	0.7034	0.7928	0.5205
5461	0.6843	0.7786	0.5205
5462	0.6686	0.7622	0.5205
5463	0.7289	0.8170	0.4932
5464	0.6974	0.7870	0.5205
5465	0.7228	0.8040	0.4795
5466	0.6625	0.7590	0.5068
5467	0.6783	0.7740	0.5205
5468	0.7140	0.8062	0.4932
5469	0.7073	0.7968	0.4932
5470	0.7389	0.8222	0.5479
5471	0.6988	0.7785	0.5068
5472	0.7025	0.7877	0.5205
5473	0.7116	0.8017	0.5205
5474	0.7244	0.8093	0.5479
5475	0.7047	0.7833	0.4932
5476	0.7035	0.7937	0.5068
5477	0.7485	0.8349	0.5342
5478	0.6813	0.7724	0.5068
5479	0.6853	0.7802	0.4795
5480	0.6791	0.7631	0.5068
5481	0.7426	0.8263	0.4932
5482	0.6845	0.7707	0.5205
5483	0.7520	0.8389	0.4795
5484	0.7102	0.7948	0.5342
5485	0.7372	0.8183	0.5479
5486	0.6978	0.7874	0.5068
5487	0.7342	0.8247	0.5068
5488	0.6916	0.7867	0.5068
5489	0.7287	0.8168	0.5068
5490	0.7187	0.7963	0.5479
5491	0.6840	0.7649	0.4658
5492	0.6987	0.7849	0.5205
5493	0.7337	0.8227	0.5342
5494	0.7170	0.7996	0.5205
5495	0.7012	0.7836	0.4932
5496	0.7020	0.7926	0.4932
5497	0.7019	0.7926	0.5068
5498	0.7261	0.8150	0.5205
5499	0.6774	0.7685	0.5068
5500	0.7295	0.8201	0.5068
5501	0.6967	0.7765	0.5068
5502	0.7093	0.8025	0.4795
5503	0.7066	0.7855	0.5068
5504	0.6923	0.7856	0.4795
5505	0.7179	0.7956	0.5205
5506	0.7162	0.8007	0.4932
5507	0.7090	0.8004	0.5205
5508	0.6511	0.7458	0.5068
5509	0.6882	0.7789	0.4932
5510	0.6961	0.7903	0.5205
5511	0.7189	0.8085	0.4932
5512	0.7253	0.8178	0.5068
5513	0.7130	0.7977	0.4795
5514	0.7104	0.8005	0.4658
5515	0.7197	0.8105	0.4932
5516	0.6995	0.7901	0.5068
5517	0.7420	0.8317	0.5479
5518	0.7178	0.8003	0.5068
5519	0.6880	0.7715	0.5068
5520	0.7271	0.8161	0.4658
5521	0.7006	0.7941	0.5205
5522	0.7324	0.8227	0.5479
5523	0.7064	0.7972	0.4795
5524	0.7199	0.8038	0.5068
5525	0.6641	0.7521	0.5068
5526	0.6876	0.7825	0.5479
5527	0.7185	0.8085	0.5068
5528	0.7307	0.8230	0.5068
5529	0.7356	0.8130	0.5205
5530	0.6855	0.7774	0.5205
5531	0.6979	0.7813	0.5068
5532	0.7399	0.8189	0.4932
5533	0.6880	0.7788	0.5342
5534	0.6842	0.7784	0.4932
5535	0.6997	0.7907	0.5616
5536	0.6854	0.7801	0.5068
5537	0.7403	0.8214	0.5068
5538	0.6835	0.7690	0.5068
5539	0.7027	0.7966	0.4795
5540	0.7319	0.8199	0.4247
5541	0.7201	0.7979	0.5342
5542	0.7224	0.8002	0.5205
5543	0.7112	0.7900	0.5479
5544	0.7167	0.8062	0.5342
5545	0.7263	0.8064	0.4658
5546	0.7194	0.8117	0.4932
5547	0.7013	0.7859	0.4795
5548	0.6769	0.7710	0.5205
5549	0.6928	0.7846	0.5068
5550	0.7106	0.8023	0.5342
5551	0.7223	0.8070	0.5068
5552	0.6899	0.7735	0.5342
5553	0.7213	0.8097	0.4658
5554	0.6992	0.7932	0.4795
5555	0.7138	0.7976	0.4795
5556	0.7292	0.8069	0.5205
5557	0.6814	0.7677	0.5616
5558	0.7498	0.8409	0.5068
5559	0.7379	0.8184	0.5342
5560	0.7273	0.8191	0.5342
5561	0.7475	0.8382	0.5616
5562	0.6924	0.7754	0.5205
5563	0.7551	0.8340	0.5068
5564	0.6835	0.7693	0.5068
5565	0.7077	0.7978	0.5205
5566	0.7315	0.8113	0.5205
5567	0.7182	0.8069	0.5068
5568	0.7249	0.8027	0.5753
5569	0.6901	0.7801	0.4932
5570	0.7025	0.7948	0.5205
5571	0.7442	0.8318	0.4932
5572	0.7039	0.7898	0.5205
5573	0.7045	0.7941	0.4795
5574	0.6965	0.7823	0.4932
5575	0.7022	0.7915	0.4932
5576	0.6887	0.7731	0.5342
5577	0.6875	0.7681	0.5205
5578	0.6976	0.7874	0.4932
5579	0.6834	0.7787	0.5068
5580	0.6948	0.7848	0.5342
5581	0.7049	0.7873	0.5205
5582	0.7195	0.8088	0.5068
5583	0.7306	0.8186	0.5205
5584	0.7085	0.7871	0.4795
5585	0.7068	0.7854	0.5205
5586	0.7019	0.7931	0.5205
5587	0.7076	0.7897	0.5068
5588	0.7099	0.7995	0.5205
5589	0.7597	0.8416	0.5753
5590	0.7185	0.8006	0.4795
5591	0.6953	0.7820	0.4932
5592	0.6907	0.7819	0.4521
5593	0.7007	0.7905	0.4658
5594	0.7077	0.7925	0.5205
5595	0.7175	0.8017	0.4932
5596	0.7415	0.8320	0.4521
5597	0.6832	0.7755	0.5068
5598	0.7399	0.8200	0.4932
5599	0.6980	0.7774	0.4795
5600	0.6850	0.7712	0.5068
5601	0.6933	0.7844	0.4932
5602	0.6865	0.7726	0.5068
5603	0.6700	0.7623	0.5342
5604	0.6959	0.7877	0.4795
5605	0.6729	0.7579	0.5205
5606	0.7145	0.7997	0.5068
5607	0.7080	0.8012	0.5068
5608	0.7198	0.8012	0.5068
5609	0.6677	0.7560	0.5205
5610	0.7006	0.7903	0.5616
5611	0.7535	0.8319	0.4795
5612	0.6869	0.7742	0.5205
5613	0.7091	0.7922	0.5068
5614	0.7163	0.7970	0.5068
5615	0.7007	0.7820	0.5205
5616	0.7089	0.7945	0.5068
5617	0.7079	0.7936	0.5205
5618	0.7201	0.8003	0.5479
5619	0.7690	0.8550	0.5068
5620	0.7397	0.8275	0.5205
5621	0.6919	0.7837	0.5205
5622	0.6701	0.7582	0.5068
5623	0.7426	0.8297	0.5068
5624	0.6927	0.7838	0.4932
5625	0.7238	0.8052	0.4932
5626	0.6864	0.7802	0.5068
5627	0.6699	0.7532	0.4795
5628	0.7011	0.7911	0.4932
5629	0.6971	0.7873	0.5205
5630	0.7305	0.8188	0.4795
5631	0.6862	0.7799	0.5205
5632	0.7306	0.8077	0.5205
5633	0.7200	0.8103	0.5068
5634	0.6862	0.7791	0.4658
5635	0.6965	0.7890	0.5068
5636	0.7033	0.7890	0.5205
5637	0.6932	0.7792	0.5205
5638	0.6908	0.7821	0.5068
5639	0.6712	0.7643	0.5068
5640	0.7393	0.8296	0.5068
5641	0.7254	0.8153	0.5205
5642	0.6835	0.7667	0.5068
5643	0.7124	0.7912	0.5205
5644	0.6935	0.7730	0.5068
5645	0.7628	0.8492	0.5205
5646	0.7042	0.7940	0.5068
5647	0.7230	0.8012	0.5068
5648	0.7383	0.8265	0.4795
5649	0.7440	0.8336	0.4795
5650	0.6960	0.7798	0.5068
5651	0.7357	0.8178	0.4932
5652	0.7290	0.8105	0.5068
5653	0.7246	0.8048	0.5205
5654	0.6895	0.7735	0.4795
5655	0.6892	0.7745	0.5479
5656	0.6872	0.7732	0.4795
5657	0.6894	0.7799	0.4795
5658	0.6994	0.7902	0.5068
5659	0.7503	0.8400	0.5205
5660	0.6985	0.7837	0.5068
5661	0.6884	0.7746	0.5479
5662	0.7287	0.8176	0.5342
5663	0.7120	0.7929	0.4932
5664	0.6785	0.7725	0.5068
5665	0.7097	0.8006	0.5068
5666	0.6920	0.7843	0.5479
5667	0.6830	0.7665	0.5342
5668	0.7227	0.8067	0.5205
5669	0.6990	0.7891	0.4932
5670	0.7271	0.8169	0.5068
5671	0.7297	0.8191	0.4932
5672	0.6735	0.7691	0.5342
5673	0.7110	0.7917	0.4932
5674	0.7075	0.7885	0.4932
5675	0.7049	0.7953	0.5068
5676	0.6707	0.7663	0.5068
5677	0.6890	0.7791	0.5068
5678	0.7319	0.8242	0.4795
5679	0.6794	0.7748	0.5616
5680	0.6917	0.7832	0.4795
5681	0.7232	0.8042	0.5479
5682	0.6976	0.7902	0.5342
5683	0.7019	0.7945	0.5068
5684	0.7095	0.8017	0.4795
5685	0.6948	0.7891	0.5068
5686	0.6787	0.7744	0.5068
5687	0.7165	0.8053	0.5205
5688	0.7371	0.8144	0.5068
5689	0.6788	0.7736	0.5205
5690	0.7193	0.7971	0.4795
5691	0.7340	0.8248	0.4932
5692	0.7236	0.8154	0.4795
5693	0.7155	0.7979	0.4932
5694	0.6693	0.7613	0.5342
5695	0.6828	0.7635	0.4932
5696	0.6907	0.7703	0.4658
5697	0.6963	0.7790	0.5479
5698	0.7228	0.8154	0.5068
5699	0.6803	0.7715	0.5342
5700	0.6752	0.7668	0.5205
5701	0.7292	0.8072	0.4795
5702	0.7214	0.8120	0.4658
5703	0.6843	0.7699	0.4795
5704	0.6955	0.7870	0.5205
5705	0.7206	0.8117	0.5205
5706	0.7373	0.8252	0.4658
5707	0.6811	0.7736	0.5479
5708	0.6876	0.7712	0.4795
5709	0.7218	0.8029	0.5342
5710	0.7214	0.8100	0.4658
5711	0.7047	0.7896	0.5205
5712	0.7104	0.8033	0.5205
5713	0.7100	0.7997	0.4932
5714	0.7211	0.8022	0.5479
5715	0.7370	0.8240	0.5205
5716	0.7016	0.7850	0.5068
5717	0.7522	0.8388	0.4795
5718	0.7088	0.7934	0.5068
5719	0.7183	0.8000	0.5205
5720	0.6911	0.7843	0.4932
5721	0.7160	0.7982	0.4658
5722	0.6777	0.7582	0.5068
5723	0.6773	0.7730	0.5068
5724	0.6854	0.7797	0.4658
5725	0.7214	0.8051	0.5068
5726	0.7307	0.8141	0.4658
5727	0.7002	0.7827	0.5342
5728	0.7182	0.8088	0.5068
5729	0.6807	0.7719	0.5068
5730	0.6788	0.7655	0.5342
5731	0.7094	0.8014	0.4932
5732	0.6943	0.7873	0.5205
5733	0.6858	0.7770	0.5068
5734	0.7035	0.7939	0.4658
5735	0.7419	0.8297	0.4658
5736	0.7284	0.8115	0.4795
5737	0.6978	0.7841	0.5616
5738	0.6955	0.7860	0.5205
5739	0.7034	0.7948	0.5068
5740	0.7416	0.8332	0.5479
5741	0.7084	0.7942	0.5068
5742	0.7105	0.8014	0.5068
5743	0.7245	0.8154	0.5205
5744	0.6917	0.7816	0.5205
5745	0.7142	0.8063	0.5068
5746	0.6861	0.7785	0.5342
5747	0.7102	0.7894	0.5068
5748	0.6741	0.7622	0.5068
5749	0.6884	0.7687	0.5342
5750	0.7125	0.8039	0.5342
5751	0.7361	0.8243	0.4795
5752	0.6916	0.7847	0.4932
5753	0.7139	0.8073	0.5205
5754	0.7101	0.7893	0.4932
5755	0.7036	0.7833	0.5068
5756	0.7085	0.7985	0.5068
5757	0.6845	0.7716	0.5205
5758	0.7159	0.8092	0.5342
5759	0.7277	0.8092	0.5205
5760	0.7245	0.8083	0.5068
5761	0.7114	0.8042	0.5205
5762	0.6766	0.7676	0.5205
5763	0.7027	0.7922	0.5205
5764	0.7031	0.7854	0.4521
5765	0.7221	0.8029	0.5068
5766	0.7048	0.7862	0.4658
5767	0.7525	0.8415	0.4932
5768	0.7131	0.7951	0.5068
5769	0.7080	0.7980	0.5205
5770	0.6970	0.7834	0.5342
5771	0.6889	0.7795	0.5479
5772	0.7135	0.7989	0.4932
5773	0.6630	0.7482	0.5068
5774	0.7248	0.8175	0.4795
5775	0.7240	0.8085	0.4658
5776	0.7006	0.7945	0.4932
5777	0.7103	0.7892	0.5342
5778	0.7285	0.8167	0.5342
5779	0.6997	0.7794	0.5068
5780	0.6827	0.7778	0.5205
5781	0.6780	0.7656	0.5205
5782	0.7398	0.8236	0.5068
5783	0.6975	0.7916	0.4932
5784	0.7447	0.8359	0.5205
5785	0.6907	0.7740	0.5205
5786	0.7309	0.8190	0.4932
5787	0.7246	0.8171	0.5068
5788	0.7010	0.7833	0.5342
5789	0.7188	0.8094	0.5068
5790	0.7112	0.8045	0.4795
5791	0.7580	0.8481	0.5205
5792	0.6904	0.7771	0.5205
5793	0.6986	0.7815	0.4658
5794	0.7404	0.8279	0.4932
5795	0.6777	0.7727	0.4932
5796	0.7225	0.8064	0.5479
5797	0.7110	0.8008	0.5068
5798	0.7382	0.8153	0.5205
5799	0.7148	0.7929	0.5205
5800	0.6938	0.7797	0.5205
5801	0.7352	0.8227	0.5068
5802	0.6881	0.7791	0.5205
5803	0.7167	0.8002	0.5479
5804	0.6869	0.7806	0.4795
5805	0.7120	0.7941	0.4932
5806	0.7082	0.8018	0.5205
5807	0.7426	0.8308	0.4932
5808	0.7091	0.7990	0.5753
5809	0.6838	0.7663	0.5068
5810	0.7020	0.7956	0.5068
5811	0.6727	0.7542	0.4795
5812	0.7137	0.8023	0.4932
5813	0.6880	0.7792	0.5205
5814	0.7057	0.7954	0.5753
5815	0.7279	0.8201	0.5616
5816	0.7099	0.8026	0.4932
5817	0.7312	0.8156	0.5205
5818	0.7085	0.7939	0.4932
5819	0.7126	0.8017	0.5205
5820	0.7167	0.8057	0.4658
5821	0.7596	0.8491	0.4932
5822	0.7094	0.7985	0.5205
5823	0.7032	0.7935	0.4932
5824	0.6974	0.7901	0.5342
5825	0.7499	0.8263	0.5068
5826	0.6964	0.7889	0.5205
5827	0.7447	0.8334	0.4795
5828	0.6985	0.7923	0.5479
5829	0.7034	0.7886	0.5479
5830	0.6984	0.7882	0.5205
5831	0.7018	0.7946	0.5479
5832	0.7252	0.8052	0.5205
5833	0.7168	0.7946	0.4932
5834	0.7283	0.8202	0.4521
5835	0.6762	0.7614	0.5068
5836	0.7040	0.7957	0.5068
5837	0.7062	0.7915	0.5068
5838	0.7358	0.8264	0.5342
5839	0.6978	0.7770	0.4932
5840	0.6809	0.7739	0.5205
5841	0.7048	0.7958	0.4795
5842	0.7150	0.7989	0.4795
5843	0.7662	0.8484	0.5205
5844	0.7464	0.8333	0.5205
5845	0.7249	0.8046	0.4247
5846	0.6963	0.7875	0.5479
5847	0.6912	0.7782	0.4795
5848	0.7250	0.8158	0.5205
5849	0.6828	0.7767	0.5205
5850	0.6612	0.7474	0.5205
5851	0.7200	0.8041	0.5342
5852	0.6927	0.7721	0.5068
5853	0.7086	0.8005	0.4932
5854	0.7119	0.8051	0.5205
5855	0.7012	0.7917	0.5342
5856	0.7084	0.7938	0.5205
5857	0.7053	0.7909	0.4932
5858	0.7218	0.8000	0.4932
5859	0.7318	0.8088	0.5205
5860	0.6995	0.7889	0.5205
5861	0.6958	0.7776	0.5205
5862	0.7032	0.7927	0.5205
5863	0.7074	0.8010	0.4795
5864	0.6721	0.7633	0.4795
5865	0.6839	0.7754	0.5068
5866	0.7136	0.8068	0.5068
5867	0.6811	0.7622	0.5342
5868	0.6957	0.7864	0.5068
5869	0.7174	0.7961	0.4521
5870	0.7102	0.7957	0.5068
5871	0.7115	0.8001	0.5205
5872	0.6807	0.7718	0.4932
5873	0.6958	0.7865	0.5205
5874	0.6885	0.7691	0.4932
5875	0.7391	0.8284	0.5068
5876	0.6957	0.7875	0.4795
5877	0.7286	0.8065	0.4795
5878	0.7150	0.8037	0.4932
5879	0.6923	0.7793	0.5068
5880	0.6700	0.7643	0.5068
5881	0.7179	0.8024	0.4932
5882	0.7068	0.7859	0.5205
5883	0.7290	0.8067	0.4658
5884	0.7254	0.8165	0.4795
5885	0.6863	0.7816	0.4795
5886	0.6683	0.7638	0.5342
5887	0.7118	0.7962	0.5205
5888	0.7238	0.8152	0.4795
5889	0.6980	0.7881	0.5068
5890	0.7022	0.7933	0.5068
5891	0.7316	0.8114	0.4795
5892	0.6910	0.7829	0.5205
5893	0.7330	0.8248	0.5068
5894	0.7389	0.8162	0.5342
5895	0.6945	0.7785	0.4932
5896	0.6831	0.7631	0.5068
5897	0.7486	0.8390	0.5205
5898	0.7216	0.8133	0.5068
5899	0.7294	0.8100	0.5342
5900	0.6858	0.7766	0.5205
5901	0.7131	0.8033	0.4932
5902	0.7022	0.7960	0.5068
5903	0.7053	0.7887	0.5068
5904	0.7053	0.7906	0.4521
5905	0.6875	0.7731	0.4795
5906	0.7220	0.7999	0.5205
5907	0.6970	0.7894	0.5479
5908	0.6818	0.7686	0.4932
5909	0.6790	0.7628	0.5205
5910	0.7149	0.8045	0.4658
5911	0.7009	0.7951	0.5342
5912	0.7135	0.8056	0.5342
5913	0.6967	0.7822	0.5479
5914	0.6843	0.7773	0.5068
5915	0.7091	0.7940	0.4795
5916	0.7067	0.7969	0.5205
5917	0.6824	0.7760	0.5068
5918	0.7099	0.7940	0.5068
5919	0.7158	0.8047	0.4521
5920	0.6904	0.7764	0.5205
5921	0.7145	0.8051	0.5068
5922	0.6976	0.7831	0.4658
5923	0.7415	0.8221	0.5342
5924	0.6926	0.7780	0.5342
5925	0.7062	0.7987	0.4795
5926	0.6876	0.7710	0.4795
5927	0.6952	0.7811	0.5068
5928	0.7405	0.8284	0.5479
5929	0.7246	0.8057	0.5479
5930	0.7029	0.7927	0.4521
5931	0.7517	0.8279	0.4795
5932	0.7577	0.8365	0.5205
5933	0.7194	0.8094	0.5068
5934	0.7187	0.8012	0.5068
5935	0.7190	0.8031	0.5205
5936	0.7028	0.7939	0.4932
5937	0.6863	0.7725	0.5342
5938	0.6865	0.7809	0.5342
5939	0.7444	0.8272	0.4932
5940	0.7110	0.7902	0.5205
5941	0.7150	0.8069	0.5479
5942	0.6953	0.7857	0.5068
5943	0.7054	0.7898	0.5068
5944	0.7132	0.7975	0.4932
5945	0.6970	0.7871	0.5205
5946	0.7472	0.8387	0.5068
5947	0.7119	0.7966	0.5342
5948	0.7080	0.7921	0.4932
5949	0.6926	0.7784	0.5068
5950	0.6995	0.7811	0.5342
5951	0.6873	0.7786	0.4795
5952	0.7010	0.7862	0.5068
5953	0.6757	0.7697	0.5068
5954	0.6832	0.7696	0.5205
5955	0.7201	0.7982	0.5205
5956	0.6841	0.7775	0.4932
5957	0.7124	0.8058	0.5205
5958	0.6999	0.7928	0.5342
5959	0.7285	0.8093	0.5205
5960	0.7068	0.7973	0.5205
5961	0.6905	0.7773	0.5479
5962	0.7149	0.8077	0.5342
5963	0.7221	0.8151	0.4658
5964	0.7101	0.7944	0.5342
5965	0.6926	0.7834	0.4795
5966	0.7378	0.8262	0.4932
5967	0.6708	0.7579	0.5205
5968	0.6980	0.7837	0.5205
5969	0.7373	0.8274	0.5068
5970	0.6985	0.7890	0.5205
5971	0.7587	0.8493	0.5479
5972	0.7035	0.7894	0.5068
5973	0.7122	0.8045	0.5068
5974	0.7089	0.7936	0.5205
5975	0.6879	0.7738	0.5205
5976	0.6959	0.7904	0.5479
5977	0.6872	0.7735	0.5068
5978	0.7163	0.8057	0.5205
5979	0.6864	0.7666	0.4795
5980	0.7132	0.8017	0.5068
5981	0.6914	0.7781	0.5068
5982	0.6990	0.7896	0.5205
5983	0.6904	0.7727	0.4932
5984	0.7090	0.7993	0.5068
5985	0.6875	0.7711	0.5342
5986	0.6656	0.7495	0.5342
5987	0.7198	0.8014	0.5479
5988	0.6927	0.7841	0.5068
5989	0.7082	0.7924	0.4795
5990	0.7051	0.7872	0.5616
5991	0.6642	0.7568	0.5342
5992	0.6845	0.7708	0.4932
5993	0.7130	0.7984	0.5068
5994	0.7058	0.7899	0.4932
5995	0.6922	0.7830	0.4795
5996	0.7186	0.8103	0.5205
5997	0.7203	0.8130	0.5068
5998	0.7104	0.7886	0.4932
5999	0.6737	0.7657	0.4932
6000	0.6914	0.7827	0.5068
6001	0.7164	0.8078	0.5205
6002	0.7169	0.8078	0.4932
6003	0.6919	0.7865	0.4795
6004	0.6875	0.7801	0.4932
6005	0.6685	0.7567	0.4932
6006	0.6900	0.7846	0.5068
6007	0.6967	0.7910	0.5205
6008	0.7235	0.8049	0.4795
6009	0.7159	0.8011	0.5479
6010	0.7081	0.7970	0.4795
6011	0.7332	0.8166	0.5068
6012	0.6957	0.7855	0.5068
6013	0.7022	0.7925	0.4932
6014	0.7418	0.8315	0.5068
6015	0.7105	0.8005	0.4795
6016	0.6890	0.7836	0.5342
6017	0.7189	0.8106	0.4658
6018	0.7179	0.8111	0.5068
6019	0.7113	0.7967	0.5068
6020	0.7341	0.8236	0.4795
6021	0.6885	0.7744	0.4932
6022	0.7126	0.7942	0.4795
6023	0.7026	0.7886	0.4932
6024	0.6653	0.7593	0.5342
6025	0.6845	0.7780	0.5205
6026	0.6994	0.7935	0.4932
6027	0.6850	0.7687	0.5342
6028	0.7089	0.7982	0.4384
6029	0.7158	0.8048	0.5068
6030	0.7275	0.8090	0.4795
6031	0.7063	0.7858	0.4658
6032	0.7121	0.7965	0.4932
6033	0.6881	0.7745	0.5342
6034	0.7298	0.8139	0.4932
6035	0.7394	0.8307	0.5068
6036	0.7039	0.7898	0.4932
6037	0.6825	0.7766	0.4932
6038	0.7101	0.7954	0.4932
6039	0.7429	0.8197	0.5205
6040	0.7446	0.8361	0.5342
6041	0.6963	0.7829	0.5205
6042	0.7155	0.8051	0.5205
6043	0.7368	0.8203	0.4658
6044	0.7232	0.8118	0.5205
6045	0.7067	0.7923	0.4658
6046	0.6961	0.7897	0.5068
6047	0.7190	0.8093	0.4932
6048	0.7068	0.7917	0.5205
6049	0.7333	0.8144	0.4932
6050	0.6822	0.7668	0.5068
6051	0.7058	0.7914	0.5342
6052	0.6929	0.7838	0.5068
6053	0.7047	0.7905	0.5068
6054	0.6824	0.7679	0.5342
6055	0.7192	0.8086	0.5068
6056	0.7037	0.7871	0.5068
6057	0.7140	0.7985	0.5205
6058	0.6949	0.7743	0.5068
6059	0.7125	0.8052	0.4932
6060	0.6923	0.7862	0.4932
6061	0.7057	0.7914	0.5068
6062	0.6949	0.7878	0.5205
6063	0.6923	0.7827	0.5068
6064	0.7618	0.8483	0.4932
6065	0.7232	0.8045	0.5342
6066	0.6891	0.7831	0.5068
6067	0.6996	0.7843	0.5068
6068	0.7088	0.7915	0.4932
6069	0.7177	0.8074	0.5342
6070	0.7239	0.8155	0.5479
6071	0.7089	0.8026	0.5342
6072	0.7257	0.8093	0.4795
6073	0.7072	0.7922	0.4932
6074	0.7003	0.7849	0.4932
6075	0.6908	0.7761	0.5205
6076	0.6975	0.7829	0.4932
6077	0.7048	0.7980	0.5068
6078	0.7097	0.7884	0.5205
6079	0.7037	0.7929	0.5342
6080	0.7176	0.7955	0.4932
6081	0.7023	0.7817	0.5342
6082	0.6785	0.7709	0.5205
6083	0.6864	0.7777	0.5479
6084	0.6994	0.7917	0.4658
6085	0.7139	0.8029	0.5342
6086	0.7065	0.7915	0.5205
6087	0.7112	0.7930	0.5342
6088	0.7085	0.7979	0.4932
6089	0.7214	0.8027	0.5479
6090	0.7275	0.8074	0.5342
6091	0.6972	0.7810	0.4795
6092	0.6842	0.7710	0.5205
6093	0.7051	0.7903	0.5205
6094	0.6842	0.7703	0.4932
6095	0.7118	0.7907	0.4658
6096	0.7153	0.7972	0.4795
6097	0.7108	0.8014	0.4384
6098	0.7066	0.7962	0.4795
6099	0.6818	0.7737	0.5205
6100	0.7027	0.7935	0.4658
6101	0.7298	0.8222	0.5068
6102	0.7017	0.7832	0.4795
6103	0.7237	0.8134	0.5205
6104	0.6871	0.7728	0.5205
6105	0.6596	0.7563	0.5205
6106	0.7238	0.8119	0.4521
6107	0.6559	0.7486	0.4795
6108	0.7230	0.8076	0.4932
6109	0.6829	0.7771	0.5068
6110	0.6629	0.7478	0.5479
6111	0.7068	0.7986	0.5068
6112	0.7364	0.8190	0.4795
6113	0.7326	0.8201	0.5205
6114	0.6781	0.7727	0.4932
6115	0.7033	0.7823	0.4795
6116	0.6974	0.7800	0.5205
6117	0.6980	0.7923	0.5068
6118	0.7527	0.8355	0.4795
6119	0.6791	0.7660	0.5205
6120	0.7159	0.8094	0.5205
6121	0.7126	0.7951	0.5068
6122	0.7245	0.8094	0.5068
6123	0.7058	0.7877	0.5068
6124	0.7184	0.8034	0.4932
6125	0.7026	0.7945	0.4795
6126	0.6975	0.7835	0.4932
6127	0.6680	0.7553	0.5342
6128	0.7133	0.8031	0.5205
6129	0.6813	0.7641	0.4795
6130	0.6886	0.7835	0.4521
6131	0.7352	0.8245	0.4658
6132	0.6974	0.7792	0.4795
6133	0.6969	0.7908	0.5205
6134	0.7127	0.8064	0.5342
6135	0.7115	0.7955	0.4795
6136	0.6828	0.7739	0.5616
6137	0.7172	0.8023	0.4795
6138	0.6911	0.7750	0.5068
6139	0.7436	0.8235	0.5068
6140	0.6769	0.7636	0.5342
6141	0.7264	0.8093	0.5068
6142	0.7152	0.8065	0.4932
6143	0.6895	0.7691	0.5342
6144	0.7074	0.7887	0.5205
6145	0.6799	0.7716	0.4932
6146	0.7261	0.8167	0.5205
6147	0.6985	0.7885	0.5205
6148	0.7053	0.7903	0.5479
6149	0.7003	0.7897	0.5342
6150	0.6759	0.7628	0.5068
6151	0.6934	0.7735	0.5205
6152	0.6905	0.7808	0.4795
6153	0.7200	0.8115	0.5205
6154	0.7538	0.8317	0.5753
6155	0.7092	0.7915	0.4795
6156	0.7222	0.8137	0.5616
6157	0.6924	0.7723	0.5479
6158	0.6863	0.7705	0.5205
6159	0.6923	0.7853	0.4795
6160	0.6920	0.7721	0.4932
6161	0.6925	0.7754	0.5068
6162	0.7037	0.7958	0.4932
6163	0.7353	0.8258	0.4932
6164	0.7299	0.8095	0.5068
6165	0.7184	0.8091	0.4795
6166	0.7221	0.8060	0.5068
6167	0.7030	0.7966	0.4932
6168	0.7037	0.7831	0.4795
6169	0.6647	0.7600	0.5068
6170	0.7091	0.7940	0.5068
6171	0.7154	0.7959	0.5068
6172	0.7317	0.8228	0.5205
6173	0.6765	0.7637	0.4932
6174	0.7408	0.8294	0.4795
6175	0.7219	0.8032	0.4795
6176	0.6897	0.7767	0.5068
6177	0.7577	0.8473	0.5342
6178	0.6953	0.7887	0.5342
6179	0.7148	0.7967	0.4932
6180	0.6943	0.7855	0.4795
6181	0.6878	0.7747	0.5068
6182	0.6966	0.7876	0.4932
6183	0.6915	0.7821	0.5342
6184	0.7064	0.7923	0.5205
6185	0.7237	0.8119	0.4795
6186	0.7290	0.8108	0.5342
6187	0.7383	0.8194	0.5342
6188	0.6844	0.7668	0.5068
6189	0.7000	0.7827	0.4932
6190	0.7098	0.7994	0.5205
6191	0.6736	0.7601	0.5205
6192	0.6858	0.7661	0.5068
6193	0.7261	0.8157	0.4795
6194	0.7401	0.8276	0.4932
6195	0.7414	0.8240	0.4932
6196	0.7108	0.7891	0.4795
6197	0.7072	0.7856	0.5068
6198	0.6985	0.7783	0.5068
6199	0.7481	0.8348	0.5342
6200	0.6974	0.7882	0.5068
6201	0.7408	0.8306	0.5479
6202	0.7288	0.8211	0.5205
6203	0.6910	0.7772	0.5342
6204	0.7211	0.8133	0.4795
6205	0.6816	0.7744	0.5342
6206	0.6850	0.7688	0.4795
6207	0.7376	0.8177	0.4795
6208	0.6780	0.7691	0.5205
6209	0.7185	0.8025	0.4932
6210	0.6706	0.7515	0.4932
6211	0.7251	0.8010	0.5068
6212	0.7073	0.7925	0.4932
6213	0.7011	0.7916	0.4795
6214	0.7237	0.8155	0.5068
6215	0.7223	0.8115	0.4932
6216	0.7023	0.7950	0.5205
6217	0.6827	0.7638	0.5068
6218	0.6940	0.7885	0.5205
6219	0.7150	0.7966	0.5068
6220	0.7087	0.8013	0.4932
6221	0.6810	0.7620	0.5205
6222	0.6879	0.7703	0.4932
6223	0.7037	0.7891	0.4932
6224	0.7413	0.8286	0.5068
6225	0.6827	0.7751	0.4932
6226	0.6761	0.7720	0.5205
6227	0.7072	0.7996	0.5342
6228	0.6972	0.7913	0.5342
6229	0.7022	0.7919	0.5342
6230	0.6703	0.7538	0.5205
6231	0.7316	0.8220	0.4795
6232	0.7115	0.8007	0.5068
6233	0.7275	0.8105	0.5753
6234	0.7070	0.7910	0.5205
6235	0.6724	0.7643	0.4795
6236	0.7041	0.7961	0.5068
6237	0.6876	0.7796	0.5205
6238	0.6900	0.7702	0.5068
6239	0.7048	0.7878	0.5068
6240	0.7199	0.8095	0.4932
6241	0.7148	0.7974	0.5068
6242	0.7187	0.7972	0.4932
6243	0.7061	0.7973	0.5068
6244	0.7052	0.7895	0.5205
6245	0.6943	0.7887	0.5068
6246	0.6854	0.7691	0.4658
6247	0.6980	0.7808	0.5342
6248	0.7004	0.7851	0.5068
6249	0.6588	0.7552	0.5205
6250	0.6777	0.7715	0.5342
6251	0.7211	0.8138	0.5068
6252	0.7154	0.7969	0.5205
6253	0.7225	0.8135	0.4521
6254	0.7354	0.8261	0.5205
6255	0.7347	0.8238	0.5068
6256	0.7319	0.8244	0.4521
6257	0.7105	0.7925	0.5342
6258	0.7146	0.8038	0.5479
6259	0.6908	0.7765	0.5068
6260	0.7186	0.8020	0.4521
6261	0.6811	0.7614	0.5205
6262	0.7225	0.8155	0.5205
6263	0.6745	0.7576	0.5205
6264	0.6759	0.7679	0.4932
6265	0.7085	0.7995	0.5205
6266	0.6852	0.7657	0.5068
6267	0.7233	0.8072	0.5479
6268	0.7106	0.8019	0.4795
6269	0.7281	0.8118	0.5205
6270	0.7206	0.8021	0.5342
6271	0.7160	0.7947	0.5068
6272	0.6968	0.7807	0.4795
6273	0.7080	0.7919	0.5205
6274	0.6902	0.7821	0.5068
6275	0.6998	0.7923	0.5068
6276	0.6843	0.7791	0.5205
6277	0.7079	0.7888	0.5068
6278	0.7215	0.8017	0.5616
6279	0.7279	0.8115	0.5479
6280	0.7194	0.8085	0.5068
6281	0.6988	0.7908	0.4795
6282	0.7015	0.7913	0.5479
6283	0.7009	0.7907	0.5205
6284	0.7140	0.8076	0.5068
6285	0.6959	0.7811	0.4932
6286	0.6830	0.7659	0.5205
6287	0.7228	0.8066	0.5342
6288	0.6607	0.7564	0.5342
6289	0.7184	0.8075	0.4932
6290	0.7063	0.7848	0.5205
6291	0.7412	0.8250	0.5068
6292	0.7109	0.8012	0.5205
6293	0.6963	0.7866	0.5479
6294	0.7371	0.8195	0.5068
6295	0.7354	0.8147	0.4932
6296	0.6864	0.7728	0.4658
6297	0.7358	0.8235	0.5205
6298	0.6914	0.7764	0.5205
6299	0.7171	0.8060	0.4932
6300	0.7204	0.7989	0.5342
6301	0.7122	0.7903	0.4932
6302	0.7580	0.8402	0.5479
6303	0.6943	0.7846	0.5068
6304	0.6897	0.7832	0.5068
6305	0.6983	0.7885	0.5068
6306	0.7378	0.8273	0.4795
6307	0.7045	0.7896	0.4932
6308	0.7272	0.8109	0.4795
6309	0.6942	0.7781	0.5068
6310	0.7380	0.8256	0.5205
6311	0.7030	0.7861	0.5068
6312	0.7522	0.8345	0.4658
6313	0.7291	0.8119	0.4795
6314	0.6727	0.7601	0.5342
6315	0.6822	0.7732	0.5479
6316	0.7205	0.8007	0.5342
6317	0.7226	0.8147	0.4932
6318	0.7216	0.8106	0.5068
6319	0.7125	0.8058	0.5205
6320	0.7081	0.7979	0.4658
6321	0.7004	0.7864	0.5205
6322	0.7127	0.8043	0.5068
6323	0.7140	0.7993	0.5205
6324	0.7219	0.8105	0.5205
6325	0.7095	0.8025	0.4932
6326	0.7076	0.7896	0.4795
6327	0.7006	0.7935	0.4795
6328	0.7274	0.8162	0.5205
6329	0.6894	0.7761	0.5342
6330	0.7292	0.8125	0.4795
6331	0.7225	0.8108	0.4795
6332	0.7306	0.8211	0.5205
6333	0.7055	0.7847	0.5479
6334	0.6921	0.7719	0.5068
6335	0.7143	0.7987	0.5616
6336	0.6928	0.7757	0.5068
6337	0.6751	0.7594	0.5205
6338	0.7028	0.7843	0.5205
6339	0.6835	0.7744	0.5205
6340	0.7158	0.8052	0.5068
6341	0.6941	0.7799	0.5205
6342	0.7446	0.8341	0.5205
6343	0.7019	0.7835	0.4658
6344	0.7163	0.7950	0.5205
6345	0.7426	0.8335	0.5068
6346	0.7184	0.8103	0.4932
6347	0.7039	0.7834	0.4795
6348	0.7522	0.8394	0.4658
6349	0.7189	0.7974	0.5205
6350	0.7194	0.8038	0.4658
6351	0.7019	0.7930	0.4932
6352	0.6997	0.7940	0.4795
6353	0.6842	0.7647	0.4932
6354	0.7016	0.7841	0.5068
6355	0.6929	0.7871	0.5068
6356	0.6899	0.7763	0.5342
6357	0.6863	0.7718	0.4932
6358	0.6759	0.7637	0.5068
6359	0.6936	0.7802	0.5205
6360	0.7375	0.8175	0.5068
6361	0.6760	0.7674	0.5342
6362	0.7163	0.8052	0.5342
6363	0.6779	0.7591	0.4795
6364	0.7130	0.7977	0.5068
6365	0.7329	0.8206	0.5068
6366	0.7042	0.7863	0.4795
6367	0.6870	0.7804	0.4795
6368	0.6856	0.7808	0.4932
6369	0.7055	0.7849	0.5205
6370	0.7375	0.8209	0.5068
6371	0.7012	0.7863	0.4932
6372	0.6827	0.7742	0.4932
6373	0.7015	0.7955	0.5205
6374	0.6767	0.7636	0.5205
6375	0.7083	0.7915	0.4932
6376	0.7031	0.7884	0.5068
6377	0.7026	0.7813	0.5479
6378	0.6819	0.7644	0.5342
6379	0.7034	0.7937	0.5479
6380	0.7038	0.7962	0.4795
6381	0.6706	0.7650	0.5342
6382	0.6722	0.7597	0.5205
6383	0.7291	0.8070	0.4521
6384	0.6738	0.7697	0.5205
6385	0.6924	0.7746	0.5068
6386	0.7074	0.7862	0.5205
6387	0.7156	0.8086	0.4932
6388	0.6494	0.7442	0.5205
6389	0.7211	0.8098	0.5068
6390	0.6975	0.7813	0.5342
6391	0.6949	0.7778	0.5205
6392	0.7225	0.8112	0.4795
6393	0.6979	0.7835	0.4932
6394	0.7443	0.8319	0.5342
6395	0.6736	0.7662	0.5342
6396	0.7221	0.8113	0.5068
6397	0.7043	0.7944	0.5342
6398	0.7021	0.7816	0.5205
6399	0.6666	0.7484	0.5479
6400	0.7112	0.7969	0.4521
6401	0.7066	0.7876	0.4932
6402	0.7178	0.8061	0.4658
6403	0.7048	0.7986	0.5205
6404	0.7240	0.8072	0.4658
6405	0.6987	0.7886	0.5205
6406	0.7119	0.7938	0.4658
6407	0.7207	0.8133	0.5068
6408	0.6985	0.7925	0.4932
6409	0.6942	0.7770	0.4795
6410	0.6899	0.7808	0.5068
6411	0.7237	0.8127	0.4795
6412	0.7341	0.8223	0.5205
6413	0.6888	0.7821	0.4932
6414	0.7058	0.7871	0.4932
6415	0.7031	0.7962	0.5068
6416	0.7336	0.8110	0.5068
6417	0.7181	0.7969	0.5205
6418	0.7246	0.8092	0.5205
6419	0.7407	0.8320	0.5479
6420	0.6872	0.7783	0.5068
6421	0.7360	0.8231	0.4932
6422	0.7422	0.8193	0.4932
6423	0.7213	0.8016	0.5479
6424	0.7307	0.8215	0.5205
6425	0.7106	0.7895	0.5616
6426	0.7157	0.8071	0.5205
6427	0.6941	0.7857	0.5068
6428	0.6965	0.7823	0.5205
6429	0.7332	0.8125	0.5616
6430	0.6941	0.7807	0.5205
6431	0.7352	0.8268	0.4932
6432	0.7329	0.8243	0.5205
6433	0.6970	0.7771	0.5342
6434	0.6626	0.7554	0.5068
6435	0.7184	0.8111	0.4932
6436	0.7092	0.8026	0.5068
6437	0.6662	0.7511	0.5205
6438	0.6842	0.7650	0.4795
6439	0.7205	0.8105	0.4658
6440	0.7134	0.7952	0.5205
6441	0.7243	0.8089	0.5205
6442	0.7404	0.8320	0.5205
6443	0.7567	0.8392	0.4932
6444	0.7000	0.7906	0.4932
6445	0.7091	0.7898	0.5068
6446	0.6794	0.7749	0.5068
6447	0.7393	0.8297	0.5479
6448	0.6909	0.7771	0.5205
6449	0.6945	0.7878	0.5205
6450	0.7270	0.8161	0.5068
6451	0.6982	0.7885	0.5205
6452	0.6764	0.7634	0.5479
6453	0.7075	0.7886	0.5616
6454	0.7330	0.8222	0.5068
6455	0.7128	0.8061	0.4932
6456	0.7079	0.8011	0.5753
6457	0.7374	0.8263	0.4932
6458	0.6859	0.7657	0.5068
6459	0.6814	0.7622	0.5205
6460	0.7110	0.7963	0.5068
6461	0.7037	0.7967	0.5616
6462	0.7087	0.7994	0.4932
6463	0.7279	0.8176	0.4795
6464	0.7061	0.7882	0.4795
6465	0.7075	0.7922	0.5205
6466	0.7042	0.7886	0.5068
6467	0.6888	0.7753	0.5205
6468	0.6970	0.7870	0.5342
6469	0.7432	0.8312	0.5479
6470	0.7106	0.7994	0.5342
6471	0.7252	0.8148	0.5205
6472	0.7316	0.8089	0.5068
6473	0.7088	0.8012	0.4658
6474	0.7344	0.8230	0.5068
6475	0.7148	0.8037	0.4795
6476	0.7248	0.8025	0.4521
6477	0.6959	0.7798	0.5068
6478	0.7291	0.8125	0.5479
6479	0.6792	0.7703	0.5342
6480	0.7053	0.7875	0.4521
6481	0.6990	0.7933	0.5205
6482	0.7335	0.8161	0.5205
6483	0.7013	0.7953	0.5068
6484	0.7307	0.8212	0.5205
6485	0.7408	0.8295	0.5205
6486	0.7166	0.8078	0.4932
6487	0.6755	0.7710	0.5068
6488	0.7090	0.7986	0.5068
6489	0.7466	0.8379	0.4658
6490	0.6974	0.7883	0.4932
6491	0.7153	0.8056	0.5068
6492	0.6860	0.7804	0.5342
6493	0.7040	0.7882	0.4521
6494	0.7274	0.8053	0.5068
6495	0.6942	0.7889	0.5068
6496	0.6622	0.7590	0.5205
6497	0.7126	0.7980	0.5068
6498	0.6804	0.7741	0.5205
6499	0.7028	0.7881	0.4932
6500	0.7230	0.8012	0.4795
6501	0.7157	0.8076	0.4658
6502	0.6875	0.7781	0.5205
6503	0.7143	0.8071	0.5205
6504	0.7121	0.8013	0.5068
6505	0.7153	0.8085	0.5205
6506	0.7391	0.8191	0.5479
6507	0.6889	0.7756	0.5068
6508	0.7134	0.7954	0.4932
6509	0.6930	0.7731	0.5479
6510	0.6948	0.7889	0.5342
6511	0.7145	0.8030	0.5616
6512	0.7230	0.8070	0.5616
6513	0.6945	0.7845	0.5479
6514	0.7045	0.7971	0.4795
6515	0.7083	0.8006	0.4521
6516	0.6964	0.7865	0.4658
6517	0.7068	0.7995	0.5068
6518	0.6957	0.7782	0.5342
6519	0.7017	0.7938	0.4932
6520	0.6912	0.7744	0.5068
6521	0.6898	0.7848	0.5205
6522	0.7030	0.7853	0.4932
6523	0.6921	0.7825	0.4932
6524	0.7161	0.7968	0.5068
6525	0.6875	0.7732	0.4932
6526	0.6757	0.7671	0.5068
6527	0.6988	0.7779	0.4932
6528	0.7098	0.7941	0.4932
6529	0.6964	0.7821	0.4521
6530	0.7121	0.7950	0.5342
6531	0.6910	0.7743	0.4795
6532	0.6713	0.7547	0.5068
6533	0.7070	0.7997	0.4932
6534	0.7511	0.8339	0.5342
6535	0.7173	0.8091	0.5068
6536	0.7080	0.7871	0.4795
6537	0.6948	0.7765	0.4795
6538	0.6734	0.7695	0.5068
6539	0.6994	0.7851	0.5479
6540	0.6906	0.7850	0.5068
6541	0.7216	0.8108	0.5342
6542	0.7004	0.7864	0.4932
6543	0.7249	0.8156	0.5068
6544	0.7101	0.7892	0.5479
6545	0.7033	0.7826	0.5068
6546	0.7518	0.8425	0.5479
6547	0.6791	0.7742	0.5068
6548	0.7243	0.8071	0.5205
6549	0.7028	0.7872	0.4932
6550	0.6894	0.7808	0.5068
6551	0.6495	0.7376	0.4932
6552	0.7188	0.8038	0.4795
6553	0.7501	0.8302	0.4932
6554	0.7263	0.8182	0.4795
6555	0.7344	0.8231	0.4932
6556	0.7043	0.7837	0.4932
6557	0.7141	0.8051	0.4795
6558	0.7092	0.7882	0.5205
6559	0.6974	0.7800	0.5205
6560	0.7335	0.8245	0.5205
6561	0.7105	0.7895	0.4795
6562	0.7060	0.7855	0.4795
6563	0.7264	0.8041	0.5068
6564	0.7082	0.7910	0.4932
6565	0.7075	0.7974	0.5068
6566	0.7235	0.8124	0.4795
6567	0.7031	0.7935	0.5205
6568	0.7678	0.8495	0.4658
6569	0.7388	0.8216	0.4658
6570	0.7001	0.7800	0.5068
6571	0.7433	0.8221	0.4932
6572	0.7014	0.7926	0.5068
6573	0.7162	0.8012	0.4795
6574	0.7058	0.7953	0.5205
6575	0.7068	0.7964	0.5205
6576	0.7060	0.7850	0.5342
6577	0.6994	0.7851	0.4932
6578	0.6861	0.7785	0.5205
6579	0.7182	0.7966	0.5068
6580	0.6768	0.7647	0.5068
6581	0.7309	0.8111	0.4795
6582	0.6743	0.7676	0.5068
6583	0.6884	0.7827	0.4932
6584	0.7374	0.8263	0.4932
6585	0.7345	0.8217	0.4932
6586	0.7035	0.7857	0.4932
6587	0.7033	0.7956	0.5068
6588	0.7243	0.8079	0.5342
6589	0.6969	0.7762	0.4658
6590	0.7372	0.8146	0.4795
6591	0.7303	0.8183	0.4932
6592	0.6820	0.7735	0.4932
6593	0.6951	0.7806	0.5342
6594	0.7496	0.8364	0.4658
6595	0.6900	0.7848	0.5479
6596	0.6901	0.7721	0.5068
6597	0.6860	0.7687	0.4658
6598	0.6945	0.7777	0.5342
6599	0.7032	0.7935	0.4932
6600	0.6888	0.7796	0.4932
6601	0.7064	0.7884	0.5342
6602	0.7138	0.8069	0.4795
6603	0.6813	0.7641	0.5205
6604	0.7251	0.8167	0.4384
6605	0.6740	0.7651	0.4932
6606	0.6944	0.7856	0.5342
6607	0.6775	0.7579	0.4932
6608	0.6990	0.7816	0.4932
6609	0.7141	0.7993	0.4658
6610	0.7089	0.7899	0.5205
6611	0.7009	0.7842	0.4932
6612	0.6869	0.7710	0.4795
6613	0.7041	0.7937	0.4932
6614	0.7294	0.8195	0.4658
6615	0.7057	0.7980	0.4932
6616	0.7174	0.8065	0.5068
6617	0.6933	0.7836	0.5068
6618	0.7121	0.8053	0.4932
6619	0.6995	0.7913	0.5068
6620	0.7113	0.7902	0.5342
6621	0.7006	0.7912	0.5342
6622	0.7141	0.7954	0.5616
6623	0.7383	0.8262	0.5068
6624	0.6910	0.7707	0.4932
6625	0.6944	0.7741	0.5068
6626	0.7297	0.8202	0.4658
6627	0.6809	0.7658	0.4521
6628	0.6983	0.7848	0.4932
6629	0.7376	0.8277	0.5068
6630	0.6925	0.7757	0.5342
6631	0.6886	0.7726	0.5068
6632	0.7055	0.7957	0.4932
6633	0.7210	0.8096	0.4932
6634	0.7189	0.8093	0.4932
6635	0.7072	0.7896	0.4658
6636	0.6880	0.7676	0.5342
6637	0.7112	0.8002	0.5205
6638	0.7041	0.7871	0.5342
6639	0.6946	0.7862	0.4795
6640	0.7175	0.8017	0.4795
6641	0.6943	0.7863	0.5342
6642	0.7290	0.8132	0.4795
6643	0.7295	0.8210	0.5342
6644	0.7002	0.7826	0.5205
6645	0.6866	0.7731	0.5205
6646	0.7327	0.8221	0.5068
6647	0.6971	0.7875	0.5342
6648	0.6830	0.7779	0.5205
6649	0.6725	0.7561	0.5068
6650	0.7355	0.8257	0.4932
6651	0.6979	0.7885	0.5342
6652	0.7127	0.8059	0.4932
6653	0.6822	0.7776	0.5342
6654	0.7210	0.8137	0.5342
6655	0.7225	0.8063	0.4932
6656	0.7179	0.7966	0.4932
6657	0.7203	0.8103	0.5205
6658	0.7129	0.8050	0.5205
6659	0.7034	0.7971	0.5068
6660	0.6967	0.7803	0.4795
6661	0.6906	0.7849	0.5342
6662	0.6829	0.7776	0.5205
6663	0.7042	0.7937	0.4795
6664	0.7197	0.8018	0.5068
6665	0.7090	0.7990	0.4795
6666	0.7075	0.7968	0.5479
6667	0.7144	0.7987	0.5068
6668	0.7279	0.8163	0.5205
6669	0.6588	0.7534	0.5205
6670	0.7213	0.8104	0.4932
6671	0.7078	0.7869	0.5342
6672	0.6999	0.7795	0.5205
6673	0.6860	0.7731	0.4795
6674	0.6675	0.7558	0.5205
6675	0.6894	0.7754	0.5068
6676	0.7260	0.8096	0.5342
6677	0.7036	0.7894	0.4932
6678	0.7039	0.7874	0.4932
6679	0.7200	0.7983	0.5479
6680	0.6958	0.7893	0.5068
6681	0.6961	0.7872	0.5205
6682	0.7248	0.8171	0.5068
6683	0.7338	0.8243	0.4658
6684	0.7417	0.8335	0.5068
6685	0.7045	0.7961	0.4932
6686	0.6937	0.7734	0.5479
6687	0.7014	0.7917	0.4932
6688	0.6940	0.7740	0.4932
6689	0.6958	0.7877	0.5205
6690	0.7397	0.8276	0.5342
6691	0.7193	0.7973	0.4795
6692	0.7207	0.7989	0.5205
6693	0.6939	0.7800	0.5068
6694	0.6982	0.7779	0.5068
6695	0.7383	0.8186	0.5479
6696	0.6873	0.7700	0.5068
6697	0.7470	0.8382	0.4658
6698	0.7323	0.8212	0.4932
6699	0.7143	0.8071	0.5068
6700	0.7046	0.7978	0.5205
6701	0.6867	0.7804	0.5205
6702	0.7036	0.7965	0.5342
6703	0.6972	0.7886	0.5068
6704	0.7199	0.8089	0.5205
6705	0.6874	0.7731	0.4932
6706	0.7274	0.8053	0.4932
6707	0.7190	0.8119	0.4932
6708	0.7238	0.8129	0.4932
6709	0.7147	0.8078	0.4932
6710	0.7220	0.8111	0.5342
6711	0.6871	0.7778	0.4932
6712	0.7567	0.8377	0.5205
6713	0.6882	0.7834	0.4932
6714	0.6893	0.7727	0.5205
6715	0.7263	0.8179	0.5205
6716	0.6956	0.7753	0.5342
6717	0.6807	0.7680	0.5068
6718	0.7078	0.7891	0.5205
6719	0.7393	0.8228	0.5068
6720	0.7250	0.8163	0.5205
6721	0.7013	0.7847	0.4932
6722	0.7571	0.8480	0.5342
6723	0.7161	0.7988	0.5068
6724	0.6924	0.7784	0.4521
6725	0.6844	0.7770	0.5205
6726	0.6988	0.7932	0.4795
6727	0.7064	0.7969	0.4932
6728	0.7398	0.8271	0.5342
6729	0.7161	0.8081	0.5205
6730	0.7239	0.8084	0.5205
6731	0.6898	0.7805	0.4795
6732	0.7204	0.8015	0.5068
6733	0.7320	0.8213	0.4932
6734	0.6889	0.7756	0.5068
6735	0.7274	0.8105	0.5342
6736	0.7164	0.8072	0.5068
6737	0.6931	0.7768	0.5342
6738	0.7395	0.8291	0.5479
6739	0.7257	0.8093	0.5068
6740	0.6934	0.7792	0.5068
6741	0.7104	0.8001	0.4932
6742	0.7440	0.8264	0.5342
6743	0.6834	0.7701	0.5205
6744	0.6878	0.7806	0.5205
6745	0.6839	0.7743	0.5068
6746	0.7021	0.7815	0.4521
6747	0.7220	0.8148	0.5068
6748	0.7376	0.8209	0.5205
6749	0.6992	0.7843	0.4932
6750	0.7092	0.7933	0.5205
6751	0.7244	0.8085	0.4932
6752	0.7010	0.7914	0.5068
6753	0.7289	0.8196	0.4795
6754	0.6758	0.7635	0.5068
6755	0.6986	0.7893	0.5068
6756	0.7137	0.7956	0.4658
6757	0.7138	0.7926	0.4932
6758	0.7240	0.8014	0.5479
6759	0.7035	0.7891	0.5616
6760	0.7511	0.8326	0.5205
6761	0.6822	0.7690	0.5342
6762	0.6879	0.7703	0.5205
6763	0.7220	0.8110	0.5342
6764	0.6838	0.7710	0.4932
6765	0.7165	0.8007	0.5068
6766	0.7252	0.8060	0.4795
6767	0.6896	0.7843	0.5068
6768	0.6870	0.7818	0.5068
6769	0.7043	0.7892	0.4932
6770	0.7238	0.8084	0.5205
6771	0.7086	0.8009	0.4795
6772	0.7223	0.8137	0.4521
6773	0.7377	0.8260	0.5479
6774	0.7301	0.8071	0.5205
6775	0.7333	0.8107	0.4932
6776	0.7227	0.8111	0.5479
6777	0.6959	0.7901	0.5068
6778	0.7167	0.8096	0.4932
6779	0.7174	0.8018	0.4932
6780	0.6867	0.7700	0.4932
6781	0.7019	0.7814	0.5205
6782	0.6980	0.7884	0.5205
6783	0.7136	0.7979	0.4795
6784	0.6931	0.7769	0.5068
6785	0.6735	0.7549	0.5205
6786	0.7361	0.8274	0.4932
6787	0.6919	0.7830	0.4795
6788	0.6821	0.7766	0.5068
6789	0.6985	0.7890	0.5205
6790	0.6977	0.7830	0.4932
6791	0.6986	0.7885	0.4932
6792	0.6941	0.7769	0.5205
6793	0.7132	0.8028	0.4658
6794	0.7049	0.7842	0.5068
6795	0.6822	0.7658	0.5342
6796	0.6951	0.7786	0.4932
6797	0.6944	0.7812	0.5205
6798	0.6954	0.7860	0.4932
6799	0.7153	0.8068	0.4795
6800	0.7166	0.8081	0.5616
6801	0.7098	0.7943	0.4932
6802	0.7274	0.8118	0.5205
6803	0.7034	0.7830	0.5479
6804	0.6994	0.7896	0.5068
6805	0.6839	0.7766	0.5479
6806	0.7122	0.7939	0.5205
6807	0.7207	0.7989	0.5205
6808	0.7233	0.8052	0.4932
6809	0.7350	0.8232	0.5616
6810	0.7033	0.7844	0.4932
6811	0.6707	0.7522	0.4795
6812	0.7516	0.8421	0.5205
6813	0.6811	0.7747	0.4932
6814	0.7122	0.8039	0.5068
6815	0.6894	0.7801	0.4795
6816	0.7251	0.8028	0.5205
6817	0.6978	0.7912	0.4932
6818	0.7137	0.7993	0.4932
6819	0.7175	0.8105	0.5068
6820	0.6945	0.7865	0.5068
6821	0.7064	0.7976	0.4932
6822	0.7183	0.8026	0.4932
6823	0.7090	0.8014	0.5205
6824	0.7128	0.7957	0.4795
6825	0.7245	0.8153	0.5205
6826	0.6722	0.7564	0.5068
6827	0.7117	0.8016	0.4795
6828	0.7175	0.8101	0.5068
6829	0.7177	0.8020	0.4795
6830	0.6907	0.7742	0.4932
6831	0.7516	0.8405	0.5068
6832	0.7122	0.8014	0.5205
6833	0.7111	0.7965	0.4795
6834	0.7172	0.8069	0.4795
6835	0.7432	0.8232	0.5205
6836	0.7150	0.8065	0.5068
6837	0.7215	0.8036	0.4795
6838	0.6944	0.7773	0.4795
6839	0.7116	0.8011	0.5068
6840	0.7048	0.7985	0.4795
6841	0.7248	0.8151	0.5205
6842	0.7428	0.8325	0.5068
6843	0.7024	0.7878	0.4795
6844	0.6842	0.7765	0.5342
6845	0.6870	0.7674	0.5342
6846	0.7093	0.7876	0.4932
6847	0.6852	0.7759	0.5068
6848	0.7053	0.7876	0.5205
6849	0.7142	0.8028	0.5068
6850	0.7227	0.8141	0.5205
6851	0.6852	0.7760	0.5068
6852	0.6953	0.7816	0.5068
6853	0.7079	0.7927	0.4932
6854	0.7132	0.7973	0.4932
6855	0.7271	0.8151	0.4658
6856	0.7174	0.8062	0.4795
6857	0.6784	0.7713	0.5616
6858	0.6951	0.7879	0.5342
6859	0.7042	0.7858	0.5068
6860	0.7092	0.7941	0.4658
6861	0.7304	0.8188	0.5205
6862	0.6980	0.7891	0.5068
6863	0.6972	0.7770	0.5205
6864	0.7412	0.8219	0.4795
6865	0.6923	0.7725	0.5068
6866	0.7356	0.8227	0.5068
6867	0.7113	0.8013	0.4932
6868	0.6943	0.7884	0.5068
6869	0.7046	0.7982	0.4521
6870	0.7116	0.8008	0.4795
6871	0.6728	0.7544	0.5205
6872	0.6872	0.7779	0.4932
6873	0.7124	0.7952	0.5068
6874	0.6845	0.7761	0.5205
6875	0.7459	0.8332	0.4658
6876	0.7022	0.7928	0.5068
6877	0.7041	0.7939	0.4932
6878	0.6862	0.7771	0.5068
6879	0.6738	0.7680	0.5068
6880	0.7350	0.8221	0.5068
6881	0.7164	0.8083	0.5205
6882	0.6999	0.7791	0.4795
6883	0.6908	0.7709	0.4795
6884	0.6733	0.7693	0.5342
6885	0.7085	0.7941	0.5068
6886	0.6991	0.7924	0.5205
6887	0.6895	0.7833	0.5753
6888	0.7075	0.7897	0.5068
6889	0.6891	0.7820	0.5068
6890	0.7135	0.7922	0.5479
6891	0.7165	0.7945	0.4932
6892	0.6771	0.7613	0.5205
6893	0.6875	0.7796	0.4795
6894	0.7242	0.8124	0.4795
6895	0.6928	0.7841	0.5068
6896	0.7080	0.8018	0.5068
6897	0.7029	0.7926	0.5342
6898	0.7283	0.8164	0.4932
6899	0.6885	0.7740	0.5068
6900	0.6862	0.7725	0.4795
6901	0.7219	0.8001	0.4795
6902	0.7261	0.8040	0.5068
6903	0.6928	0.7868	0.5205
6904	0.7222	0.8063	0.4658
6905	0.6836	0.7755	0.5068
6906	0.7062	0.7978	0.5479
6907	0.7016	0.7940	0.5342
6908	0.7231	0.8066	0.5205
6909	0.6922	0.7785	0.4932
6910	0.7333	0.8255	0.4795
6911	0.6963	0.7863	0.4658
6912	0.6860	0.7723	0.5205
6913	0.7180	0.8033	0.4932
6914	0.7308	0.8136	0.4795
6915	0.6626	0.7570	0.4932
6916	0.7047	0.7952	0.5068
6917	0.7603	0.8497	0.5479
6918	0.6719	0.7636	0.5205
6919	0.7151	0.8047	0.5205
6920	0.6990	0.7897	0.4795
6921	0.7084	0.7875	0.5068
6922	0.6927	0.7828	0.4932
6923	0.7359	0.8258	0.4932
6924	0.6989	0.7886	0.5068
6925	0.7004	0.7865	0.5205
6926	0.7193	0.7996	0.5616
6927	0.7026	0.7877	0.4795
6928	0.6440	0.7412	0.5068
6929	0.7103	0.7941	0.5342
6930	0.7305	0.8215	0.5205
6931	0.6870	0.7783	0.4932
6932	0.7175	0.8015	0.5068
6933	0.6752	0.7673	0.5342
6934	0.7474	0.8295	0.4795
6935	0.7192	0.8017	0.5068
6936	0.6919	0.7786	0.5068
6937	0.7099	0.7888	0.4795
6938	0.6958	0.7904	0.5205
6939	0.6875	0.7782	0.5205
6940	0.7251	0.8092	0.5068
6941	0.7290	0.8062	0.4795
6942	0.7052	0.7909	0.5068
6943	0.7460	0.8268	0.4795
6944	0.7026	0.7964	0.5205
6945	0.6912	0.7779	0.5205
6946	0.6641	0.7568	0.5205
6947	0.7326	0.8123	0.4795
6948	0.7010	0.7925	0.5342
6949	0.6935	0.7881	0.5479
6950	0.7066	0.7997	0.5068
6951	0.6772	0.7648	0.5205
6952	0.7005	0.7902	0.5205
6953	0.6720	0.7679	0.4932
6954	0.7037	0.7878	0.4932
6955	0.6980	0.7843	0.5205
6956	0.7205	0.8020	0.4521
6957	0.7085	0.8007	0.4795
6958	0.6813	0.7673	0.5068
6959	0.7012	0.7859	0.5342
6960	0.6832	0.7779	0.5205
6961	0.7164	0.8011	0.4932
6962	0.6930	0.7767	0.5068
6963	0.6864	0.7731	0.4932
6964	0.7359	0.8236	0.4932
6965	0.6979	0.7924	0.4795
6966	0.6939	0.7871	0.5068
6967	0.7381	0.8293	0.5068
6968	0.6979	0.7773	0.4932
6969	0.7230	0.8065	0.5068
6970	0.7012	0.7809	0.4795
6971	0.6902	0.7807	0.5068
6972	0.7151	0.8084	0.4932
6973	0.7494	0.8368	0.5753
6974	0.7199	0.8041	0.5205
6975	0.6791	0.7666	0.5205
6976	0.7080	0.7935	0.4932
6977	0.7233	0.8119	0.5205
6978	0.7273	0.8049	0.5205
6979	0.6899	0.7753	0.5068
6980	0.6881	0.7792	0.5479
6981	0.7237	0.8121	0.5342
6982	0.7037	0.7968	0.5342
6983	0.7145	0.8059	0.4795
6984	0.6844	0.7772	0.5068
6985	0.6853	0.7762	0.5205
6986	0.7012	0.7840	0.4932
6987	0.7004	0.7898	0.5068
6988	0.6851	0.7800	0.4384
6989	0.7291	0.8205	0.4932
6990	0.7043	0.7902	0.5068
6991	0.7425	0.8189	0.5068
6992	0.6963	0.7870	0.4932
6993	0.7269	0.8079	0.4658
6994	0.7392	0.8157	0.5068
6995	0.7054	0.7878	0.5342
6996	0.6999	0.7894	0.5616
6997	0.7550	0.8439	0.5342
6998	0.7550	0.8451	0.5205
6999	0.7447	0.8240	0.5205
7000	0.7476	0.8358	0.5205
7001	0.7143	0.8071	0.5068
7002	0.7268	0.8190	0.5342
7003	0.7115	0.8048	0.5205
7004	0.6931	0.7790	0.5342
7005	0.6892	0.7827	0.5342
7006	0.6985	0.7802	0.5068
7007	0.7199	0.8048	0.5205
7008	0.6724	0.7604	0.5342
7009	0.7122	0.8015	0.5205
7010	0.6625	0.7511	0.5342
7011	0.6864	0.7729	0.4795
7012	0.6898	0.7767	0.5068
7013	0.7043	0.7896	0.5205
7014	0.7244	0.8164	0.4932
7015	0.6807	0.7634	0.5342
7016	0.7220	0.8060	0.5068
7017	0.7255	0.8030	0.4795
7018	0.7009	0.7799	0.4795
7019	0.7174	0.8061	0.5205
7020	0.7252	0.8178	0.5205
7021	0.7144	0.7933	0.5205
7022	0.7170	0.8069	0.5068
7023	0.6876	0.7807	0.4932
7024	0.7165	0.7950	0.5205
7025	0.7113	0.8024	0.5068
7026	0.7140	0.8046	0.4658
7027	0.6752	0.7603	0.4932
7028	0.7202	0.8048	0.5205
7029	0.6863	0.7782	0.5205
7030	0.6924	0.7764	0.5068
7031	0.7241	0.8141	0.5068
7032	0.7143	0.7971	0.5068
7033	0.6612	0.7540	0.4932
7034	0.6686	0.7568	0.4932
7035	0.7057	0.7957	0.5342
7036	0.7130	0.8062	0.4795
7037	0.6839	0.7674	0.5068
7038	0.7323	0.8116	0.5342
7039	0.7251	0.8090	0.4521
7040	0.7057	0.7901	0.5068
7041	0.6862	0.7662	0.4932
7042	0.6913	0.7773	0.4658
7043	0.7332	0.8144	0.4658
7044	0.7009	0.7802	0.5068
7045	0.6799	0.7664	0.5342
7046	0.7348	0.8187	0.5479
7047	0.6787	0.7699	0.4795
7048	0.7009	0.7861	0.5479
7049	0.7006	0.7943	0.5342
7050	0.7062	0.7955	0.4932
7051	0.7170	0.8071	0.5342
7052	0.7301	0.8182	0.4932
7053	0.6902	0.7850	0.5205
7054	0.6936	0.7735	0.5205
7055	0.6823	0.7630	0.5068
7056	0.6835	0.7784	0.4795
7057	0.6742	0.7661	0.5205
7058	0.6755	0.7714	0.5205
7059	0.7044	0.7830	0.4795
7060	0.7013	0.7866	0.5205
7061	0.6894	0.7832	0.5205
7062	0.6950	0.7899	0.4795
7063	0.7258	0.8170	0.4795
7064	0.6979	0.7909	0.5068
7065	0.7096	0.8032	0.4932
7066	0.7426	0.8187	0.4932
7067	0.7218	0.8144	0.5068
7068	0.7002	0.7911	0.5479
7069	0.6797	0.7750	0.5068
7070	0.7635	0.8536	0.5068
7071	0.7061	0.7960	0.5342
7072	0.7021	0.7944	0.5205
7073	0.6811	0.7717	0.5205
7074	0.7136	0.7924	0.4932
7075	0.7037	0.7934	0.4795
7076	0.6821	0.7656	0.5342
7077	0.7096	0.8010	0.5205
7078	0.7457	0.8359	0.4795
7079	0.7223	0.8152	0.4795
7080	0.7234	0.8145	0.4795
7081	0.6924	0.7856	0.5068
7082	0.7138	0.7925	0.5068
7083	0.7240	0.8122	0.5342
7084	0.7284	0.8163	0.5205
7085	0.7036	0.7825	0.4795
7086	0.7235	0.8082	0.5205
7087	0.7125	0.8041	0.5068
7088	0.7049	0.7971	0.5205
7089	0.6814	0.7663	0.5068
7090	0.6952	0.7859	0.5342
7091	0.6960	0.7857	0.5205
7092	0.7015	0.7871	0.5205
7093	0.6934	0.7794	0.4932
7094	0.6877	0.7707	0.4658
7095	0.6949	0.7779	0.4795
7096	0.7028	0.7969	0.5068
7097	0.7189	0.8110	0.4795
7098	0.7206	0.8091	0.5205
7099	0.7077	0.7865	0.5205
7100	0.6938	0.7774	0.4795
7101	0.7362	0.8241	0.4932
7102	0.7042	0.7832	0.5068
7103	0.6945	0.7774	0.5068
7104	0.6920	0.7721	0.5342
7105	0.6938	0.7764	0.4932
7106	0.6962	0.7791	0.4932
7107	0.7068	0.7983	0.4795
7108	0.7017	0.7922	0.5068
7109	0.7206	0.8122	0.4795
7110	0.6875	0.7779	0.4658
7111	0.7218	0.8051	0.4932
7112	0.6730	0.7641	0.5205
7113	0.6911	0.7779	0.4932
7114	0.7220	0.8061	0.5479
7115	0.7117	0.7953	0.4932
7116	0.7298	0.8183	0.4795
7117	0.7137	0.8029	0.5068
7118	0.6858	0.7796	0.5068
7119	0.7008	0.7861	0.5616
7120	0.7226	0.8063	0.5068
7121	0.6855	0.7765	0.4932
7122	0.7206	0.8099	0.5479
7123	0.6865	0.7726	0.4932
7124	0.6854	0.7788	0.5479
7125	0.7235	0.8115	0.5205
7126	0.7209	0.8123	0.5342
7127	0.7002	0.7902	0.5205
7128	0.7261	0.8100	0.5479
7129	0.7070	0.7918	0.5205
7130	0.7243	0.8157	0.4795
7131	0.6992	0.7887	0.5068
7132	0.7018	0.7842	0.5479
7133	0.7079	0.7896	0.5068
7134	0.7294	0.8069	0.5068
7135	0.7033	0.7974	0.5068
7136	0.6763	0.7635	0.5205
7137	0.6734	0.7645	0.4795
7138	0.7179	0.8075	0.4795
7139	0.6788	0.7597	0.5068
7140	0.6874	0.7698	0.5068
7141	0.7018	0.7918	0.4932
7142	0.6877	0.7681	0.5068
7143	0.6973	0.7800	0.5068
7144	0.7313	0.8217	0.5205
7145	0.7316	0.8206	0.4932
7146	0.7049	0.7940	0.5342
7147	0.6865	0.7810	0.5616
7148	0.7029	0.7937	0.5479
7149	0.6879	0.7740	0.5205
7150	0.7340	0.8248	0.5205
7151	0.6965	0.7764	0.5068
7152	0.6953	0.7813	0.5068
7153	0.6983	0.7902	0.5205
7154	0.6822	0.7739	0.5068
7155	0.6883	0.7708	0.5205
7156	0.6806	0.7641	0.5068
7157	0.6790	0.7656	0.5205
7158	0.7185	0.8117	0.5205
7159	0.7235	0.8138	0.4658
7160	0.7036	0.7895	0.5068
7161	0.6933	0.7878	0.5205
7162	0.7315	0.8208	0.4521
7163	0.7253	0.8074	0.5068
7164	0.7234	0.8056	0.4932
7165	0.7016	0.7804	0.5068
7166	0.7101	0.8023	0.5205
7167	0.7087	0.7982	0.4932
7168	0.6887	0.7820	0.5205
7169	0.7119	0.7968	0.5205
7170	0.6833	0.7700	0.5479
7171	0.6898	0.7850	0.4795
7172	0.7592	0.8387	0.5205
7173	0.7204	0.8104	0.5068
7174	0.6782	0.7719	0.4932
7175	0.7077	0.7933	0.5068
7176	0.7293	0.8070	0.4795
7177	0.7070	0.7997	0.5205
7178	0.7134	0.7980	0.4658
7179	0.7150	0.8003	0.4932
7180	0.6827	0.7651	0.5342
7181	0.6885	0.7721	0.5205
7182	0.7246	0.8159	0.4384
7183	0.7095	0.8020	0.5616
7184	0.6895	0.7758	0.4658
7185	0.7199	0.8126	0.5205
7186	0.6884	0.7816	0.5068
7187	0.7308	0.8084	0.4658
7188	0.7274	0.8052	0.5342
7189	0.7144	0.8035	0.5068
7190	0.6946	0.7740	0.5068
7191	0.6917	0.7823	0.5342
7192	0.6821	0.7727	0.5479
7193	0.7640	0.8424	0.4795
7194	0.6906	0.7762	0.4932
7195	0.6856	0.7764	0.4932
7196	0.6919	0.7837	0.5342
7197	0.7170	0.8084	0.4795
7198	0.7107	0.8018	0.5205
7199	0.7007	0.7831	0.5342
7200	0.6951	0.7817	0.4932
7201	0.7185	0.7998	0.4795
7202	0.6860	0.7659	0.5479
7203	0.7173	0.8091	0.5068
7204	0.6781	0.7629	0.5479
7205	0.6956	0.7902	0.5205
7206	0.7181	0.8075	0.5342
7207	0.7340	0.8243	0.5205
7208	0.7088	0.8022	0.5616
7209	0.7142	0.7985	0.5068
7210	0.7203	0.8108	0.4932
7211	0.7178	0.8098	0.5479
7212	0.7232	0.8120	0.5068
7213	0.7052	0.7873	0.4521
7214	0.6711	0.7564	0.5205
7215	0.7222	0.8112	0.5342
7216	0.6791	0.7705	0.5068
7217	0.7180	0.8110	0.4795
7218	0.7152	0.7938	0.5068
7219	0.6914	0.7747	0.5205
7220	0.6750	0.7670	0.5205
7221	0.7052	0.7946	0.5205
7222	0.6794	0.7603	0.4795
7223	0.6849	0.7794	0.4795
7224	0.7116	0.8017	0.5205
7225	0.7066	0.7919	0.4795
7226	0.7130	0.7910	0.4932
7227	0.7106	0.8024	0.5205
7228	0.7050	0.7891	0.5205
7229	0.7573	0.8476	0.5616
7230	0.6811	0.7759	0.4521
7231	0.6912	0.7849	0.5068
7232	0.7013	0.7869	0.4932
7233	0.6975	0.7875	0.4795
7234	0.7312	0.8153	0.5205
7235	0.6950	0.7756	0.5616
7236	0.7398	0.8171	0.5479
7237	0.6973	0.7803	0.5342
7238	0.7037	0.7933	0.5205
7239	0.7233	0.8161	0.4932
7240	0.7345	0.8184	0.4795
7241	0.6877	0.7794	0.4932
7242	0.7287	0.8098	0.5479
7243	0.7365	0.8132	0.5205
7244	0.6949	0.7853	0.5205
7245	0.7228	0.8047	0.5342
7246	0.7134	0.8032	0.5616
7247	0.6985	0.7844	0.5068
7248	0.7287	0.8208	0.4658
7249	0.7021	0.7925	0.5068
7250	0.6803	0.7741	0.4932
7251	0.6336	0.7175	0.5068
7252	0.7400	0.8227	0.4932
7253	0.7045	0.7948	0.4932
7254	0.7107	0.7927	0.4795
7255	0.7020	0.7915	0.5205
7256	0.6962	0.7880	0.4932
7257	0.6998	0.7853	0.5479
7258	0.7248	0.8154	0.5068
7259	0.6638	0.7563	0.4795
7260	0.7138	0.7945	0.4932
7261	0.6690	0.7561	0.5068
7262	0.7004	0.7856	0.4795
7263	0.7101	0.7949	0.5342
7264	0.7405	0.8308	0.4795
7265	0.7011	0.7806	0.5342
7266	0.6956	0.7774	0.5205
7267	0.6939	0.7789	0.5342
7268	0.6875	0.7732	0.4932
7269	0.7303	0.8222	0.5205
7270	0.6869	0.7781	0.5342
7271	0.6812	0.7762	0.5068
7272	0.7102	0.7949	0.5068
7273	0.7633	0.8515	0.5479
7274	0.7066	0.7977	0.4932
7275	0.7491	0.8248	0.4658
7276	0.6918	0.7748	0.5205
7277	0.7637	0.8498	0.5205
7278	0.7284	0.8171	0.5205
7279	0.6910	0.7859	0.4658
7280	0.7360	0.8192	0.5205
7281	0.7188	0.8114	0.5479
7282	0.7221	0.8055	0.5342
7283	0.7344	0.8230	0.4795
7284	0.7438	0.8225	0.5342
7285	0.7077	0.7975	0.4795
7286	0.7033	0.7885	0.4658
7287	0.6920	0.7772	0.5342
7288	0.7058	0.7981	0.5342
7289	0.7180	0.8022	0.5342
7290	0.7181	0.8098	0.5068
7291	0.6910	0.7822	0.4932
7292	0.7157	0.8055	0.5342
7293	0.6865	0.7809	0.5068
7294	0.7196	0.8084	0.5068
7295	0.6869	0.7700	0.5205
7296	0.7000	0.7848	0.4658
7297	0.6967	0.7909	0.4932
7298	0.7194	0.8106	0.4795
7299	0.6985	0.7929	0.5068
7300	0.6862	0.7719	0.5205
7301	0.7112	0.8044	0.5068
7302	0.7041	0.7874	0.5342
7303	0.7158	0.8054	0.5479
7304	0.6935	0.7803	0.5616
7305	0.7428	0.8337	0.4658
7306	0.6811	0.7748	0.4932
7307	0.7090	0.7993	0.5342
7308	0.6953	0.7783	0.5205
7309	0.7209	0.8108	0.5068
7310	0.6542	0.7500	0.5068
7311	0.7288	0.8166	0.5068
7312	0.7406	0.8205	0.5205
7313	0.7140	0.7992	0.5068
7314	0.7102	0.7917	0.5205
7315	0.7002	0.7837	0.5068
7316	0.7307	0.8152	0.4658
7317	0.6908	0.7704	0.4932
7318	0.7125	0.7952	0.5205
7319	0.6898	0.7804	0.5068
7320	0.7267	0.8179	0.4658
7321	0.7246	0.8084	0.5205
7322	0.7218	0.8136	0.4795
7323	0.7438	0.8326	0.5342
7324	0.6986	0.7786	0.4932
7325	0.7272	0.8184	0.5068
7326	0.6768	0.7618	0.5068
7327	0.7002	0.7799	0.4795
7328	0.7281	0.8077	0.5068
7329	0.7084	0.7906	0.5205
7330	0.7205	0.8054	0.5068
7331	0.7071	0.8006	0.5068
7332	0.7284	0.8208	0.5342
7333	0.7069	0.7861	0.4932
7334	0.6836	0.7752	0.5205
7335	0.7072	0.7922	0.5479
7336	0.7414	0.8329	0.4658
7337	0.7496	0.8258	0.5205
7338	0.7170	0.8011	0.5205
7339	0.6975	0.7889	0.4521
7340	0.7070	0.7910	0.5068
7341	0.7411	0.8304	0.4932
7342	0.7221	0.8132	0.4932
7343	0.7138	0.8027	0.5068
7344	0.7071	0.7969	0.4932
7345	0.6797	0.7739	0.5205
7346	0.7225	0.8140	0.4658
7347	0.7023	0.7949	0.5205
7348	0.6975	0.7881	0.4932
7349	0.6998	0.7931	0.5342
7350	0.7390	0.8265	0.4795
7351	0.6978	0.7796	0.5479
7352	0.6890	0.7761	0.5205
7353	0.7042	0.7886	0.5205
7354	0.6891	0.7695	0.5068
7355	0.6738	0.7694	0.5479
7356	0.7248	0.8176	0.5616
7357	0.7508	0.8404	0.5342
7358	0.7172	0.7951	0.5205
7359	0.7231	0.8133	0.5479
7360	0.6965	0.7885	0.5479
7361	0.6884	0.7834	0.5068
7362	0.6974	0.7825	0.5205
7363	0.7124	0.8044	0.4932
7364	0.7056	0.7951	0.5068
7365	0.7019	0.7874	0.5753
7366	0.7067	0.7995	0.5068
7367	0.7355	0.8185	0.4795
7368	0.7201	0.8017	0.5068
7369	0.7481	0.8265	0.4932
7370	0.7424	0.8249	0.5205
7371	0.7091	0.7874	0.4658
7372	0.7240	0.8040	0.4932
7373	0.7289	0.8066	0.4932
7374	0.7054	0.7848	0.5205
7375	0.6818	0.7687	0.4932
7376	0.6969	0.7914	0.4932
7377	0.7324	0.8226	0.5068
7378	0.7105	0.7944	0.5068
7379	0.7070	0.8009	0.4658
7380	0.6933	0.7837	0.4795
7381	0.6942	0.7850	0.5205
7382	0.7205	0.8021	0.5068
7383	0.7038	0.7862	0.5342
7384	0.7075	0.7918	0.4932
7385	0.7072	0.7922	0.4932
7386	0.6976	0.7920	0.5068
7387	0.6891	0.7799	0.5068
7388	0.7044	0.7982	0.4795
7389	0.7323	0.8101	0.5068
7390	0.6907	0.7750	0.5342
7391	0.7164	0.7969	0.5342
7392	0.7600	0.8491	0.4521
7393	0.6789	0.7593	0.5205
7394	0.7208	0.8013	0.5068
7395	0.6732	0.7598	0.4932
7396	0.6758	0.7620	0.5479
7397	0.7182	0.8073	0.5342
7398	0.6770	0.7622	0.5068
7399	0.7600	0.8386	0.5342
7400	0.7118	0.7947	0.5205
7401	0.7035	0.7861	0.4932
7402	0.7072	0.7996	0.5068
7403	0.7028	0.7958	0.5479
7404	0.7102	0.8000	0.5205
7405	0.7296	0.8197	0.5205
7406	0.7143	0.7950	0.4932
7407	0.6862	0.7777	0.5068
7408	0.6978	0.7844	0.5205
7409	0.7367	0.8248	0.4795
7410	0.6903	0.7854	0.5753
7411	0.7230	0.8077	0.5205
7412	0.7282	0.8172	0.5616
7413	0.6889	0.7748	0.4932
7414	0.6626	0.7511	0.5479
7415	0.7273	0.8154	0.4658
7416	0.6979	0.7897	0.5068
7417	0.6961	0.7888	0.5205
7418	0.7052	0.7864	0.4658
7419	0.7313	0.8194	0.5205
7420	0.7046	0.7951	0.5479
7421	0.6791	0.7703	0.5205
7422	0.7170	0.8063	0.5068
7423	0.7284	0.8163	0.5068
7424	0.7026	0.7937	0.4932
7425	0.6878	0.7750	0.5205
7426	0.6778	0.7626	0.5479
7427	0.7255	0.8133	0.4658
7428	0.7223	0.8004	0.4795
7429	0.7042	0.7867	0.4795
7430	0.7089	0.8023	0.5205
7431	0.7085	0.7935	0.4932
7432	0.7053	0.7948	0.4658
7433	0.7028	0.7825	0.4932
7434	0.6993	0.7790	0.4795
7435	0.7169	0.8102	0.5479
7436	0.7301	0.8224	0.5205
7437	0.7219	0.8052	0.5068
7438	0.6947	0.7775	0.5342
7439	0.7027	0.7968	0.4932
7440	0.7634	0.8392	0.5479
7441	0.6839	0.7793	0.5479
7442	0.7275	0.8199	0.5068
7443	0.7286	0.8208	0.4932
7444	0.6645	0.7531	0.5205
7445	0.6991	0.7855	0.4932
7446	0.7224	0.8149	0.4658
7447	0.6976	0.7774	0.5342
7448	0.6970	0.7799	0.5068
7449	0.6723	0.7677	0.4384
7450	0.7102	0.8035	0.5068
7451	0.6995	0.7918	0.5068
7452	0.7143	0.7995	0.5068
7453	0.7174	0.7959	0.5068
7454	0.6859	0.7776	0.5342
7455	0.6930	0.7796	0.5342
7456	0.6718	0.7649	0.5342
7457	0.7056	0.7988	0.5342
7458	0.7226	0.8124	0.5342
7459	0.7141	0.8038	0.4932
7460	0.6701	0.7626	0.5205
7461	0.6986	0.7927	0.4932
7462	0.7215	0.8126	0.4658
7463	0.6818	0.7627	0.5205
7464	0.7058	0.7969	0.5205
7465	0.6963	0.7894	0.5342
7466	0.6973	0.7808	0.4932
7467	0.6608	0.7470	0.4795
7468	0.7096	0.7908	0.5205
7469	0.6721	0.7645	0.4932
7470	0.7542	0.8359	0.4795
7471	0.7044	0.7875	0.5068
7472	0.7131	0.8064	0.5342
7473	0.6929	0.7729	0.5205
7474	0.7437	0.8304	0.5205
7475	0.6980	0.7885	0.5068
7476	0.6903	0.7811	0.5068
7477	0.7109	0.7963	0.5068
7478	0.6907	0.7767	0.5342
7479	0.6833	0.7773	0.5205
7480	0.6918	0.7868	0.5205
7481	0.6758	0.7670	0.4795
7482	0.7062	0.7956	0.5342
7483	0.6878	0.7745	0.5205
7484	0.6790	0.7733	0.5205
7485	0.7037	0.7882	0.5342
7486	0.6912	0.7830	0.4932
7487	0.7161	0.8049	0.5616
7488	0.6981	0.7906	0.5068
7489	0.6910	0.7780	0.4932
7490	0.7039	0.7850	0.5205
7491	0.7203	0.8023	0.5068
7492	0.7248	0.8140	0.5342
7493	0.6879	0.7742	0.4932
7494	0.6837	0.7663	0.5479
7495	0.6882	0.7735	0.4795
7496	0.6994	0.7824	0.4658
7497	0.7617	0.8511	0.4658
7498	0.7043	0.7905	0.4795
7499	0.7446	0.8318	0.4932
7500	0.7184	0.8030	0.5342
7501	0.7039	0.7863	0.4932
7502	0.7231	0.8049	0.4932
7503	0.6907	0.7738	0.5342
7504	0.7108	0.7928	0.4795
7505	0.7090	0.7999	0.5479
7506	0.7316	0.8093	0.4932
7507	0.6718	0.7526	0.5342
7508	0.7130	0.8020	0.5342
7509	0.7113	0.7952	0.4658
7510	0.7137	0.7950	0.5068
7511	0.6777	0.7719	0.4932
7512	0.7103	0.7918	0.5205
7513	0.6934	0.7842	0.5068
7514	0.7466	0.8375	0.5205
7515	0.7024	0.7838	0.5205
7516	0.6676	0.7553	0.4932
7517	0.7309	0.8116	0.5205
7518	0.7331	0.8234	0.5479
7519	0.7349	0.8182	0.4795
7520	0.7207	0.7990	0.5342
7521	0.7252	0.8140	0.5068
7522	0.7586	0.8489	0.5753
7523	0.7167	0.8074	0.4932
7524	0.7221	0.8127	0.5068
7525	0.7094	0.8007	0.5068
7526	0.7076	0.8000	0.5479
7527	0.7002	0.7896	0.5068
7528	0.7133	0.7916	0.5342
7529	0.7111	0.7928	0.4932
7530	0.7052	0.7952	0.4932
7531	0.6809	0.7734	0.5205
7532	0.7271	0.8101	0.4658
7533	0.6980	0.7888	0.5068
7534	0.7284	0.8120	0.5068
7535	0.7237	0.8123	0.5205
7536	0.6772	0.7647	0.4932
7537	0.6973	0.7881	0.5068
7538	0.6763	0.7638	0.4932
7539	0.7056	0.7914	0.5616
7540	0.6956	0.7792	0.5205
7541	0.7112	0.7956	0.5479
7542	0.6762	0.7615	0.5068
7543	0.6924	0.7786	0.5068
7544	0.6711	0.7528	0.5205
7545	0.7177	0.8111	0.4932
7546	0.7122	0.7914	0.5205
7547	0.7364	0.8170	0.5205
7548	0.7297	0.8198	0.4932
7549	0.7043	0.7897	0.4932
7550	0.7066	0.7913	0.4795
7551	0.7093	0.8028	0.5068
7552	0.6831	0.7700	0.5342
7553	0.6887	0.7834	0.5068
7554	0.6803	0.7723	0.5205
7555	0.6997	0.7917	0.5205
7556	0.6963	0.7779	0.4932
7557	0.7515	0.8311	0.5205
7558	0.6894	0.7756	0.4932
7559	0.6929	0.7842	0.4795
7560	0.7275	0.8160	0.4795
7561	0.6864	0.7666	0.5205
7562	0.7146	0.8036	0.4795
7563	0.7326	0.8210	0.5068
7564	0.7170	0.7973	0.5479
7565	0.6908	0.7729	0.5205
7566	0.7175	0.8064	0.5068
7567	0.6823	0.7778	0.4932
7568	0.6850	0.7764	0.5342
7569	0.6763	0.7642	0.4932
7570	0.7292	0.8191	0.5205
7571	0.6816	0.7661	0.5479
7572	0.6799	0.7751	0.5479
7573	0.7041	0.7971	0.4795
7574	0.7336	0.8112	0.4932
7575	0.7230	0.8011	0.4795
7576	0.6790	0.7665	0.5068
7577	0.7254	0.8099	0.5342
7578	0.7167	0.7991	0.4795
7579	0.7102	0.8020	0.4932
7580	0.7044	0.7942	0.5616
7581	0.7088	0.7944	0.4932
7582	0.7469	0.8384	0.5068
7583	0.7117	0.7928	0.5068
7584	0.7283	0.8102	0.5616
7585	0.6943	0.7794	0.5342
7586	0.7338	0.8113	0.5205
7587	0.7090	0.7983	0.5205
7588	0.7498	0.8397	0.5342
7589	0.6752	0.7617	0.4932
7590	0.7423	0.8321	0.5205
7591	0.6767	0.7606	0.5205
7592	0.7058	0.7979	0.4932
7593	0.6881	0.7828	0.5342
7594	0.7340	0.8116	0.4795
7595	0.7069	0.7854	0.5068
7596	0.7042	0.7861	0.5205
7597	0.6685	0.7648	0.4658
7598	0.7365	0.8266	0.4932
7599	0.7170	0.8098	0.5342
7600	0.7396	0.8304	0.5479
7601	0.7414	0.8331	0.5616
7602	0.7303	0.8218	0.5068
7603	0.7206	0.8011	0.5068
7604	0.7374	0.8214	0.5068
7605	0.7159	0.8074	0.4932
7606	0.7032	0.7930	0.4658
7607	0.6970	0.7807	0.5068
7608	0.7426	0.8323	0.5342
7609	0.7150	0.7973	0.4932
7610	0.6892	0.7714	0.4658
7611	0.6647	0.7613	0.5068
7612	0.7738	0.8588	0.5205
7613	0.7145	0.7927	0.4795
7614	0.6978	0.7779	0.4932
7615	0.6924	0.7857	0.5342
7616	0.6998	0.7795	0.5205
7617	0.7425	0.8195	0.5342
7618	0.7053	0.7848	0.4658
7619	0.7077	0.7927	0.5342
7620	0.6835	0.7637	0.5205
7621	0.6757	0.7562	0.5342
7622	0.6996	0.7849	0.4658
7623	0.6872	0.7779	0.5068
7624	0.6783	0.7614	0.5068
7625	0.6984	0.7844	0.5205
7626	0.6973	0.7915	0.5479
7627	0.7145	0.8073	0.5205
7628	0.6960	0.7790	0.5068
7629	0.7146	0.7935	0.4795
7630	0.7277	0.8083	0.4795
7631	0.6800	0.7729	0.4795
7632	0.7215	0.8050	0.5479
7633	0.7081	0.7992	0.4932
7634	0.6866	0.7732	0.5068
7635	0.7681	0.8569	0.4658
7636	0.7101	0.7994	0.5342
7637	0.6796	0.7664	0.4795
7638	0.7364	0.8193	0.4658
7639	0.6902	0.7741	0.5205
7640	0.7162	0.8046	0.4795
7641	0.7534	0.8433	0.5342
7642	0.6934	0.7763	0.5068
7643	0.7139	0.8059	0.5342
7644	0.7016	0.7956	0.5205
7645	0.7210	0.8046	0.5068
7646	0.7139	0.7992	0.5479
7647	0.7103	0.7934	0.5205
7648	0.7153	0.7992	0.5205
7649	0.6855	0.7763	0.5342
7650	0.7538	0.8330	0.4795
7651	0.6836	0.7786	0.4658
7652	0.6626	0.7576	0.5342
7653	0.7157	0.8090	0.4795
7654	0.6839	0.7754	0.5068
7655	0.7231	0.8070	0.5205
7656	0.7202	0.8122	0.5205
7657	0.6919	0.7828	0.5205
7658	0.6910	0.7714	0.4932
7659	0.7175	0.7961	0.4795
7660	0.7159	0.8007	0.4658
7661	0.7101	0.8007	0.5342
7662	0.6851	0.7660	0.5342
7663	0.7293	0.8107	0.4795
7664	0.6974	0.7793	0.5068
7665	0.7185	0.8107	0.4932
7666	0.6983	0.7885	0.4932
7667	0.7163	0.7943	0.5068
7668	0.7022	0.7847	0.4795
7669	0.6802	0.7666	0.5205
7670	0.6912	0.7714	0.5068
7671	0.7104	0.7959	0.5479
7672	0.7079	0.7975	0.4795
7673	0.7289	0.8188	0.5068
7674	0.6874	0.7708	0.5205
7675	0.7088	0.7931	0.4932
7676	0.7253	0.8159	0.4932
7677	0.7040	0.7960	0.5068
7678	0.7058	0.7887	0.4658
7679	0.6764	0.7577	0.5205
7680	0.7162	0.8092	0.5205
7681	0.6835	0.7642	0.4795
7682	0.7133	0.7985	0.5342
7683	0.7069	0.7911	0.5068
7684	0.7254	0.8143	0.4795
7685	0.6963	0.7871	0.5205
7686	0.7551	0.8425	0.4932
7687	0.7122	0.8019	0.5479
7688	0.7413	0.8200	0.5342
7689	0.6822	0.7688	0.4932
7690	0.7203	0.8130	0.5342
7691	0.6989	0.7919	0.5479
7692	0.7319	0.8136	0.5068
7693	0.7218	0.8122	0.5068
7694	0.6854	0.7768	0.5342
7695	0.6858	0.7727	0.5342
7696	0.7181	0.7986	0.4658
7697	0.7115	0.8033	0.5342
7698	0.6902	0.7724	0.4932
7699	0.6824	0.7744	0.5342
7700	0.7508	0.8312	0.4932
7701	0.7124	0.8045	0.5068
7702	0.7117	0.7947	0.4932
7703	0.7162	0.8073	0.5342
7704	0.7114	0.7954	0.4521
7705	0.6817	0.7690	0.5205
7706	0.6971	0.7806	0.4932
7707	0.7121	0.7912	0.5068
7708	0.7063	0.7983	0.5205
7709	0.6734	0.7658	0.5205
7710	0.7043	0.7970	0.4932
7711	0.7187	0.8118	0.5479
7712	0.6883	0.7795	0.5068
7713	0.7089	0.7982	0.5205
7714	0.6813	0.7722	0.4795
7715	0.6745	0.7663	0.5205
7716	0.7235	0.8148	0.5205
7717	0.6837	0.7763	0.5205
7718	0.6989	0.7934	0.4932
7719	0.7097	0.7993	0.4932
7720	0.7211	0.8035	0.4521
7721	0.7185	0.8033	0.5205
7722	0.7201	0.8050	0.5479
7723	0.7197	0.8100	0.5479
7724	0.6753	0.7697	0.5068
7725	0.6901	0.7764	0.5205
7726	0.7306	0.8191	0.5205
7727	0.7203	0.8053	0.5205
7728	0.6978	0.7835	0.4795
7729	0.7042	0.7896	0.5068
7730	0.6846	0.7651	0.4795
7731	0.7057	0.7877	0.5205
7732	0.6984	0.7837	0.4658
7733	0.6915	0.7864	0.5479
7734	0.7046	0.7967	0.4521
7735	0.7414	0.8291	0.5205
7736	0.6975	0.7800	0.4932
7737	0.6932	0.7842	0.5205
7738	0.6911	0.7707	0.4932
7739	0.7405	0.8279	0.5068
7740	0.7002	0.7850	0.4932
7741	0.6959	0.7888	0.5068
7742	0.6646	0.7576	0.5342
7743	0.6792	0.7748	0.4658
7744	0.7139	0.8071	0.5068
7745	0.7146	0.8077	0.5205
7746	0.7117	0.7900	0.4932
7747	0.6818	0.7677	0.4795
7748	0.7007	0.7871	0.4795
7749	0.7238	0.8047	0.5479
7750	0.6937	0.7803	0.5068
7751	0.6916	0.7715	0.4795
7752	0.6691	0.7546	0.4932
7753	0.6966	0.7767	0.5068
7754	0.6791	0.7707	0.4932
7755	0.6455	0.7343	0.5479
7756	0.7007	0.7946	0.5068
7757	0.7134	0.7952	0.5068
7758	0.7045	0.7867	0.5068
7759	0.7062	0.7893	0.4932
7760	0.6982	0.7837	0.4795
7761	0.7166	0.7988	0.5068
7762	0.6981	0.7888	0.4795
7763	0.6966	0.7803	0.4658
7764	0.6985	0.7839	0.5068
7765	0.7052	0.7980	0.5205
7766	0.6829	0.7693	0.5479
7767	0.7155	0.8051	0.5342
7768	0.7299	0.8209	0.5342
7769	0.6955	0.7753	0.4932
7770	0.7169	0.8084	0.4932
7771	0.7332	0.8127	0.5068
7772	0.6933	0.7835	0.5479
7773	0.6775	0.7709	0.5205
7774	0.6921	0.7719	0.4932
7775	0.7118	0.8016	0.5479
7776	0.7211	0.8091	0.5068
7777	0.6984	0.7837	0.5068
7778	0.6903	0.7705	0.5068
7779	0.7208	0.8137	0.4932
7780	0.7377	0.8211	0.4658
7781	0.7008	0.7803	0.5068
7782	0.6899	0.7753	0.4795
7783	0.7036	0.7946	0.4795
7784	0.6961	0.7861	0.4932
7785	0.6850	0.7803	0.4795
7786	0.7415	0.8225	0.5205
7787	0.6786	0.7739	0.5342
7788	0.7061	0.7988	0.4932
7789	0.6769	0.7574	0.5479
7790	0.6851	0.7776	0.5068
7791	0.6767	0.7721	0.5342
7792	0.7244	0.8169	0.5342
7793	0.7317	0.8195	0.5068
7794	0.6857	0.7731	0.4795
7795	0.6957	0.7865	0.4795
7796	0.6969	0.7877	0.5342
7797	0.7180	0.8030	0.5342
7798	0.7312	0.8219	0.5068
7799	0.7442	0.8319	0.5205
7800	0.7060	0.7916	0.5342
7801	0.6680	0.7496	0.5068
7802	0.7196	0.8088	0.5342
7803	0.6600	0.7477	0.5479
7804	0.6920	0.7847	0.5342
7805	0.7020	0.7872	0.4932
7806	0.7160	0.7972	0.5068
7807	0.7071	0.8001	0.4932
7808	0.7165	0.7970	0.4932
7809	0.7374	0.8279	0.5068
7810	0.7232	0.8145	0.5205
7811	0.7107	0.8001	0.5205
7812	0.7208	0.8047	0.5068
7813	0.7151	0.8079	0.5068
7814	0.7152	0.8004	0.5205
7815	0.6902	0.7745	0.4795
7816	0.7246	0.8027	0.5068
7817	0.6913	0.7849	0.5205
7818	0.7078	0.7900	0.5342
7819	0.7430	0.8199	0.5068
7820	0.7208	0.8119	0.5068
7821	0.6996	0.7929	0.4795
7822	0.7127	0.7947	0.4658
7823	0.7264	0.8038	0.4795
7824	0.7150	0.7933	0.4658
7825	0.7100	0.8000	0.5068
7826	0.7053	0.7974	0.5205
7827	0.7062	0.7857	0.4932
7828	0.6825	0.7744	0.4932
7829	0.7343	0.8158	0.5205
7830	0.7241	0.8122	0.4932
7831	0.6784	0.7738	0.5205
7832	0.7190	0.8076	0.4521
7833	0.6879	0.7744	0.5205
7834	0.6969	0.7762	0.5342
7835	0.7215	0.8058	0.5068
7836	0.7372	0.8166	0.4795
7837	0.6910	0.7709	0.4795
7838	0.6949	0.7798	0.5068
7839	0.7011	0.7937	0.5342
7840	0.6903	0.7808	0.4932
7841	0.7107	0.7917	0.4384
7842	0.6781	0.7648	0.5068
7843	0.7211	0.8134	0.4795
7844	0.6962	0.7761	0.4932
7845	0.7397	0.8296	0.5068
7846	0.7134	0.7921	0.5205
7847	0.7145	0.8035	0.5342
7848	0.7213	0.8026	0.4932
7849	0.7214	0.8049	0.5205
7850	0.6901	0.7835	0.5479
7851	0.7002	0.7854	0.5068
7852	0.7041	0.7831	0.5616
7853	0.6795	0.7748	0.5205
7854	0.7276	0.8156	0.4658
7855	0.7200	0.8084	0.4795
7856	0.7161	0.8080	0.4521
7857	0.7316	0.8234	0.5342
7858	0.7070	0.7861	0.5342
7859	0.7172	0.7996	0.5068
7860	0.7210	0.8031	0.4932
7861	0.7048	0.7964	0.4932
7862	0.6995	0.7812	0.4932
7863	0.7265	0.8062	0.4932
7864	0.7039	0.7891	0.5205
7865	0.7553	0.8414	0.5068
7866	0.7157	0.8055	0.4932
7867	0.6748	0.7663	0.5068
7868	0.6894	0.7830	0.4795
7869	0.7306	0.8141	0.4658
7870	0.7347	0.8265	0.5479
7871	0.6964	0.7887	0.5342
7872	0.7283	0.8173	0.5068
7873	0.7356	0.8258	0.5205
7874	0.6784	0.7586	0.4658
7875	0.6793	0.7602	0.5205
7876	0.7196	0.8039	0.4932
7877	0.7215	0.8023	0.5342
7878	0.6693	0.7642	0.5205
7879	0.7051	0.7950	0.4932
7880	0.7102	0.7996	0.5479
7881	0.7434	0.8319	0.5479
7882	0.7063	0.7959	0.4795
7883	0.6971	0.7918	0.5205
7884	0.7140	0.7927	0.4932
7885	0.7019	0.7835	0.4932
7886	0.7124	0.7940	0.5068
7887	0.7349	0.8149	0.4795
7888	0.7000	0.7795	0.4658
7889	0.7192	0.8044	0.5479
7890	0.6971	0.7906	0.5616
7891	0.6929	0.7853	0.5342
7892	0.7207	0.8031	0.4932
7893	0.6880	0.7702	0.5068
7894	0.6700	0.7566	0.4658
7895	0.7345	0.8227	0.4795
7896	0.7237	0.8159	0.5205
7897	0.6972	0.7830	0.4932
7898	0.6988	0.7784	0.5068
7899	0.6987	0.7842	0.5342
7900	0.7166	0.8080	0.4795
7901	0.6971	0.7801	0.5205
7902	0.6873	0.7697	0.4795
7903	0.7100	0.7955	0.4932
7904	0.7240	0.8164	0.5342
7905	0.6747	0.7687	0.4795
7906	0.7083	0.7987	0.4795
7907	0.6800	0.7742	0.5205
7908	0.7497	0.8359	0.4932
7909	0.7095	0.8009	0.4658
7910	0.6802	0.7676	0.5205
7911	0.6896	0.7802	0.5068
7912	0.6930	0.7770	0.4932
7913	0.7154	0.7981	0.5342
7914	0.7051	0.7950	0.4932
7915	0.7061	0.7997	0.5205
7916	0.7135	0.8044	0.5342
7917	0.6722	0.7601	0.5068
7918	0.7112	0.8048	0.4795
7919	0.7598	0.8460	0.5342
7920	0.7217	0.8146	0.4795
7921	0.7067	0.7854	0.4658
7922	0.6887	0.7685	0.5205
7923	0.6670	0.7486	0.4795
7924	0.6998	0.7903	0.4658
7925	0.6991	0.7787	0.4795
7926	0.7080	0.7991	0.5342
7927	0.6867	0.7774	0.5068
7928	0.7160	0.8058	0.5068
7929	0.6836	0.7675	0.4521
7930	0.7031	0.7929	0.5068
7931	0.7129	0.8054	0.5205
7932	0.7127	0.7983	0.5342
7933	0.7456	0.8356	0.5205
7934	0.7115	0.7962	0.5068
7935	0.7153	0.8048	0.5205
7936	0.7233	0.8072	0.4932
7937	0.7281	0.8179	0.5342
7938	0.7374	0.8265	0.5479
7939	0.7137	0.7944	0.4932
7940	0.6971	0.7875	0.5342
7941	0.7256	0.8064	0.4932
7942	0.7499	0.8263	0.5342
7943	0.7096	0.8027	0.5068
7944	0.6839	0.7663	0.5616
7945	0.6805	0.7679	0.5205
7946	0.7227	0.8119	0.4932
7947	0.6947	0.7798	0.5205
7948	0.6697	0.7554	0.5342
7949	0.7060	0.8000	0.5068
7950	0.7146	0.8038	0.5068
7951	0.7081	0.7873	0.5205
7952	0.7527	0.8315	0.4795
7953	0.6886	0.7797	0.5068
7954	0.6848	0.7648	0.4932
7955	0.7198	0.8080	0.4932
7956	0.6479	0.7368	0.5205
7957	0.7530	0.8429	0.5205
7958	0.7242	0.8043	0.4932
7959	0.6958	0.7866	0.4932
7960	0.6689	0.7641	0.4795
7961	0.7156	0.7981	0.5342
7962	0.7362	0.8166	0.4795
7963	0.6757	0.7710	0.5205
7964	0.6913	0.7831	0.5068
7965	0.7006	0.7824	0.4795
7966	0.7153	0.7938	0.5205
7967	0.7009	0.7933	0.5068
7968	0.7378	0.8287	0.4795
7969	0.7093	0.7988	0.5342
7970	0.7097	0.7953	0.5068
7971	0.7262	0.8079	0.5205
7972	0.6936	0.7797	0.5068
7973	0.7020	0.7938	0.5068
7974	0.6924	0.7725	0.4932
7975	0.7072	0.7900	0.5479
7976	0.7184	0.8018	0.5068
7977	0.7599	0.8416	0.5068
7978	0.7473	0.8233	0.4932
7979	0.7094	0.8025	0.5205
7980	0.6896	0.7755	0.5205
7981	0.7207	0.8094	0.5068
7982	0.6922	0.7787	0.4932
7983	0.7144	0.8055	0.4932
7984	0.7442	0.8247	0.4932
7985	0.6953	0.7752	0.5205
7986	0.6987	0.7784	0.5068
7987	0.6985	0.7915	0.4795
7988	0.6980	0.7916	0.4932
7989	0.7195	0.8041	0.4932
7990	0.6938	0.7801	0.5205
7991	0.7205	0.8116	0.4932
7992	0.6897	0.7808	0.4795
7993	0.7055	0.7842	0.4932
7994	0.6924	0.7862	0.4932
7995	0.7523	0.8408	0.5205
7996	0.7099	0.7991	0.4658
7997	0.7296	0.8204	0.5342
7998	0.6991	0.7787	0.5205
7999	0.7127	0.8052	0.4795
8000	0.6795	0.7634	0.4795
8001	0.6864	0.7720	0.5068
8002	0.7024	0.7820	0.5068
8003	0.7432	0.8198	0.4932
8004	0.7128	0.7936	0.4932
8005	0.6758	0.7625	0.4932
8006	0.6845	0.7671	0.5479
8007	0.7064	0.7999	0.5205
8008	0.6810	0.7750	0.5479
8009	0.7088	0.7945	0.5479
8010	0.6923	0.7834	0.5205
8011	0.7240	0.8127	0.4658
8012	0.6969	0.7789	0.5205
8013	0.7275	0.8054	0.5068
8014	0.7337	0.8214	0.5068
8015	0.7212	0.7996	0.5205
8016	0.7356	0.8128	0.5205
8017	0.6743	0.7688	0.5068
8018	0.7035	0.7962	0.5068
8019	0.7199	0.8013	0.5616
8020	0.7254	0.8098	0.4795
8021	0.6938	0.7803	0.5205
8022	0.7279	0.8059	0.5342
8023	0.7117	0.8012	0.4658
8024	0.7594	0.8354	0.5068
8025	0.6968	0.7765	0.5068
8026	0.7096	0.8026	0.4932
8027	0.7247	0.8027	0.5342
8028	0.7026	0.7918	0.5068
8029	0.6744	0.7624	0.4932
8030	0.6925	0.7729	0.5068
8031	0.7038	0.7835	0.5205
8032	0.6826	0.7637	0.5205
8033	0.7232	0.8156	0.5342
8034	0.6894	0.7698	0.5068
8035	0.6894	0.7760	0.5479
8036	0.7269	0.8181	0.4932
8037	0.7279	0.8189	0.5205
8038	0.7259	0.8182	0.4932
8039	0.7136	0.8055	0.5068
8040	0.6716	0.7662	0.5342
8041	0.7336	0.8169	0.5205
8042	0.7325	0.8151	0.5342
8043	0.6653	0.7574	0.5205
8044	0.7274	0.8100	0.5616
8045	0.7292	0.8071	0.4795
8046	0.7029	0.7931	0.5342
8047	0.7054	0.7909	0.5068
8048	0.6968	0.7877	0.5205
8049	0.6908	0.7712	0.5205
8050	0.7035	0.7937	0.5479
8051	0.6987	0.7887	0.5068
8052	0.7161	0.8080	0.4932
8053	0.6963	0.7871	0.4658
8054	0.6868	0.7777	0.4795
8055	0.6985	0.7902	0.5205
8056	0.7098	0.8037	0.5068
8057	0.6799	0.7667	0.5068
8058	0.7294	0.8109	0.4932
8059	0.6913	0.7779	0.4658
8060	0.7354	0.8237	0.4932
8061	0.7243	0.8134	0.4795
8062	0.7048	0.7980	0.4795
8063	0.7160	0.8091	0.5205
8064	0.6696	0.7577	0.5205
8065	0.6795	0.7752	0.5205
8066	0.7080	0.7907	0.5342
8067	0.7171	0.8103	0.5068
8068	0.7380	0.8281	0.5068
8069	0.6912	0.7734	0.5342
8070	0.7057	0.7914	0.5205
8071	0.7055	0.7895	0.4932
8072	0.7064	0.7959	0.4795
8073	0.6638	0.7457	0.5205
8074	0.6865	0.7783	0.5068
8075	0.7359	0.8200	0.5479
8076	0.7025	0.7965	0.5342
8077	0.7164	0.8017	0.5205
8078	0.7226	0.8036	0.5068
8079	0.7225	0.8148	0.4795
8080	0.6948	0.7896	0.5068
8081	0.7416	0.8314	0.5479
8082	0.7257	0.8095	0.5068
8083	0.6935	0.7836	0.4932
8084	0.6914	0.7853	0.5068
8085	0.7036	0.7946	0.4795
8086	0.7193	0.8124	0.5479
8087	0.6977	0.7879	0.4932
8088	0.7276	0.8083	0.5068
8089	0.7062	0.7997	0.4932
8090	0.7003	0.7831	0.4932
8091	0.7102	0.7892	0.4932
8092	0.7107	0.8024	0.4932
8093	0.7257	0.8180	0.5068
8094	0.7273	0.8161	0.5342
8095	0.7248	0.8161	0.5068
8096	0.7033	0.7976	0.5479
8097	0.6718	0.7569	0.4658
8098	0.7015	0.7808	0.5068
8099	0.7064	0.7853	0.5068
8100	0.7459	0.8348	0.4658
8101	0.6826	0.7635	0.5342
8102	0.7239	0.8118	0.4795
8103	0.6926	0.7853	0.5068
8104	0.7176	0.8106	0.5068
8105	0.7117	0.8033	0.5068
8106	0.7288	0.8167	0.4932
8107	0.7118	0.8015	0.4795
8108	0.7117	0.7906	0.5068
8109	0.6784	0.7597	0.4932
8110	0.7231	0.8116	0.5205
8111	0.7016	0.7959	0.5068
8112	0.7190	0.8031	0.4932
8113	0.6826	0.7757	0.4932
8114	0.7222	0.8135	0.5068
8115	0.7114	0.7969	0.5479
8116	0.7214	0.8052	0.5479
8117	0.7340	0.8219	0.4521
8118	0.7007	0.7820	0.4932
8119	0.7145	0.7988	0.5342
8120	0.6952	0.7748	0.4932
8121	0.6984	0.7891	0.4932
8122	0.7158	0.7973	0.5479
8123	0.6802	0.7723	0.4658
8124	0.7627	0.8522	0.5068
8125	0.7127	0.8045	0.4932
8126	0.7180	0.8074	0.5205
8127	0.7337	0.8219	0.5205
8128	0.7140	0.8038	0.4658
8129	0.7106	0.7895	0.5068
8130	0.6963	0.7802	0.5068
8131	0.6962	0.7755	0.5616
8132	0.7087	0.7931	0.5205
8133	0.7008	0.7832	0.4932
8134	0.7403	0.8173	0.5342
8135	0.7146	0.7972	0.5068
8136	0.7444	0.8320	0.4932
8137	0.7078	0.7996	0.4932
8138	0.6923	0.7865	0.5205
8139	0.6996	0.7890	0.4795
8140	0.7578	0.8336	0.5616
8141	0.6802	0.7712	0.5068
8142	0.7028	0.7955	0.4795
8143	0.6820	0.7747	0.4932
8144	0.7499	0.8320	0.5342
8145	0.6928	0.7841	0.5205
8146	0.7278	0.8082	0.5068
8147	0.7491	0.8405	0.4795
8148	0.7023	0.7869	0.5068
8149	0.6906	0.7749	0.5342
8150	0.7034	0.7820	0.4795
8151	0.6981	0.7780	0.4932
8152	0.7126	0.8046	0.5342
8153	0.7388	0.8263	0.4795
8154	0.7120	0.8048	0.5205
8155	0.7039	0.7832	0.5342
8156	0.6904	0.7808	0.4795
8157	0.6988	0.7934	0.4932
8158	0.7074	0.7968	0.5068
8159	0.6977	0.7835	0.5342
8160	0.6835	0.7636	0.4795
8161	0.7309	0.8202	0.5068
8162	0.7326	0.8162	0.5479
8163	0.6738	0.7696	0.5342
8164	0.7065	0.7894	0.4932
8165	0.7025	0.7820	0.4932
8166	0.7069	0.7921	0.4932
8167	0.6895	0.7767	0.4795
8168	0.7227	0.8008	0.5342
8169	0.7358	0.8236	0.5068
8170	0.6876	0.7788	0.4795
8171	0.6957	0.7863	0.5068
8172	0.7025	0.7926	0.5068
8173	0.6901	0.7830	0.4795
8174	0.6652	0.7575	0.4932
8175	0.7175	0.8022	0.5342
8176	0.7134	0.7918	0.4932
8177	0.7361	0.8275	0.5068
8178	0.6821	0.7657	0.5342
8179	0.6851	0.7803	0.5342
8180	0.7020	0.7883	0.5068
8181	0.6882	0.7718	0.5890
8182	0.7621	0.8440	0.5616
8183	0.7091	0.8028	0.4932
8184	0.7063	0.7857	0.4932
8185	0.6939	0.7770	0.4932
8186	0.6881	0.7789	0.4932
8187	0.7015	0.7811	0.4932
8188	0.6918	0.7829	0.4658
8189	0.7223	0.8114	0.4932
8190	0.7223	0.8150	0.4932
8191	0.7059	0.7892	0.4932
8192	0.7788	0.8595	0.5342
8193	0.6664	0.7482	0.4932
8194	0.7277	0.8165	0.4658
8195	0.7005	0.7798	0.4932
8196	0.6982	0.7845	0.4795
8197	0.7143	0.7949	0.5068
8198	0.7149	0.7976	0.5205
8199	0.7355	0.8238	0.5205
8200	0.7213	0.8132	0.5342
8201	0.7345	0.8169	0.5068
8202	0.6970	0.7763	0.5753
8203	0.7051	0.7843	0.4932
8204	0.6912	0.7847	0.5068
8205	0.6897	0.7740	0.5068
8206	0.7108	0.7965	0.5205
8207	0.6966	0.7867	0.5205
8208	0.6928	0.7859	0.5342
8209	0.6963	0.7819	0.4795
8210	0.6944	0.7745	0.4795
8211	0.7126	0.8047	0.4795
8212	0.7052	0.7845	0.5068
8213	0.6851	0.7766	0.5068
8214	0.6903	0.7703	0.5342
8215	0.6965	0.7887	0.5342
8216	0.6899	0.7702	0.5342
8217	0.6722	0.7557	0.5342
8218	0.7199	0.8093	0.5205
8219	0.7086	0.7907	0.4795
8220	0.7035	0.7926	0.4795
8221	0.7127	0.8043	0.4795
8222	0.7222	0.8109	0.5205
8223	0.7086	0.8020	0.4932
8224	0.7098	0.7992	0.5342
8225	0.6911	0.7826	0.5342
8226	0.7033	0.7966	0.5068
8227	0.6977	0.7909	0.4932
8228	0.6848	0.7722	0.4932
8229	0.7191	0.7969	0.5205
8230	0.6901	0.7838	0.4521
8231	0.6903	0.7810	0.5205
8232	0.6751	0.7591	0.4932
8233	0.7193	0.8084	0.5205
8234	0.7370	0.8142	0.4932
8235	0.7125	0.8045	0.4658
8236	0.6836	0.7642	0.5068
8237	0.7148	0.8033	0.4795
8238	0.6749	0.7672	0.5068
8239	0.7020	0.7923	0.5068
8240	0.7022	0.7945	0.5205
8241	0.7025	0.7850	0.4795
8242	0.6818	0.7656	0.4795
8243	0.7295	0.8185	0.5342
8244	0.6962	0.7872	0.5205
8245	0.7431	0.8306	0.4795
8246	0.7076	0.7919	0.5068
8247	0.7159	0.7962	0.5068
8248	0.6763	0.7639	0.5068
8249	0.6918	0.7817	0.5068
8250	0.7049	0.7879	0.5068
8251	0.7244	0.8148	0.5616
8252	0.6741	0.7605	0.5205
8253	0.7206	0.8126	0.5342
8254	0.7053	0.7954	0.4932
8255	0.7270	0.8182	0.5479
8256	0.7373	0.8266	0.5068
8257	0.6721	0.7571	0.5068
8258	0.7021	0.7856	0.4795
8259	0.6897	0.7801	0.4795
8260	0.7169	0.8018	0.4932
8261	0.6909	0.7714	0.4932
8262	0.7150	0.8035	0.5342
8263	0.7223	0.8124	0.5068
8264	0.6788	0.7710	0.4932
8265	0.7093	0.8018	0.4521
8266	0.7176	0.7964	0.4932
8267	0.7082	0.7938	0.5205
8268	0.7001	0.7922	0.5205
8269	0.7086	0.7982	0.5205
8270	0.7177	0.8075	0.5205
8271	0.6665	0.7524	0.5205
8272	0.6889	0.7748	0.4932
8273	0.7012	0.7838	0.4932
8274	0.6801	0.7668	0.5068
8275	0.7155	0.8063	0.5205
8276	0.6969	0.7805	0.4932
8277	0.7205	0.8053	0.5205
8278	0.7167	0.8101	0.5068
8279	0.6737	0.7614	0.5342
8280	0.6743	0.7660	0.4795
8281	0.6932	0.7788	0.5205
8282	0.6948	0.7871	0.4795
8283	0.6933	0.7729	0.4932
8284	0.7269	0.8191	0.4932
8285	0.7133	0.8040	0.5068
8286	0.7269	0.8150	0.5342
8287	0.7121	0.8035	0.4795
8288	0.7123	0.7970	0.5205
8289	0.7138	0.7956	0.4932
8290	0.6788	0.7700	0.5068
8291	0.6652	0.7533	0.5068
8292	0.6890	0.7752	0.5342
8293	0.7118	0.7960	0.4932
8294	0.6793	0.7707	0.5068
8295	0.6675	0.7594	0.5342
8296	0.7326	0.8104	0.5342
8297	0.7127	0.8046	0.4932
8298	0.6852	0.7650	0.5068
8299	0.7078	0.8001	0.5068
8300	0.7084	0.8021	0.5205
8301	0.7229	0.8152	0.4521
8302	0.7269	0.8105	0.5616
8303	0.6909	0.7742	0.4932
8304	0.7051	0.7963	0.5068
8305	0.7172	0.7959	0.5068
8306	0.6995	0.7904	0.4795
8307	0.7118	0.8052	0.5068
8308	0.7276	0.8072	0.5205
8309	0.6922	0.7837	0.4658
8310	0.7226	0.8155	0.5205
8311	0.7284	0.8186	0.5342
8312	0.7161	0.8064	0.5068
8313	0.6759	0.7636	0.4795
8314	0.7216	0.8143	0.5479
8315	0.7124	0.8021	0.5479
8316	0.7158	0.8050	0.5205
8317	0.7080	0.8008	0.4795
8318	0.6992	0.7895	0.4932
8319	0.6974	0.7880	0.4658
8320	0.7073	0.7866	0.5068
8321	0.7341	0.8167	0.5205
8322	0.7017	0.7877	0.5068
8323	0.7196	0.8090	0.5342
8324	0.6538	0.7421	0.5342
8325	0.7264	0.8176	0.5479
8326	0.7428	0.8307	0.5342
8327	0.7117	0.7905	0.5616
8328	0.6801	0.7668	0.5068
8329	0.7124	0.8060	0.5068
8330	0.7137	0.7975	0.5205
8331	0.7224	0.8145	0.5342
8332	0.7099	0.7993	0.4932
8333	0.7169	0.7954	0.5205
8334	0.6989	0.7896	0.4932
8335	0.7351	0.8183	0.5342
8336	0.6854	0.7794	0.5205
8337	0.6884	0.7747	0.4521
8338	0.6852	0.7760	0.5068
8339	0.7407	0.8180	0.5205
8340	0.7383	0.8302	0.4658
8341	0.7392	0.8287	0.5205
8342	0.7173	0.7980	0.4932
8343	0.7103	0.7922	0.5205
8344	0.6952	0.7753	0.4932
8345	0.6816	0.7685	0.5068
8346	0.7273	0.8090	0.4521
8347	0.7063	0.7886	0.5205
8348	0.6999	0.7941	0.4521
8349	0.7257	0.8139	0.4658
8350	0.7080	0.7892	0.4932
8351	0.7126	0.7914	0.5068
8352	0.7044	0.7837	0.4932
8353	0.7103	0.7944	0.5068
8354	0.6952	0.7812	0.4795
8355	0.6881	0.7744	0.5479
8356	0.7329	0.8158	0.5068
8357	0.7154	0.7969	0.5205
8358	0.7106	0.7895	0.5205
8359	0.7061	0.8002	0.4795
8360	0.6869	0.7782	0.5068
8361	0.6838	0.7647	0.5342
8362	0.7283	0.8063	0.5342
8363	0.6824	0.7774	0.4932
8364	0.6797	0.7638	0.5068
8365	0.7238	0.8022	0.5753
8366	0.7072	0.7863	0.5205
8367	0.6906	0.7759	0.4795
8368	0.6930	0.7799	0.4932
8369	0.7158	0.8066	0.4932
8370	0.6781	0.7592	0.5068
8371	0.7062	0.7915	0.5068
8372	0.7255	0.8162	0.4795
8373	0.6865	0.7711	0.5068
8374	0.6898	0.7832	0.4795
8375	0.7294	0.8071	0.4795
8376	0.7086	0.7938	0.5205
8377	0.7014	0.7860	0.5068
8378	0.6899	0.7767	0.5205
8379	0.7033	0.7856	0.5342
8380	0.6792	0.7718	0.5205
8381	0.7379	0.8211	0.4932
8382	0.7163	0.8047	0.5205
8383	0.7230	0.8131	0.5205
8384	0.6984	0.7803	0.5342
8385	0.7381	0.8259	0.4795
8386	0.6975	0.7793	0.5068
8387	0.7253	0.8099	0.5068
8388	0.6990	0.7933	0.5342
8389	0.6783	0.7730	0.4932
8390	0.7318	0.8159	0.4932
8391	0.7157	0.7982	0.5479
8392	0.6986	0.7783	0.5068
8393	0.6729	0.7574	0.5342
8394	0.7123	0.7971	0.4795
8395	0.7130	0.7966	0.4795
8396	0.6983	0.7902	0.4795
8397	0.7189	0.8102	0.5068
8398	0.6767	0.7644	0.5342
8399	0.7448	0.8362	0.5068
8400	0.6819	0.7729	0.5205
8401	0.7079	0.7996	0.4932
8402	0.6834	0.7764	0.5479
8403	0.7252	0.8161	0.4932
8404	0.6811	0.7650	0.4795
8405	0.6731	0.7649	0.4795
8406	0.6882	0.7705	0.5342
8407	0.7375	0.8178	0.4932
8408	0.6999	0.7937	0.4795
8409	0.7013	0.7912	0.4932
8410	0.7177	0.8071	0.5205
8411	0.6904	0.7699	0.5068
8412	0.6986	0.7845	0.5068
8413	0.7166	0.7946	0.5068
8414	0.7065	0.7958	0.4932
8415	0.7111	0.7930	0.5616
8416	0.6737	0.7571	0.5479
8417	0.7227	0.8045	0.5205
8418	0.7052	0.7901	0.5616
8419	0.7001	0.7941	0.4932
8420	0.7007	0.7854	0.5205
8421	0.6785	0.7698	0.4932
8422	0.7332	0.8214	0.5068
8423	0.7019	0.7814	0.4932
8424	0.7145	0.8061	0.5479
8425	0.7207	0.7990	0.4795
8426	0.7556	0.8379	0.5342
8427	0.6787	0.7706	0.5068
8428	0.6870	0.7669	0.5205
8429	0.7308	0.8194	0.5068
8430	0.6775	0.7729	0.4795
8431	0.7042	0.7872	0.4658
8432	0.7270	0.8113	0.5068
8433	0.6862	0.7698	0.5479
8434	0.7343	0.8256	0.5068
8435	0.6994	0.7850	0.4795
8436	0.7119	0.8054	0.5205
8437	0.7240	0.8154	0.5068
8438	0.6989	0.7903	0.5068
8439	0.7351	0.8124	0.5342
8440	0.7105	0.7963	0.5068
8441	0.7331	0.8172	0.4795
8442	0.7266	0.8193	0.4932
8443	0.6800	0.7752	0.4932
8444	0.7348	0.8242	0.4658
8445	0.7151	0.7966	0.5342
8446	0.7388	0.8306	0.5479
8447	0.7117	0.7905	0.5205
8448	0.6895	0.7807	0.5068
8449	0.7073	0.7897	0.5753
8450	0.7139	0.7955	0.5205
8451	0.7498	0.8366	0.5068
8452	0.7685	0.8585	0.5068
8453	0.6924	0.7783	0.5205
8454	0.7282	0.8110	0.4658
8455	0.7054	0.7954	0.4932
8456	0.6781	0.7613	0.5068
8457	0.6778	0.7589	0.5205
8458	0.7040	0.7901	0.4795
8459	0.6980	0.7772	0.5068
8460	0.6956	0.7783	0.4932
8461	0.7121	0.7965	0.4932
8462	0.7170	0.8057	0.4521
8463	0.7188	0.7966	0.4932
8464	0.7248	0.8171	0.5205
8465	0.7159	0.8001	0.4795
8466	0.6944	0.7797	0.5205
8467	0.7185	0.8116	0.5616
8468	0.7100	0.8022	0.5479
8469	0.7177	0.8092	0.5890
8470	0.7083	0.7873	0.5205
8471	0.7119	0.7965	0.4658
8472	0.7081	0.7867	0.4932
8473	0.6850	0.7797	0.4795
8474	0.6945	0.7766	0.4932
8475	0.7251	0.8151	0.5205
8476	0.6813	0.7740	0.4932
8477	0.6729	0.7608	0.4932
8478	0.7051	0.7902	0.4932
8479	0.7225	0.8116	0.5205
8480	0.7158	0.7939	0.5342
8481	0.7176	0.8016	0.5068
8482	0.6841	0.7755	0.5205
8483	0.7606	0.8465	0.5068
8484	0.7261	0.8146	0.4795
8485	0.6856	0.7771	0.5205
8486	0.7161	0.8015	0.5342
8487	0.7129	0.8054	0.4658
8488	0.7219	0.8133	0.5479
8489	0.6820	0.7762	0.5479
8490	0.7420	0.8208	0.4795
8491	0.7083	0.8007	0.4932
8492	0.7040	0.7835	0.5205
8493	0.6986	0.7904	0.5205
8494	0.7405	0.8234	0.5068
8495	0.6638	0.7569	0.5205
8496	0.7459	0.8327	0.5068
8497	0.7001	0.7906	0.5205
8498	0.7116	0.7904	0.5616
8499	0.6714	0.7590	0.5205
8500	0.7088	0.8018	0.5205
8501	0.6725	0.7540	0.4658
8502	0.6785	0.7721	0.5479
8503	0.6930	0.7784	0.5479
8504	0.7210	0.8136	0.4932
8505	0.6732	0.7644	0.5068
8506	0.6651	0.7572	0.5342
8507	0.7041	0.7835	0.4932
8508	0.6824	0.7777	0.5205
8509	0.7317	0.8159	0.5068
8510	0.7336	0.8175	0.4521
8511	0.6848	0.7673	0.5342
8512	0.7208	0.8052	0.5205
8513	0.7137	0.8067	0.4795
8514	0.6822	0.7691	0.5205
8515	0.6988	0.7899	0.5205
8516	0.7388	0.8301	0.5205
8517	0.7279	0.8183	0.4932
8518	0.7176	0.8069	0.5342
8519	0.6808	0.7719	0.5068
8520	0.7094	0.7886	0.5068
8521	0.6879	0.7714	0.5342
8522	0.6683	0.7530	0.5342
8523	0.7113	0.7901	0.5068
8524	0.7182	0.7967	0.5205
8525	0.6961	0.7757	0.5342
8526	0.7292	0.8120	0.5068
8527	0.7169	0.8010	0.5068
8528	0.7163	0.8000	0.5342
8529	0.7239	0.8159	0.5205
8530	0.7013	0.7867	0.4795
8531	0.7140	0.8054	0.5342
8532	0.7042	0.7948	0.4932
8533	0.7064	0.7955	0.4795
8534	0.6874	0.7824	0.5205
8535	0.7086	0.8018	0.4795
8536	0.6804	0.7714	0.5342
8537	0.6819	0.7695	0.5205
8538	0.7003	0.7864	0.5342
8539	0.7345	0.8113	0.5068
8540	0.7167	0.8094	0.5068
8541	0.6805	0.7665	0.5068
8542	0.6962	0.7869	0.5205
8543	0.7108	0.8005	0.5205
8544	0.7116	0.7897	0.5342
8545	0.7060	0.7961	0.5342
8546	0.7059	0.7908	0.5205
8547	0.6980	0.7908	0.4795
8548	0.6923	0.7744	0.5068
8549	0.7020	0.7843	0.4932
8550	0.7062	0.7886	0.4932
8551	0.7142	0.7926	0.5068
8552	0.6949	0.7799	0.5342
8553	0.6977	0.7883	0.5205
8554	0.7360	0.8135	0.5068
8555	0.7168	0.8079	0.5342
8556	0.7579	0.8443	0.4932
8557	0.7555	0.8422	0.5205
8558	0.7185	0.8019	0.5205
8559	0.7247	0.8057	0.5616
8560	0.7285	0.8089	0.5342
8561	0.7028	0.7939	0.5342
8562	0.7215	0.8105	0.5068
8563	0.7195	0.8102	0.4932
8564	0.7182	0.8069	0.5616
8565	0.7257	0.8144	0.4932
8566	0.7351	0.8144	0.4795
8567	0.6730	0.7597	0.5068
8568	0.6811	0.7675	0.4932
8569	0.6946	0.7892	0.4795
8570	0.7098	0.7891	0.5068
8571	0.7033	0.7953	0.4795
8572	0.6737	0.7656	0.5205
8573	0.6861	0.7786	0.5205
8574	0.6488	0.7336	0.5068
8575	0.6795	0.7670	0.4932
8576	0.7247	0.8140	0.5068
8577	0.7076	0.7970	0.5205
8578	0.7035	0.7846	0.5205
8579	0.6904	0.7706	0.4932
8580	0.6973	0.7770	0.5342
8581	0.7100	0.8002	0.5068
8582	0.6886	0.7809	0.5205
8583	0.7367	0.8140	0.5342
8584	0.7143	0.8043	0.5342
8585	0.7061	0.7901	0.5205
8586	0.7154	0.7967	0.4932
8587	0.7221	0.8111	0.5205
8588	0.7359	0.8192	0.5205
8589	0.7041	0.7943	0.4795
8590	0.7107	0.8034	0.5205
8591	0.7296	0.8177	0.5068
8592	0.7080	0.7937	0.5068
8593	0.6942	0.7852	0.5205
8594	0.7097	0.8024	0.5068
8595	0.7182	0.7966	0.5068
8596	0.7084	0.8022	0.5890
8597	0.6976	0.7826	0.5068
8598	0.7154	0.8086	0.5479
8599	0.7076	0.7908	0.4932
8600	0.7326	0.8244	0.5068
8601	0.7233	0.8142	0.4932
8602	0.7508	0.8331	0.5068
8603	0.7336	0.8260	0.4932
8604	0.6825	0.7743	0.5205
8605	0.7163	0.8084	0.5068
8606	0.6939	0.7861	0.5342
8607	0.6938	0.7757	0.4795
8608	0.7426	0.8303	0.5616
8609	0.7386	0.8297	0.5205
8610	0.6932	0.7783	0.4932
8611	0.7195	0.7982	0.5068
8612	0.6970	0.7874	0.5205
8613	0.6897	0.7802	0.5068
8614	0.6922	0.7832	0.5068
8615	0.7366	0.8190	0.5205
8616	0.6902	0.7807	0.5068
8617	0.6985	0.7890	0.4932
8618	0.6874	0.7782	0.5342
8619	0.6811	0.7766	0.5068
8620	0.7137	0.8059	0.4658
8621	0.7093	0.7914	0.5068
8622	0.7220	0.8021	0.5342
8623	0.7006	0.7835	0.5068
8624	0.6910	0.7730	0.4932
8625	0.6894	0.7832	0.4932
8626	0.7128	0.7911	0.5068
8627	0.7240	0.8060	0.4932
8628	0.6956	0.7876	0.5205
8629	0.6928	0.7794	0.4795
8630	0.7122	0.8022	0.5342
8631	0.7033	0.7830	0.5205
8632	0.7404	0.8313	0.5068
8633	0.7223	0.8036	0.5479
8634	0.6816	0.7759	0.5205
8635	0.6906	0.7818	0.5205
8636	0.6783	0.7613	0.5068
8637	0.6964	0.7887	0.4932
8638	0.6761	0.7681	0.4795
8639	0.7330	0.8206	0.4521
8640	0.7142	0.7987	0.5205
8641	0.7211	0.8062	0.5205
8642	0.7025	0.7885	0.5205
8643	0.6803	0.7615	0.4795
8644	0.7114	0.8032	0.4932
8645	0.6603	0.7453	0.5068
8646	0.7022	0.7816	0.4932
8647	0.7122	0.7939	0.5068
8648	0.6850	0.7713	0.5205
8649	0.7027	0.7959	0.5479
8650	0.6834	0.7642	0.5342
8651	0.7072	0.7992	0.4932
8652	0.7098	0.8011	0.5068
8653	0.7414	0.8327	0.4932
8654	0.7368	0.8274	0.5068
8655	0.7110	0.8025	0.5068
8656	0.6837	0.7701	0.4795
8657	0.6866	0.7726	0.4658
8658	0.7138	0.8054	0.5068
8659	0.6850	0.7658	0.4932
8660	0.7008	0.7803	0.5342
8661	0.6782	0.7729	0.5068
8662	0.7039	0.7893	0.4795
8663	0.6931	0.7835	0.5068
8664	0.6996	0.7858	0.5342
8665	0.6919	0.7859	0.5205
8666	0.6955	0.7750	0.5068
8667	0.7245	0.8018	0.5205
8668	0.7246	0.8087	0.4932
8669	0.7505	0.8334	0.4932
8670	0.6935	0.7859	0.5342
8671	0.7275	0.8169	0.4932
8672	0.7293	0.8205	0.4932
8673	0.7186	0.7970	0.5342
8674	0.7079	0.8001	0.5342
8675	0.7079	0.8003	0.5205
8676	0.7421	0.8299	0.5342
8677	0.7150	0.8053	0.5205
8678	0.6888	0.7801	0.5068
8679	0.7105	0.8042	0.5068
8680	0.7444	0.8359	0.5205
8681	0.7019	0.7853	0.4795
8682	0.6642	0.7578	0.4795
8683	0.7069	0.7921	0.4658
8684	0.7087	0.7979	0.5205
8685	0.7079	0.7936	0.5342
8686	0.7407	0.8245	0.4795
8687	0.7253	0.8053	0.5479
8688	0.7097	0.7882	0.5616
8689	0.6819	0.7766	0.5205
8690	0.6843	0.7700	0.5068
8691	0.7039	0.7940	0.5068
8692	0.6592	0.7543	0.4932
8693	0.7100	0.7919	0.5342
8694	0.7092	0.7874	0.4932
8695	0.7309	0.8078	0.4658
8696	0.7099	0.7890	0.5205
8697	0.7408	0.8242	0.5205
8698	0.6839	0.7677	0.5342
8699	0.6891	0.7796	0.4932
8700	0.6723	0.7534	0.4932
8701	0.6760	0.7566	0.4932
8702	0.6737	0.7687	0.5479
8703	0.7163	0.8009	0.5068
8704	0.6871	0.7777	0.5205
8705	0.6923	0.7872	0.5205
8706	0.7100	0.7891	0.4932
8707	0.7049	0.7901	0.5616
8708	0.7338	0.8213	0.4795
8709	0.7041	0.7892	0.5205
8710	0.6912	0.7713	0.4932
8711	0.6800	0.7735	0.5068
8712	0.6901	0.7771	0.4932
8713	0.7512	0.8379	0.5205
8714	0.6874	0.7744	0.5068
8715	0.7294	0.8137	0.5068
8716	0.6922	0.7745	0.5205
8717	0.6983	0.7892	0.5068
8718	0.6858	0.7807	0.5205
8719	0.7143	0.8035	0.5068
8720	0.7228	0.8039	0.4932
8721	0.7542	0.8410	0.4932
8722	0.7157	0.8004	0.5342
8723	0.7222	0.8102	0.5068
8724	0.7460	0.8249	0.5068
8725	0.6957	0.7860	0.5205
8726	0.6967	0.7914	0.5205
8727	0.6661	0.7508	0.4932
8728	0.7293	0.8071	0.5068
8729	0.6950	0.7781	0.5205
8730	0.7565	0.8466	0.5342
8731	0.7015	0.7932	0.5479
8732	0.7004	0.7933	0.4932
8733	0.6557	0.7441	0.5205
8734	0.6592	0.7412	0.4932
8735	0.6783	0.7709	0.5342
8736	0.6924	0.7786	0.4932
8737	0.7496	0.8405	0.4521
8738	0.7155	0.8045	0.4795
8739	0.6963	0.7762	0.4932
8740	0.7130	0.7974	0.5205
8741	0.7175	0.8064	0.5205
8742	0.7439	0.8317	0.5068
8743	0.7084	0.7937	0.4795
8744	0.7246	0.8085	0.4932
8745	0.6818	0.7658	0.4795
8746	0.6793	0.7604	0.5479
8747	0.6763	0.7682	0.5068
8748	0.6957	0.7757	0.5205
8749	0.6859	0.7695	0.5616
8750	0.7283	0.8177	0.4658
8751	0.6996	0.7942	0.5205
8752	0.7058	0.7910	0.5205
8753	0.6719	0.7573	0.5068
8754	0.7085	0.7940	0.5205
8755	0.6870	0.7820	0.5479
8756	0.6845	0.7798	0.4795
8757	0.6888	0.7833	0.4932
8758	0.7053	0.7966	0.5342
8759	0.7205	0.8101	0.5068
8760	0.7351	0.8261	0.4795
8761	0.7176	0.8087	0.4795
8762	0.7202	0.8036	0.5479
8763	0.7241	0.8016	0.5068
8764	0.7101	0.7920	0.5205
8765	0.7423	0.8325	0.4932
8766	0.6939	0.7849	0.5068
8767	0.7307	0.8212	0.5479
8768	0.7136	0.8060	0.5068
8769	0.7126	0.7943	0.5205
8770	0.7278	0.8185	0.4932
8771	0.6643	0.7528	0.5342
8772	0.6853	0.7658	0.5068
8773	0.6696	0.7565	0.5205
8774	0.7222	0.8005	0.5479
8775	0.6897	0.7728	0.5342
8776	0.6905	0.7740	0.5342
8777	0.7051	0.7967	0.5342
8778	0.7106	0.7915	0.5479
8779	0.7301	0.8140	0.5205
8780	0.7098	0.7998	0.4932
8781	0.7049	0.7975	0.4521
8782	0.7031	0.7858	0.5068
8783	0.6845	0.7755	0.4932
8784	0.7173	0.8017	0.5342
8785	0.6952	0.7788	0.4932
8786	0.7272	0.8088	0.4932
8787	0.6945	0.7847	0.5205
8788	0.7007	0.7803	0.5205
8789	0.7191	0.8031	0.5342
8790	0.6972	0.7889	0.5205
8791	0.7057	0.7849	0.5342
8792	0.7040	0.7851	0.5205
8793	0.6780	0.7720	0.5068
8794	0.7546	0.8451	0.5068
8795	0.7124	0.7912	0.5342
8796	0.7337	0.8235	0.4658
8797	0.7509	0.8337	0.5342
8798	0.7092	0.8017	0.5205
8799	0.7362	0.8135	0.5205
8800	0.7231	0.8141	0.5342
8801	0.7195	0.8106	0.4932
8802	0.6910	0.7831	0.4795
8803	0.6901	0.7742	0.5068
8804	0.6904	0.7806	0.5205
8805	0.7362	0.8190	0.5068
8806	0.6815	0.7734	0.5068
8807	0.7022	0.7940	0.5342
8808	0.7093	0.7983	0.5205
8809	0.7077	0.7966	0.5205
8810	0.7213	0.8143	0.4658
8811	0.7416	0.8283	0.5068
8812	0.6893	0.7688	0.5068
8813	0.7451	0.8340	0.5068
8814	0.7238	0.8058	0.4795
8815	0.7351	0.8128	0.4795
8816	0.7216	0.8100	0.4932
8817	0.7131	0.7972	0.4932
8818	0.6567	0.7517	0.5068
8819	0.7018	0.7878	0.5342
8820	0.7316	0.8091	0.6027
8821	0.6640	0.7516	0.5342
8822	0.6824	0.7684	0.5342
8823	0.7126	0.8060	0.5068
8824	0.7036	0.7927	0.4658
8825	0.6929	0.7832	0.4932
8826	0.6910	0.7731	0.5068
8827	0.6923	0.7717	0.5342
8828	0.6973	0.7772	0.5342
8829	0.7003	0.7836	0.4932
8830	0.7135	0.7988	0.5205
8831	0.7153	0.7976	0.4658
8832	0.7096	0.7923	0.5068
8833	0.7337	0.8220	0.5890
8834	0.7171	0.8013	0.5890
8835	0.7002	0.7903	0.5068
8836	0.6909	0.7762	0.5068
8837	0.6909	0.7818	0.5068
8838	0.7231	0.8129	0.4932
8839	0.7138	0.8028	0.5068
8840	0.7344	0.8228	0.4658
8841	0.7076	0.7919	0.4932
8842	0.7199	0.8094	0.5068
8843	0.7010	0.7867	0.5205
8844	0.7107	0.7898	0.4932
8845	0.7048	0.7945	0.5068
8846	0.7347	0.8253	0.5479
8847	0.6959	0.7815	0.5205
8848	0.7029	0.7891	0.5342
8849	0.7094	0.7937	0.5205
8850	0.7373	0.8283	0.4658
8851	0.6962	0.7894	0.4795
8852	0.7231	0.8033	0.4932
8853	0.7117	0.7933	0.5205
8854	0.6890	0.7758	0.4658
8855	0.7168	0.8100	0.4932
8856	0.6977	0.7898	0.5205
8857	0.7580	0.8469	0.4932
8858	0.7246	0.8088	0.5068
8859	0.7001	0.7902	0.4932
8860	0.7455	0.8371	0.4932
8861	0.6729	0.7537	0.4795
8862	0.7098	0.8030	0.5479
8863	0.7163	0.8008	0.5342
8864	0.7282	0.8203	0.5068
8865	0.7340	0.8114	0.5616
8866	0.7176	0.8082	0.5205
8867	0.7118	0.7909	0.5205
8868	0.6907	0.7846	0.4932
8869	0.6551	0.7480	0.5068
8870	0.7154	0.7989	0.5342
8871	0.7125	0.8055	0.5068
8872	0.7032	0.7879	0.4658
8873	0.6889	0.7839	0.5068
8874	0.6792	0.7715	0.4658
8875	0.7004	0.7904	0.5068
8876	0.6972	0.7919	0.5205
8877	0.7098	0.7888	0.5479
8878	0.7052	0.7945	0.5479
8879	0.7573	0.8439	0.5068
8880	0.6825	0.7778	0.4932
8881	0.6937	0.7836	0.5068
8882	0.6859	0.7703	0.4932
8883	0.6883	0.7828	0.5342
8884	0.7006	0.7949	0.5479
8885	0.7117	0.8012	0.5205
8886	0.7058	0.7905	0.5068
8887	0.6913	0.7716	0.5068
8888	0.7231	0.8116	0.5068
8889	0.7116	0.8015	0.5616
8890	0.6937	0.7766	0.4932
8891	0.6850	0.7713	0.4795
8892	0.6720	0.7599	0.5342
8893	0.6986	0.7911	0.4795
8894	0.6976	0.7901	0.5068
8895	0.7260	0.8103	0.4384
8896	0.7180	0.7993	0.4932
8897	0.7214	0.8126	0.5205
8898	0.6830	0.7766	0.5068
8899	0.6901	0.7704	0.5068
8900	0.7165	0.8062	0.5342
8901	0.7149	0.7964	0.5342
8902	0.6651	0.7603	0.4932
8903	0.7170	0.8094	0.4932
8904	0.6910	0.7740	0.5205
8905	0.7496	0.8297	0.4932
8906	0.6591	0.7450	0.5068
8907	0.6931	0.7851	0.5205
8908	0.7215	0.7990	0.4795
8909	0.7128	0.8019	0.5205
8910	0.7351	0.8259	0.5205
8911	0.6924	0.7835	0.5205
8912	0.7070	0.7964	0.4795
8913	0.7138	0.7963	0.4795
8914	0.7018	0.7809	0.5205
8915	0.7134	0.8064	0.5205
8916	0.6982	0.7913	0.5205
8917	0.7114	0.7942	0.5342
8918	0.7221	0.8117	0.4658
8919	0.6907	0.7767	0.4932
8920	0.7111	0.8034	0.4932
8921	0.7260	0.8143	0.5205
8922	0.7220	0.8113	0.5068
8923	0.6911	0.7811	0.5616
8924	0.7068	0.7925	0.4795
8925	0.6897	0.7819	0.5205
8926	0.6856	0.7764	0.5068
8927	0.6888	0.7799	0.5068
8928	0.7073	0.7859	0.4384
8929	0.6775	0.7641	0.5205
8930	0.7546	0.8430	0.4932
8931	0.7317	0.8197	0.5342
8932	0.7133	0.8068	0.5068
8933	0.7243	0.8090	0.5342
8934	0.7342	0.8172	0.6027
8935	0.7102	0.7912	0.5205
8936	0.7050	0.7947	0.5068
8937	0.6615	0.7430	0.5205
8938	0.7490	0.8311	0.5205
8939	0.7266	0.8169	0.5068
8940	0.7270	0.8182	0.5068
8941	0.7456	0.8218	0.4795
8942	0.6963	0.7905	0.5068
8943	0.7544	0.8431	0.5342
8944	0.6962	0.7906	0.4932
8945	0.7062	0.7964	0.5342
8946	0.6716	0.7594	0.4932
8947	0.7340	0.8173	0.4795
8948	0.7141	0.8032	0.5068
8949	0.6931	0.7848	0.5205
8950	0.7106	0.7937	0.5205
8951	0.6874	0.7818	0.5205
8952	0.6941	0.7858	0.4658
8953	0.6798	0.7666	0.4932
8954	0.6844	0.7650	0.5342
8955	0.7452	0.8280	0.4521
8956	0.7329	0.8102	0.5205
8957	0.6700	0.7647	0.5068
8958	0.7106	0.7946	0.4932
8959	0.7026	0.7861	0.5068
8960	0.7105	0.8007	0.4658
8961	0.6676	0.7544	0.5342
8962	0.7121	0.7903	0.4521
8963	0.7186	0.8098	0.4795
8964	0.6542	0.7475	0.5205
8965	0.7230	0.8123	0.5068
8966	0.7119	0.7967	0.4932
8967	0.7017	0.7840	0.4795
8968	0.7039	0.7976	0.4932
8969	0.7054	0.7915	0.5205
8970	0.7128	0.7980	0.4932
8971	0.6956	0.7777	0.4795
8972	0.7108	0.8004	0.5205
8973	0.7189	0.8093	0.5205
8974	0.6946	0.7776	0.4932
8975	0.7359	0.8133	0.5068
8976	0.7375	0.8212	0.4932
8977	0.6871	0.7792	0.4795
8978	0.7640	0.8451	0.4658
8979	0.7086	0.7927	0.5068
8980	0.7326	0.8100	0.5479
8981	0.7454	0.8278	0.4521
8982	0.7078	0.8018	0.5068
8983	0.7058	0.7951	0.4795
8984	0.7045	0.7839	0.5479
8985	0.7290	0.8195	0.5068
8986	0.6963	0.7864	0.5342
8987	0.6870	0.7715	0.5342
8988	0.7547	0.8371	0.5205
8989	0.7247	0.8129	0.5205
8990	0.7475	0.8303	0.5205
8991	0.7620	0.8499	0.4932
8992	0.7154	0.8003	0.5205
8993	0.6918	0.7784	0.5205
8994	0.7058	0.7915	0.5342
8995	0.6730	0.7575	0.4658
8996	0.7242	0.8151	0.5068
8997	0.6606	0.7549	0.5068
8998	0.7271	0.8193	0.5205
8999	0.7089	0.7987	0.4932
9000	0.7339	0.8132	0.4795
9001	0.7049	0.7950	0.4932
9002	0.6986	0.7915	0.5205
9003	0.7164	0.8007	0.4932
9004	0.6752	0.7662	0.4932
9005	0.6980	0.7808	0.5342
9006	0.7162	0.8068	0.5205
9007	0.6856	0.7796	0.4932
9008	0.6484	0.7381	0.5479
9009	0.7061	0.7853	0.5616
9010	0.6674	0.7626	0.4932
9011	0.7328	0.8227	0.5342
9012	0.7044	0.7896	0.5342
9013	0.7067	0.7856	0.4932
9014	0.6847	0.7797	0.5068
9015	0.6843	0.7761	0.5205
9016	0.7134	0.7915	0.5479
9017	0.7245	0.8157	0.4932
9018	0.7294	0.8177	0.5205
9019	0.6956	0.7783	0.5205
9020	0.7064	0.7990	0.5068
9021	0.6903	0.7762	0.4795
9022	0.6750	0.7625	0.5342
9023	0.6913	0.7768	0.5068
9024	0.7097	0.7880	0.5205
9025	0.7230	0.8113	0.5068
9026	0.7424	0.8193	0.4932
9027	0.6802	0.7613	0.4932
9028	0.7193	0.8090	0.5342
9029	0.7070	0.7966	0.5068
9030	0.6903	0.7816	0.4795
9031	0.7052	0.7965	0.4932
9032	0.7298	0.8136	0.5068
9033	0.6774	0.7613	0.5205
9034	0.7190	0.8091	0.5205
9035	0.7110	0.8008	0.5205
9036	0.6720	0.7584	0.5342
9037	0.6901	0.7704	0.5205
9038	0.7173	0.8088	0.5342
9039	0.6963	0.7899	0.5342
9040	0.7566	0.8430	0.5616
9041	0.7238	0.8143	0.5068
9042	0.7437	0.8339	0.4658
9043	0.6687	0.7501	0.5068
9044	0.7107	0.7896	0.5068
9045	0.6923	0.7822	0.4521
9046	0.6831	0.7755	0.4932
9047	0.7217	0.8001	0.5205
9048	0.7293	0.8216	0.5068
9049	0.7147	0.8040	0.5205
9050	0.7231	0.8078	0.5068
9051	0.7001	0.7861	0.5342
9052	0.6991	0.7886	0.5068
9053	0.7145	0.8079	0.5205
9054	0.6987	0.7900	0.5205
9055	0.7222	0.8001	0.5205
9056	0.6994	0.7792	0.5068
9057	0.7012	0.7941	0.5205
9058	0.7139	0.7984	0.5068
9059	0.6930	0.7726	0.5205
9060	0.7540	0.8449	0.5068
9061	0.7156	0.8044	0.5068
9062	0.7065	0.7908	0.4932
9063	0.6940	0.7806	0.5068
9064	0.6742	0.7550	0.5205
9065	0.6759	0.7695	0.5068
9066	0.7132	0.8022	0.5068
9067	0.6753	0.7605	0.4932
9068	0.6852	0.7805	0.5068
9069	0.6941	0.7799	0.4932
9070	0.7006	0.7947	0.5068
9071	0.7019	0.7865	0.5205
9072	0.6950	0.7895	0.5342
9073	0.7035	0.7881	0.4658
9074	0.6892	0.7721	0.5205
9075	0.7289	0.8215	0.4932
9076	0.6990	0.7842	0.4932
9077	0.6998	0.7814	0.5205
9078	0.6927	0.7789	0.4932
9079	0.7111	0.7953	0.5068
9080	0.7062	0.7953	0.5342
9081	0.7001	0.7853	0.4932
9082	0.6972	0.7828	0.5342
9083	0.7170	0.8067	0.4795
9084	0.7036	0.7957	0.5479
9085	0.6930	0.7844	0.5342
9086	0.7174	0.8023	0.5479
9087	0.7294	0.8123	0.5342
9088	0.6710	0.7590	0.4932
9089	0.7093	0.8024	0.5068
9090	0.7043	0.7962	0.5068
9091	0.6890	0.7802	0.5205
9092	0.6957	0.7884	0.5342
9093	0.7056	0.7958	0.5205
9094	0.7014	0.7952	0.5205
9095	0.7416	0.8292	0.5205
9096	0.7272	0.8106	0.5342
9097	0.7024	0.7926	0.5068
9098	0.7024	0.7964	0.5342
9099	0.7009	0.7861	0.4932
9100	0.7297	0.8071	0.5068
9101	0.6920	0.7833	0.5068
9102	0.7159	0.7967	0.5342
9103	0.6739	0.7620	0.5068
9104	0.7308	0.8144	0.4658
9105	0.7107	0.8020	0.5068
9106	0.7254	0.8028	0.4932
9107	0.7105	0.8023	0.5479
9108	0.7306	0.8123	0.4658
9109	0.6805	0.7614	0.5342
9110	0.6981	0.7806	0.5068
9111	0.7241	0.8019	0.5068
9112	0.7136	0.8035	0.5205
9113	0.7017	0.7880	0.5205
9114	0.6901	0.7840	0.5205
9115	0.6750	0.7676	0.5479
9116	0.7053	0.7955	0.5068
9117	0.7245	0.8129	0.4932
9118	0.7111	0.8036	0.5342
9119	0.6905	0.7735	0.4795
9120	0.6924	0.7775	0.4795
9121	0.7065	0.8001	0.5068
9122	0.7031	0.7945	0.5068
9123	0.6881	0.7795	0.4932
9124	0.6827	0.7765	0.4932
9125	0.7026	0.7929	0.5068
9126	0.6788	0.7649	0.5068
9127	0.6666	0.7611	0.4932
9128	0.7121	0.8055	0.4795
9129	0.7194	0.8119	0.5068
9130	0.7571	0.8381	0.5479
9131	0.7127	0.7933	0.4795
9132	0.7134	0.7922	0.4932
9133	0.6935	0.7791	0.4521
9134	0.7365	0.8139	0.5342
9135	0.7485	0.8355	0.4932
9136	0.6938	0.7794	0.4932
9137	0.7117	0.8053	0.4795
9138	0.7326	0.8247	0.5068
9139	0.6817	0.7628	0.5205
9140	0.6891	0.7825	0.4658
9141	0.7153	0.8006	0.5205
9142	0.7215	0.8137	0.4658
9143	0.7162	0.8011	0.5068
9144	0.6901	0.7827	0.5342
9145	0.7056	0.7953	0.4932
9146	0.7092	0.7882	0.5068
9147	0.7130	0.7936	0.5068
9148	0.7141	0.7957	0.5068
9149	0.6988	0.7816	0.5068
9150	0.7376	0.8200	0.5342
9151	0.6891	0.7723	0.5205
9152	0.6899	0.7724	0.5205
9153	0.7119	0.8020	0.5205
9154	0.6923	0.7847	0.5479
9155	0.6960	0.7796	0.4795
9156	0.7180	0.8072	0.5068
9157	0.6884	0.7750	0.4932
9158	0.7021	0.7817	0.5068
9159	0.7199	0.8129	0.6027
9160	0.7236	0.8048	0.5205
9161	0.7116	0.8005	0.5205
9162	0.6657	0.7475	0.5342
9163	0.7252	0.8174	0.4795
9164	0.7068	0.7900	0.5342
9165	0.7263	0.8082	0.5068
9166	0.6804	0.7756	0.5342
9167	0.6801	0.7678	0.5342
9168	0.6772	0.7688	0.5205
9169	0.7196	0.8103	0.4795
9170	0.7474	0.8342	0.4795
9171	0.7235	0.8080	0.4658
9172	0.6981	0.7842	0.5068
9173	0.7356	0.8239	0.4932
9174	0.7023	0.7927	0.5342
9175	0.6952	0.7863	0.4932
9176	0.7026	0.7967	0.5068
9177	0.7051	0.7956	0.4932
9178	0.6742	0.7610	0.5479
9179	0.7040	0.7940	0.5068
9180	0.7394	0.8204	0.5068
9181	0.6890	0.7796	0.5342
9182	0.7076	0.7862	0.5479
9183	0.7079	0.8011	0.5205
9184	0.7198	0.7981	0.5205
9185	0.6928	0.7863	0.5342
9186	0.7031	0.7928	0.5068
9187	0.7235	0.8077	0.5205
9188	0.7703	0.8577	0.4932
9189	0.6715	0.7580	0.5342
9190	0.7683	0.8575	0.5068
9191	0.7339	0.8240	0.5205
9192	0.7173	0.8015	0.5205
9193	0.7090	0.7990	0.5068
9194	0.6921	0.7852	0.4932
9195	0.7083	0.8003	0.5205
9196	0.6920	0.7751	0.5479
9197	0.6699	0.7660	0.5205
9198	0.7257	0.8063	0.4795
9199	0.7117	0.7905	0.5205
9200	0.7298	0.8185	0.5479
9201	0.7197	0.8118	0.4658
9202	0.7225	0.8115	0.4932
9203	0.7545	0.8368	0.5342
9204	0.7211	0.8056	0.5205
9205	0.7190	0.8077	0.5479
9206	0.6960	0.7885	0.5342
9207	0.7192	0.8029	0.5205
9208	0.6756	0.7608	0.5205
9209	0.7010	0.7922	0.4795
9210	0.7040	0.7900	0.5205
9211	0.7393	0.8272	0.5205
9212	0.7344	0.8221	0.5068
9213	0.7029	0.7878	0.4932
9214	0.7057	0.7956	0.4932
9215	0.7158	0.8071	0.4521
9216	0.6938	0.7841	0.4932
9217	0.7074	0.7898	0.4932
9218	0.6895	0.7814	0.5205
9219	0.7413	0.8304	0.4932
9220	0.6913	0.7817	0.4932
9221	0.6794	0.7713	0.5753
9222	0.6987	0.7813	0.5205
9223	0.7013	0.7847	0.5205
9224	0.7118	0.7907	0.5205
9225	0.7349	0.8257	0.4658
9226	0.7163	0.8069	0.4795
9227	0.7352	0.8145	0.5205
9228	0.7505	0.8288	0.5068
9229	0.7122	0.8054	0.5205
9230	0.7487	0.8252	0.5068
9231	0.6735	0.7589	0.4795
9232	0.6901	0.7843	0.4932
9233	0.6814	0.7687	0.5205
9234	0.7303	0.8208	0.4932
9235	0.7387	0.8195	0.5205
9236	0.6860	0.7777	0.5342
9237	0.7149	0.7964	0.5342
9238	0.7315	0.8108	0.4932
9239	0.6992	0.7908	0.5068
9240	0.7043	0.7986	0.5479
9241	0.6777	0.7605	0.5342
9242	0.6729	0.7692	0.5068
9243	0.7014	0.7867	0.5068
9244	0.7124	0.7911	0.4932
9245	0.7068	0.7961	0.5205
9246	0.7511	0.8343	0.5342
9247	0.7089	0.7945	0.4795
9248	0.6894	0.7830	0.5205
9249	0.7344	0.8261	0.5342
9250	0.7019	0.7842	0.5342
9251	0.6874	0.7786	0.4932
9252	0.6716	0.7527	0.5068
9253	0.7001	0.7913	0.5479
9254	0.7399	0.8270	0.5342
9255	0.6964	0.7791	0.5068
9256	0.7075	0.7923	0.5205
9257	0.6944	0.7852	0.5342
9258	0.6828	0.7629	0.5068
9259	0.7004	0.7903	0.5479
9260	0.7012	0.7827	0.4932
9261	0.6939	0.7882	0.5479
9262	0.7297	0.8184	0.4932
9263	0.7199	0.8110	0.4658
9264	0.6952	0.7811	0.5479
9265	0.7058	0.7880	0.5205
9266	0.7032	0.7881	0.4658
9267	0.7013	0.7955	0.5205
9268	0.7101	0.8028	0.5342
9269	0.7339	0.8218	0.5205
9270	0.7403	0.8283	0.5068
9271	0.6910	0.7858	0.5205
9272	0.7331	0.8100	0.4932
9273	0.6787	0.7695	0.5342
9274	0.6938	0.7842	0.5068
9275	0.6904	0.7706	0.4932
9276	0.7081	0.8006	0.4932
9277	0.7115	0.7907	0.5068
9278	0.7166	0.8020	0.5479
9279	0.7172	0.7998	0.4932
9280	0.7096	0.7939	0.5342
9281	0.7102	0.7891	0.4658
9282	0.7540	0.8410	0.4658
9283	0.7128	0.8028	0.5068
9284	0.6889	0.7746	0.5205
9285	0.7308	0.8085	0.4932
9286	0.6995	0.7939	0.4932
9287	0.6954	0.7890	0.5068
9288	0.6758	0.7600	0.4795
9289	0.7009	0.7942	0.4932
9290	0.7312	0.8236	0.4795
9291	0.7098	0.8021	0.5616
9292	0.7051	0.7958	0.5068
9293	0.7120	0.7935	0.5342
9294	0.7256	0.8072	0.4795
9295	0.6988	0.7925	0.5068
9296	0.6814	0.7622	0.5205
9297	0.6938	0.7803	0.5205
9298	0.6754	0.7699	0.5205
9299	0.7283	0.8173	0.4932
9300	0.6898	0.7848	0.5068
9301	0.7116	0.7957	0.4795
9302	0.7406	0.8171	0.5205
9303	0.7203	0.8092	0.4932
9304	0.7325	0.8208	0.5342
9305	0.7017	0.7960	0.5068
9306	0.7276	0.8190	0.5342
9307	0.7473	0.8362	0.5479
9308	0.7040	0.7955	0.4932
9309	0.7335	0.8242	0.4932
9310	0.6909	0.7767	0.4658
9311	0.7095	0.8020	0.4932
9312	0.7483	0.8316	0.4795
9313	0.6915	0.7717	0.5205
9314	0.6517	0.7442	0.5068
9315	0.6975	0.7910	0.4932
9316	0.7193	0.8087	0.5342
9317	0.6666	0.7625	0.5068
9318	0.7068	0.8004	0.5068
9319	0.6909	0.7844	0.4658
9320	0.7080	0.7900	0.5068
9321	0.7355	0.8268	0.5068
9322	0.6785	0.7742	0.4795
9323	0.7312	0.8230	0.4932
9324	0.7021	0.7922	0.5068
9325	0.6944	0.7805	0.5342
9326	0.7166	0.8097	0.5205
9327	0.7266	0.8039	0.4932
9328	0.6803	0.7640	0.5205
9329	0.7195	0.8081	0.5479
9330	0.7389	0.8160	0.4795
9331	0.6991	0.7810	0.5068
9332	0.7347	0.8181	0.5890
9333	0.6770	0.7609	0.5342
9334	0.7046	0.7880	0.5342
9335	0.6900	0.7837	0.5205
9336	0.7299	0.8205	0.5205
9337	0.7151	0.7957	0.5342
9338	0.7173	0.7990	0.5068
9339	0.7000	0.7931	0.4658
9340	0.6904	0.7842	0.5205
9341	0.7480	0.8386	0.4932
9342	0.6862	0.7688	0.4932
9343	0.7138	0.7986	0.5068
9344	0.7367	0.8284	0.5068
9345	0.6878	0.7806	0.4658
9346	0.6875	0.7705	0.5068
9347	0.7230	0.8114	0.5068
9348	0.7471	0.8338	0.4795
9349	0.7177	0.8090	0.5205
9350	0.6994	0.7855	0.5068
9351	0.7100	0.7945	0.5342
9352	0.7317	0.8194	0.4932
9353	0.6858	0.7810	0.4795
9354	0.7421	0.8191	0.5479
9355	0.7016	0.7940	0.4658
9356	0.6839	0.7676	0.5068
9357	0.7039	0.7861	0.4932
9358	0.6922	0.7753	0.5205
9359	0.7170	0.8088	0.4932
9360	0.7018	0.7959	0.5205
9361	0.6945	0.7876	0.5205
9362	0.7002	0.7904	0.4658
9363	0.7192	0.8009	0.5068
9364	0.6934	0.7832	0.4932
9365	0.7007	0.7856	0.5205
9366	0.6703	0.7515	0.4932
9367	0.6904	0.7826	0.5068
9368	0.7197	0.8002	0.4795
9369	0.7077	0.7934	0.5342
9370	0.7082	0.8020	0.5205
9371	0.7032	0.7863	0.4932
9372	0.7246	0.8164	0.4795
9373	0.7094	0.7996	0.5616
9374	0.6977	0.7839	0.5068
9375	0.7169	0.8088	0.5068
9376	0.6990	0.7894	0.4932
9377	0.6777	0.7689	0.5068
9378	0.7271	0.8100	0.5479
9379	0.6858	0.7714	0.4932
9380	0.7000	0.7897	0.4658
9381	0.6937	0.7756	0.5342
9382	0.7022	0.7837	0.4932
9383	0.6732	0.7545	0.5479
9384	0.7371	0.8172	0.5068
9385	0.6744	0.7670	0.4932
9386	0.6900	0.7813	0.4932
9387	0.7090	0.7918	0.5205
9388	0.7027	0.7965	0.4932
9389	0.7264	0.8040	0.5616
9390	0.7264	0.8167	0.5068
9391	0.6763	0.7681	0.5342
9392	0.7242	0.8168	0.5068
9393	0.7216	0.8050	0.5068
9394	0.7056	0.7904	0.4932
9395	0.7113	0.7966	0.5205
9396	0.6639	0.7595	0.5068
9397	0.7081	0.7911	0.5205
9398	0.6868	0.7820	0.5342
9399	0.7235	0.8161	0.5068
9400	0.7205	0.8014	0.5205
9401	0.7194	0.8086	0.4795
9402	0.6613	0.7435	0.5068
9403	0.7181	0.8089	0.4795
9404	0.7031	0.7954	0.5068
9405	0.7385	0.8264	0.5342
9406	0.7500	0.8290	0.5479
9407	0.7118	0.7907	0.5068
9408	0.7195	0.7978	0.4521
9409	0.7008	0.7832	0.4932
9410	0.7016	0.7928	0.5342
9411	0.7148	0.8045	0.5068
9412	0.6925	0.7747	0.4932
9413	0.6891	0.7799	0.5068
9414	0.7210	0.8096	0.5205
9415	0.7031	0.7826	0.5068
9416	0.6914	0.7861	0.4932
9417	0.7206	0.8119	0.5068
9418	0.7257	0.8166	0.4658
9419	0.7067	0.7961	0.5205
9420	0.7294	0.8072	0.4932
9421	0.7213	0.8026	0.5342
9422	0.6902	0.7724	0.5205
9423	0.7094	0.7920	0.5479
9424	0.7154	0.8073	0.5205
9425	0.7069	0.8007	0.5068
9426	0.6966	0.7892	0.4795
9427	0.7355	0.8130	0.4795
9428	0.7380	0.8217	0.5068
9429	0.7271	0.8116	0.5479
9430	0.6970	0.7825	0.4932
9431	0.7028	0.7886	0.4795
9432	0.6951	0.7781	0.4795
9433	0.7101	0.8002	0.5068
9434	0.7196	0.8040	0.4658
9435	0.6779	0.7713	0.5342
9436	0.6968	0.7814	0.5068
9437	0.7390	0.8162	0.5616
9438	0.7040	0.7890	0.5068
9439	0.7239	0.8068	0.5205
9440	0.6417	0.7379	0.5068
9441	0.7276	0.8163	0.4932
9442	0.7654	0.8459	0.5068
9443	0.7097	0.7949	0.5342
9444	0.7042	0.7975	0.5342
9445	0.7022	0.7858	0.5068
9446	0.7136	0.7989	0.5342
9447	0.7312	0.8222	0.5068
9448	0.7219	0.8109	0.4932
9449	0.7032	0.7968	0.5342
9450	0.6461	0.7343	0.5342
9451	0.6997	0.7850	0.5342
9452	0.7438	0.8264	0.4932
9453	0.7140	0.8071	0.5479
9454	0.7273	0.8182	0.5205
9455	0.6823	0.7778	0.4932
9456	0.6658	0.7595	0.5205
9457	0.7094	0.7915	0.5068
9458	0.7171	0.8068	0.5068
9459	0.6829	0.7739	0.5068
9460	0.7002	0.7829	0.5342
9461	0.7543	0.8363	0.4658
9462	0.7638	0.8537	0.4932
9463	0.6665	0.7599	0.5342
9464	0.7129	0.8027	0.4795
9465	0.6966	0.7761	0.5342
9466	0.7258	0.8163	0.5479
9467	0.7008	0.7803	0.5479
9468	0.7306	0.8215	0.4658
9469	0.7118	0.7937	0.5479
9470	0.7232	0.8114	0.4795
9471	0.7037	0.7952	0.5068
9472	0.6987	0.7817	0.4932
9473	0.7010	0.7914	0.5205
9474	0.6788	0.7709	0.4795
9475	0.6913	0.7744	0.5205
9476	0.7283	0.8125	0.5205
9477	0.7159	0.8046	0.5068
9478	0.7138	0.7926	0.5205
9479	0.6972	0.7878	0.5205
9480	0.7109	0.7920	0.4521
9481	0.7224	0.8047	0.4658
9482	0.6951	0.7819	0.5342
9483	0.6992	0.7930	0.5205
9484	0.7161	0.8081	0.4932
9485	0.6696	0.7653	0.5205
9486	0.7139	0.8055	0.4932
9487	0.7039	0.7834	0.5342
9488	0.7271	0.8089	0.5205
9489	0.7038	0.7857	0.5205
9490	0.7148	0.7953	0.5205
9491	0.7078	0.7895	0.4932
9492	0.6901	0.7701	0.4932
9493	0.7279	0.8079	0.4658
9494	0.6924	0.7783	0.4932
9495	0.7362	0.8204	0.4658
9496	0.7052	0.7884	0.5068
9497	0.6870	0.7813	0.4932
9498	0.6796	0.7671	0.5068
9499	0.7289	0.8192	0.4384
9500	0.6709	0.7634	0.5342
9501	0.8009	0.8766	0.5205
9502	0.7027	0.7965	0.5205
9503	0.6957	0.7854	0.5342
9504	0.7058	0.7990	0.5342
9505	0.7108	0.8025	0.4795
9506	0.7014	0.7937	0.5479
9507	0.7262	0.8059	0.4658
9508	0.7034	0.7961	0.4932
9509	0.7106	0.8043	0.5068
9510	0.7021	0.7844	0.4932
9511	0.6938	0.7848	0.5068
9512	0.6901	0.7736	0.5205
9513	0.6985	0.7782	0.5342
9514	0.7004	0.7909	0.4932
9515	0.6934	0.7798	0.5068
9516	0.7085	0.7984	0.4795
9517	0.6905	0.7808	0.5068
9518	0.6900	0.7807	0.5205
9519	0.6990	0.7839	0.4932
9520	0.7079	0.8016	0.5616
9521	0.7255	0.8091	0.4932
9522	0.7185	0.8035	0.5205
9523	0.7281	0.8187	0.4795
9524	0.7152	0.8043	0.4932
9525	0.7246	0.8167	0.5479
9526	0.6942	0.7775	0.4795
9527	0.6835	0.7755	0.5342
9528	0.7122	0.7958	0.4795
9529	0.7020	0.7815	0.5205
9530	0.7198	0.8108	0.4658
9531	0.6891	0.7722	0.5342
9532	0.7364	0.8137	0.5205
9533	0.7018	0.7873	0.5205
9534	0.7145	0.8040	0.4932
9535	0.6659	0.7581	0.4932
9536	0.7032	0.7854	0.5205
9537	0.6976	0.7913	0.4932
9538	0.7192	0.8106	0.5068
9539	0.6976	0.7879	0.5342
9540	0.7182	0.8078	0.4658
9541	0.6997	0.7939	0.5205
9542	0.6932	0.7761	0.4658
9543	0.7103	0.8042	0.5616
9544	0.6802	0.7715	0.5479
9545	0.7051	0.7956	0.5068
9546	0.6867	0.7709	0.5342
9547	0.7218	0.8148	0.5616
9548	0.6903	0.7734	0.5342
9549	0.7354	0.8127	0.4932
9550	0.7056	0.7986	0.5479
9551	0.7186	0.8073	0.5068
9552	0.6749	0.7707	0.5342
9553	0.6903	0.7827	0.5205
9554	0.6891	0.7797	0.5068
9555	0.6966	0.7797	0.5068
9556	0.7008	0.7913	0.5205
9557	0.7025	0.7815	0.5342
9558	0.7187	0.8071	0.5479
9559	0.7478	0.8266	0.4795
9560	0.7018	0.7921	0.4795
9561	0.6697	0.7571	0.5479
9562	0.6941	0.7741	0.5479
9563	0.7082	0.8020	0.4932
9564	0.6886	0.7751	0.5342
9565	0.7067	0.7891	0.5205
9566	0.7089	0.7939	0.5205
9567	0.7066	0.7905	0.4932
9568	0.7061	0.7902	0.5068
9569	0.7295	0.8207	0.5205
9570	0.6948	0.7778	0.5342
9571	0.7230	0.8115	0.4932
9572	0.7274	0.8048	0.5205
9573	0.7072	0.8009	0.5205
9574	0.6832	0.7690	0.4795
9575	0.6988	0.7902	0.4932
9576	0.6734	0.7657	0.5342
9577	0.7056	0.7905	0.5342
9578	0.7282	0.8119	0.5205
9579	0.6924	0.7858	0.5068
9580	0.7143	0.7959	0.5479
9581	0.7202	0.8091	0.4384
9582	0.7141	0.8033	0.5068
9583	0.6951	0.7892	0.5068
9584	0.7048	0.7945	0.4932
9585	0.7227	0.8141	0.4795
9586	0.7024	0.7821	0.4932
9587	0.7155	0.7937	0.5342
9588	0.7113	0.8049	0.4932
9589	0.6861	0.7694	0.5342
9590	0.6887	0.7814	0.5205
9591	0.6796	0.7709	0.4658
9592	0.6758	0.7670	0.5205
9593	0.6901	0.7768	0.5068
9594	0.7174	0.7988	0.4795
9595	0.6974	0.7881	0.4932
9596	0.7133	0.7972	0.5068
9597	0.6868	0.7705	0.5205
9598	0.6916	0.7865	0.4658
9599	0.7127	0.8036	0.4932
9600	0.7598	0.8352	0.5890
9601	0.7047	0.7952	0.5205
9602	0.7256	0.8030	0.4932
9603	0.7012	0.7953	0.4932
9604	0.6927	0.7871	0.4932
9605	0.7045	0.7837	0.5205
9606	0.7451	0.8344	0.5068
9607	0.7393	0.8309	0.5068
9608	0.7148	0.8044	0.4932
9609	0.7492	0.8383	0.5205
9610	0.7258	0.8174	0.5342
9611	0.7045	0.7899	0.5068
9612	0.6961	0.7862	0.5342
9613	0.7239	0.8020	0.4932
9614	0.7125	0.8017	0.5205
9615	0.7114	0.7962	0.5068
9616	0.6950	0.7895	0.5479
9617	0.7034	0.7824	0.5205
9618	0.6797	0.7735	0.5068
9619	0.6986	0.7839	0.5342
9620	0.7311	0.8083	0.5616
9621	0.7175	0.8073	0.5342
9622	0.6971	0.7799	0.5205
9623	0.7127	0.7979	0.5068
9624	0.6946	0.7892	0.5068
9625	0.7458	0.8257	0.5616
9626	0.7218	0.8002	0.5068
9627	0.7111	0.7948	0.4932
9628	0.6956	0.7814	0.5342
9629	0.6928	0.7762	0.4795
9630	0.6795	0.7751	0.5205
9631	0.6684	0.7635	0.5068
9632	0.7125	0.7979	0.5342
9633	0.7291	0.8124	0.5205
9634	0.7232	0.8074	0.5205
9635	0.7050	0.7904	0.5068
9636	0.7387	0.8224	0.4658
9637	0.7136	0.8036	0.5205
9638	0.6559	0.7485	0.5342
9639	0.7470	0.8302	0.5205
9640	0.7491	0.8403	0.4932
9641	0.6976	0.7773	0.5205
9642	0.6958	0.7757	0.5205
9643	0.6845	0.7760	0.5068
9644	0.7140	0.8067	0.5068
9645	0.6806	0.7752	0.4795
9646	0.7158	0.8083	0.4795
9647	0.7113	0.8047	0.5753
9648	0.6875	0.7793	0.5205
9649	0.6782	0.7611	0.4932
9650	0.6940	0.7797	0.5342
9651	0.7067	0.8002	0.5479
9652	0.6985	0.7839	0.4932
9653	0.7076	0.7896	0.5342
9654	0.7006	0.7949	0.4795
9655	0.7206	0.8102	0.4795
9656	0.6911	0.7742	0.5205
9657	0.6989	0.7914	0.5205
9658	0.6945	0.7809	0.4932
9659	0.6932	0.7845	0.5068
9660	0.7059	0.7881	0.5068
9661	0.6756	0.7696	0.4932
9662	0.7287	0.8188	0.4932
9663	0.7244	0.8170	0.4795
9664	0.6988	0.7841	0.4795
9665	0.7350	0.8240	0.4658
9666	0.7007	0.7911	0.4932
9667	0.7084	0.7872	0.5479
9668	0.7370	0.8247	0.5068
9669	0.6897	0.7828	0.5068
9670	0.7073	0.7931	0.5068
9671	0.6897	0.7847	0.4932
9672	0.6862	0.7768	0.4932
9673	0.7114	0.8011	0.4795
9674	0.7222	0.8148	0.5068
9675	0.7110	0.7927	0.4932
9676	0.7388	0.8260	0.5342
9677	0.6940	0.7884	0.5205
9678	0.7112	0.8010	0.5068
9679	0.6703	0.7547	0.4795
9680	0.7252	0.8152	0.5342
9681	0.7251	0.8139	0.4932
9682	0.7260	0.8141	0.4795
9683	0.7472	0.8239	0.5068
9684	0.7406	0.8235	0.5342
9685	0.7014	0.7956	0.5205
9686	0.6951	0.7787	0.5068
9687	0.6818	0.7647	0.5068
9688	0.6813	0.7724	0.5068
9689	0.7136	0.8049	0.4658
9690	0.7257	0.8135	0.4658
9691	0.6966	0.7830	0.4932
9692	0.7010	0.7834	0.4932
9693	0.7192	0.8098	0.5068
9694	0.6971	0.7788	0.5205
9695	0.7442	0.8261	0.4932
9696	0.6983	0.7890	0.4932
9697	0.7273	0.8052	0.5479
9698	0.7451	0.8279	0.4795
9699	0.7003	0.7942	0.5068
9700	0.6767	0.7619	0.4795
9701	0.6700	0.7655	0.5342
9702	0.7362	0.8278	0.5068
9703	0.7442	0.8321	0.5342
9704	0.7097	0.7888	0.5068
9705	0.6847	0.7799	0.5068
9706	0.6962	0.7904	0.5068
9707	0.7290	0.8204	0.4932
9708	0.7155	0.7934	0.5205
9709	0.7408	0.8288	0.4932
9710	0.6804	0.7612	0.4932
9711	0.6928	0.7759	0.4932
9712	0.7100	0.8002	0.5342
9713	0.7078	0.8019	0.5342
9714	0.7307	0.8147	0.5616
9715	0.6981	0.7778	0.4932
9716	0.6933	0.7792	0.4521
9717	0.6878	0.7792	0.5342
9718	0.6944	0.7848	0.5205
9719	0.7253	0.8089	0.4932
9720	0.7086	0.8020	0.5342
9721	0.6850	0.7687	0.4795
9722	0.6992	0.7921	0.5068
9723	0.6998	0.7860	0.5068
9724	0.7271	0.8101	0.4658
9725	0.7406	0.8295	0.5479
9726	0.7235	0.8035	0.4795
9727	0.7515	0.8346	0.5342
9728	0.7169	0.8019	0.4795
9729	0.6998	0.7906	0.4795
9730	0.6906	0.7775	0.5479
9731	0.7428	0.8338	0.4658
9732	0.7440	0.8274	0.5068
9733	0.7189	0.8077	0.4932
9734	0.7094	0.7924	0.5068
9735	0.6623	0.7474	0.5342
9736	0.7061	0.7911	0.4795
9737	0.7078	0.7981	0.5068
9738	0.7000	0.7913	0.5479
9739	0.7085	0.8019	0.5205
9740	0.6797	0.7654	0.5342
9741	0.7389	0.8164	0.5205
9742	0.7111	0.8003	0.4795
9743	0.6740	0.7613	0.4932
9744	0.7127	0.7912	0.5205
9745	0.6932	0.7761	0.5068
9746	0.7116	0.7957	0.4521
9747	0.7158	0.7963	0.5479
9748	0.7078	0.7985	0.4932
9749	0.6968	0.7911	0.5342
9750	0.7299	0.8213	0.4795
9751	0.6966	0.7871	0.4932
9752	0.6743	0.7663	0.5205
9753	0.6710	0.7576	0.5068
9754	0.7075	0.7866	0.5068
9755	0.6991	0.7888	0.5068
9756	0.7243	0.8044	0.4795
9757	0.7289	0.8068	0.5205
9758	0.7063	0.7999	0.5068
9759	0.6562	0.7416	0.5342
9760	0.6984	0.7917	0.5205
9761	0.7351	0.8261	0.4658
9762	0.7065	0.7910	0.4795
9763	0.7262	0.8102	0.4795
9764	0.7034	0.7885	0.5205
9765	0.7305	0.8110	0.5205
9766	0.7451	0.8280	0.4795
9767	0.7153	0.8063	0.5068
9768	0.7016	0.7955	0.4795
9769	0.6850	0.7656	0.5068
9770	0.7232	0.8077	0.5068
9771	0.6716	0.7637	0.5753
9772	0.7442	0.8353	0.5479
9773	0.7346	0.8268	0.5205
9774	0.6780	0.7593	0.5342
9775	0.7048	0.7906	0.5068
9776	0.6773	0.7705	0.4932
9777	0.6759	0.7671	0.5479
9778	0.7297	0.8113	0.5205
9779	0.6754	0.7594	0.5068
9780	0.6845	0.7712	0.4932
9781	0.6786	0.7635	0.4932
9782	0.6885	0.7832	0.5205
9783	0.6902	0.7828	0.4932
9784	0.7037	0.7963	0.5205
9785	0.7274	0.8177	0.4932
9786	0.6993	0.7818	0.4932
9787	0.6977	0.7894	0.4658
9788	0.6696	0.7574	0.5205
9789	0.7129	0.7936	0.4932
9790	0.6993	0.7888	0.5068
9791	0.6664	0.7514	0.5342
9792	0.7326	0.8132	0.5342
9793	0.6901	0.7736	0.4658
9794	0.6644	0.7463	0.5068
9795	0.7224	0.8006	0.4932
9796	0.6803	0.7716	0.5205
9797	0.7117	0.7936	0.5479
9798	0.7045	0.7904	0.4658
9799	0.7174	0.8091	0.4795
9800	0.7609	0.8478	0.4932
9801	0.7036	0.7959	0.5068
9802	0.7158	0.8012	0.4795
9803	0.7444	0.8316	0.5068
9804	0.6817	0.7774	0.4795
9805	0.7254	0.8138	0.5205
9806	0.6886	0.7791	0.4932
9807	0.6692	0.7576	0.5068
9808	0.7147	0.7954	0.4795
9809	0.7120	0.8010	0.5068
9810	0.7038	0.7961	0.5342
9811	0.7182	0.8033	0.5205
9812	0.7178	0.8016	0.4932
9813	0.6981	0.7926	0.5205
9814	0.6905	0.7832	0.5479
9815	0.6997	0.7922	0.5342
9816	0.7353	0.8146	0.4795
9817	0.6856	0.7781	0.4932
9818	0.7396	0.8223	0.5342
9819	0.7300	0.8076	0.5342
9820	0.7217	0.8047	0.5205
9821	0.7220	0.8042	0.4932
9822	0.7165	0.7970	0.5068
9823	0.7102	0.7931	0.5068
9824	0.7310	0.8225	0.5205
9825	0.7167	0.8010	0.4932
9826	0.6977	0.7838	0.5342
9827	0.7184	0.8090	0.5205
9828	0.6998	0.7937	0.4795
9829	0.7090	0.7881	0.5068
9830	0.7317	0.8206	0.4795
9831	0.6893	0.7803	0.5205
9832	0.7290	0.8195	0.5205
9833	0.6986	0.7805	0.5205
9834	0.7346	0.8175	0.5205
9835	0.6702	0.7574	0.5342
9836	0.7100	0.8031	0.5068
9837	0.7529	0.8291	0.4932
9838	0.7392	0.8155	0.4658
9839	0.7017	0.7959	0.5342
9840	0.7358	0.8257	0.5068
9841	0.7023	0.7878	0.5342
9842	0.6950	0.7853	0.4658
9843	0.7000	0.7815	0.5205
9844	0.7334	0.8171	0.4795
9845	0.7140	0.7985	0.5205
9846	0.6848	0.7707	0.5068
9847	0.7477	0.8268	0.5342
9848	0.7373	0.8213	0.4932
9849	0.6998	0.7903	0.4658
9850	0.6752	0.7600	0.5342
9851	0.6897	0.7729	0.4795
9852	0.6916	0.7744	0.5068
9853	0.7151	0.8084	0.4795
9854	0.7192	0.8078	0.4932
9855	0.6657	0.7578	0.5342
9856	0.7297	0.8208	0.5479
9857	0.7093	0.8027	0.4795
9858	0.7094	0.8027	0.5205
9859	0.7126	0.7962	0.5342
9860	0.6960	0.7902	0.4795
9861	0.7176	0.8104	0.4932
9862	0.6800	0.7756	0.5068
9863	0.7045	0.7946	0.5479
9864	0.6805	0.7669	0.5616
9865	0.6835	0.7705	0.4932
9866	0.6966	0.7823	0.5205
9867	0.6972	0.7900	0.5068
9868	0.6953	0.7770	0.5068
9869	0.7392	0.8195	0.5205
9870	0.7201	0.8105	0.5342
9871	0.7059	0.7949	0.5205
9872	0.6718	0.7584	0.5068
9873	0.6874	0.7822	0.5342
9874	0.7040	0.7902	0.4795
9875	0.7394	0.8195	0.5342
9876	0.6984	0.7915	0.5205
9877	0.6867	0.7700	0.4795
9878	0.6865	0.7816	0.5068
9879	0.7586	0.8471	0.5479
9880	0.7052	0.7947	0.4932
9881	0.7133	0.7951	0.4795
9882	0.7168	0.8096	0.4795
9883	0.6702	0.7622	0.5342
9884	0.7544	0.8356	0.5479
9885	0.7195	0.8091	0.5479
9886	0.7040	0.7938	0.4932
9887	0.6927	0.7730	0.5342
9888	0.7377	0.8200	0.4658
9889	0.7236	0.8012	0.4795
9890	0.6949	0.7852	0.5205
9891	0.7026	0.7838	0.5342
9892	0.6965	0.7804	0.4795
9893	0.7073	0.7923	0.5205
9894	0.7499	0.8372	0.4932
9895	0.6775	0.7705	0.5342
9896	0.7317	0.8133	0.5342
9897	0.7142	0.7966	0.4795
9898	0.7414	0.8291	0.5342
9899	0.6848	0.7791	0.5068
9900	0.7093	0.7925	0.4521
9901	0.7188	0.7974	0.5342
9902	0.7186	0.8029	0.5068
9903	0.7134	0.8050	0.5479
9904	0.7239	0.8014	0.4932
9905	0.7069	0.7913	0.4932
9906	0.7282	0.8174	0.5479
9907	0.7203	0.8115	0.5205
9908	0.6757	0.7586	0.5205
9909	0.7001	0.7934	0.5205
9910	0.7426	0.8323	0.5479
9911	0.7198	0.8033	0.5068
9912	0.6843	0.7689	0.4795
9913	0.6930	0.7829	0.4795
9914	0.6836	0.7743	0.5068
9915	0.7181	0.8086	0.5205
9916	0.7178	0.7955	0.5068
9917	0.7340	0.8216	0.5068
9918	0.7141	0.8032	0.5068
9919	0.7228	0.8114	0.4658
9920	0.7008	0.7832	0.4932
9921	0.6910	0.7831	0.5068
9922	0.7310	0.8117	0.5205
9923	0.7177	0.8106	0.4932
9924	0.6706	0.7520	0.4932
9925	0.6954	0.7821	0.5342
9926	0.6951	0.7798	0.5342
9927	0.6929	0.7853	0.4795
9928	0.7386	0.8258	0.5205
9929	0.7602	0.8388	0.5616
9930	0.7043	0.7945	0.5205
9931	0.7126	0.8061	0.5068
9932	0.7661	0.8534	0.5616
9933	0.7124	0.7973	0.5479
9934	0.6809	0.7686	0.5342
9935	0.7003	0.7867	0.4658
9936	0.6907	0.7770	0.5342
9937	0.7408	0.8177	0.4932
9938	0.6984	0.7835	0.5342
9939	0.7184	0.8102	0.4521
9940	0.7168	0.8072	0.5068
9941	0.7190	0.8079	0.4795
9942	0.6935	0.7801	0.5342
9943	0.6888	0.7691	0.5205
9944	0.6841	0.7647	0.4932
9945	0.6885	0.7741	0.5068
9946	0.7171	0.8008	0.4932
9947	0.7016	0.7875	0.5479
9948	0.6724	0.7657	0.4658
9949	0.6820	0.7775	0.5205
9950	0.7336	0.8254	0.5068
9951	0.7274	0.8055	0.5068
9952	0.6942	0.7798	0.5205
9953	0.7015	0.7950	0.4932
9954	0.6913	0.7860	0.5205
9955	0.6909	0.7770	0.5753
9956	0.6890	0.7837	0.5342
9957	0.7154	0.8084	0.5068
9958	0.6966	0.7872	0.5205
9959	0.7575	0.8451	0.5479
9960	0.7383	0.8154	0.5342
9961	0.6849	0.7784	0.4795
9962	0.6919	0.7825	0.5068
9963	0.7524	0.8387	0.5342
9964	0.6921	0.7787	0.4658
9965	0.7016	0.7842	0.5068
9966	0.7497	0.8261	0.5479
9967	0.6789	0.7629	0.4795
9968	0.7162	0.8092	0.4932
9969	0.7085	0.7995	0.5068
9970	0.7201	0.7982	0.4247
9971	0.7163	0.8047	0.5205
9972	0.6996	0.7901	0.5068
9973	0.6847	0.7690	0.5068
9974	0.6965	0.7792	0.5068
9975	0.7211	0.8012	0.4795
9976	0.7034	0.7885	0.5205
9977	0.6979	0.7778	0.4932
9978	0.6979	0.7818	0.5342
9979	0.7212	0.8025	0.5342
9980	0.6875	0.7789	0.5205
9981	0.7067	0.7985	0.4795
9982	0.7181	0.8110	0.5068
9983	0.6981	0.7835	0.5616
9984	0.6857	0.7795	0.5342
9985	0.6798	0.7607	0.4932
9986	0.6991	0.7904	0.5342
9987	0.7025	0.7928	0.5068
9988	0.7224	0.8113	0.4658
9989	0.6938	0.7885	0.5342
9990	0.7101	0.7929	0.5068
9991	0.7028	0.7861	0.5205
9992	0.7266	0.8064	0.5205
9993	0.6956	0.7897	0.4932
9994	0.7038	0.7826	0.5068
9995	0.7369	0.8202	0.5342
9996	0.7308	0.8224	0.5068
9997	0.7394	0.8190	0.5342
9998	0.7035	0.7958	0.5342
9999	0.7164	0.8011	0.5068
10000	0.7001	0.7934	0.5342
